solid 
 facet normal -9.937132e-01  1.119556e-01  0.000000e+00
   outer loop
     vertex  5.029819e-01 -5.774703e-01  5.100000e-01
     vertex  5.005000e-01 -5.995000e-01  5.100000e-01
     vertex  5.005000e-01 -5.995000e-01  5.450000e-01
   endloop
 endfacet
 facet normal -9.937132e-01  1.119556e-01  0.000000e+00
   outer loop
     vertex  5.029819e-01 -5.774703e-01  5.100000e-01
     vertex  5.005000e-01 -5.995000e-01  5.450000e-01
     vertex  5.029819e-01 -5.774703e-01  5.450000e-01
   endloop
 endfacet
 facet normal -9.438853e-01  3.302734e-01  0.000000e+00
   outer loop
     vertex  5.103038e-01 -5.565453e-01  5.100000e-01
     vertex  5.029819e-01 -5.774703e-01  5.450000e-01
     vertex  5.103038e-01 -5.565453e-01  5.450000e-01
   endloop
 endfacet
 facet normal -9.438853e-01  3.302734e-01  0.000000e+00
   outer loop
     vertex  5.103038e-01 -5.565453e-01  5.100000e-01
     vertex  5.029819e-01 -5.774703e-01  5.100000e-01
     vertex  5.029819e-01 -5.774703e-01  5.450000e-01
   endloop
 endfacet
 facet normal -8.467258e-01  5.320296e-01  0.000000e+00
   outer loop
     vertex  5.220984e-01 -5.377742e-01  5.100000e-01
     vertex  5.103038e-01 -5.565453e-01  5.450000e-01
     vertex  5.220984e-01 -5.377742e-01  5.450000e-01
   endloop
 endfacet
 facet normal -8.467258e-01  5.320296e-01  0.000000e+00
   outer loop
     vertex  5.220984e-01 -5.377742e-01  5.100000e-01
     vertex  5.103038e-01 -5.565453e-01  5.100000e-01
     vertex  5.103038e-01 -5.565453e-01  5.450000e-01
   endloop
 endfacet
 facet normal -7.071068e-01  7.071068e-01  0.000000e+00
   outer loop
     vertex  5.377742e-01 -5.220984e-01  5.100000e-01
     vertex  5.220984e-01 -5.377742e-01  5.450000e-01
     vertex  5.377742e-01 -5.220984e-01  5.450000e-01
   endloop
 endfacet
 facet normal -7.071068e-01  7.071068e-01  0.000000e+00
   outer loop
     vertex  5.377742e-01 -5.220984e-01  5.100000e-01
     vertex  5.220984e-01 -5.377742e-01  5.100000e-01
     vertex  5.220984e-01 -5.377742e-01  5.450000e-01
   endloop
 endfacet
 facet normal -5.320296e-01  8.467258e-01  0.000000e+00
   outer loop
     vertex  5.565453e-01 -5.103038e-01  5.100000e-01
     vertex  5.377742e-01 -5.220984e-01  5.450000e-01
     vertex  5.565453e-01 -5.103038e-01  5.450000e-01
   endloop
 endfacet
 facet normal -5.320296e-01  8.467258e-01  0.000000e+00
   outer loop
     vertex  5.565453e-01 -5.103038e-01  5.100000e-01
     vertex  5.377742e-01 -5.220984e-01  5.100000e-01
     vertex  5.377742e-01 -5.220984e-01  5.450000e-01
   endloop
 endfacet
 facet normal -3.302734e-01  9.438853e-01  0.000000e+00
   outer loop
     vertex  5.774703e-01 -5.029819e-01  5.100000e-01
     vertex  5.565453e-01 -5.103038e-01  5.450000e-01
     vertex  5.774703e-01 -5.029819e-01  5.450000e-01
   endloop
 endfacet
 facet normal -3.302734e-01  9.438853e-01  0.000000e+00
   outer loop
     vertex  5.774703e-01 -5.029819e-01  5.100000e-01
     vertex  5.565453e-01 -5.103038e-01  5.100000e-01
     vertex  5.565453e-01 -5.103038e-01  5.450000e-01
   endloop
 endfacet
 facet normal -1.119556e-01  9.937132e-01  0.000000e+00
   outer loop
     vertex  5.995000e-01 -5.005000e-01  5.100000e-01
     vertex  5.774703e-01 -5.029819e-01  5.450000e-01
     vertex  5.995000e-01 -5.005000e-01  5.450000e-01
   endloop
 endfacet
 facet normal -1.119556e-01  9.937132e-01  0.000000e+00
   outer loop
     vertex  5.995000e-01 -5.005000e-01  5.100000e-01
     vertex  5.774703e-01 -5.029819e-01  5.100000e-01
     vertex  5.774703e-01 -5.029819e-01  5.450000e-01
   endloop
 endfacet
 facet normal -3.008694e-18  1.000000e+00  0.000000e+00
   outer loop
     vertex  7.440050e+01 -5.005000e-01  5.450000e-01
     vertex  5.995000e-01 -5.005000e-01  5.100000e-01
     vertex  5.995000e-01 -5.005000e-01  5.450000e-01
   endloop
 endfacet
 facet normal -3.008694e-18  1.000000e+00  0.000000e+00
   outer loop
     vertex  7.440050e+01 -5.005000e-01  5.100000e-01
     vertex  5.995000e-01 -5.005000e-01  5.100000e-01
     vertex  7.440050e+01 -5.005000e-01  5.450000e-01
   endloop
 endfacet
 facet normal  1.119556e-01  9.937132e-01  0.000000e+00
   outer loop
     vertex  7.442253e+01 -5.029819e-01  5.100000e-01
     vertex  7.440050e+01 -5.005000e-01  5.100000e-01
     vertex  7.440050e+01 -5.005000e-01  5.450000e-01
   endloop
 endfacet
 facet normal  1.119556e-01  9.937132e-01 -0.000000e+00
   outer loop
     vertex  7.442253e+01 -5.029819e-01  5.100000e-01
     vertex  7.440050e+01 -5.005000e-01  5.450000e-01
     vertex  7.442253e+01 -5.029819e-01  5.450000e-01
   endloop
 endfacet
 facet normal  3.302734e-01  9.438853e-01 -0.000000e+00
   outer loop
     vertex  7.444345e+01 -5.103038e-01  5.100000e-01
     vertex  7.442253e+01 -5.029819e-01  5.450000e-01
     vertex  7.444345e+01 -5.103038e-01  5.450000e-01
   endloop
 endfacet
 facet normal  3.302734e-01  9.438853e-01  0.000000e+00
   outer loop
     vertex  7.444345e+01 -5.103038e-01  5.100000e-01
     vertex  7.442253e+01 -5.029819e-01  5.100000e-01
     vertex  7.442253e+01 -5.029819e-01  5.450000e-01
   endloop
 endfacet
 facet normal  5.320296e-01  8.467258e-01 -0.000000e+00
   outer loop
     vertex  7.446223e+01 -5.220984e-01  5.100000e-01
     vertex  7.444345e+01 -5.103038e-01  5.450000e-01
     vertex  7.446223e+01 -5.220984e-01  5.450000e-01
   endloop
 endfacet
 facet normal  5.320296e-01  8.467258e-01  0.000000e+00
   outer loop
     vertex  7.446223e+01 -5.220984e-01  5.100000e-01
     vertex  7.444345e+01 -5.103038e-01  5.100000e-01
     vertex  7.444345e+01 -5.103038e-01  5.450000e-01
   endloop
 endfacet
 facet normal  7.071068e-01  7.071068e-01 -0.000000e+00
   outer loop
     vertex  7.447790e+01 -5.377742e-01  5.100000e-01
     vertex  7.446223e+01 -5.220984e-01  5.450000e-01
     vertex  7.447790e+01 -5.377742e-01  5.450000e-01
   endloop
 endfacet
 facet normal  7.071068e-01  7.071068e-01  0.000000e+00
   outer loop
     vertex  7.447790e+01 -5.377742e-01  5.100000e-01
     vertex  7.446223e+01 -5.220984e-01  5.100000e-01
     vertex  7.446223e+01 -5.220984e-01  5.450000e-01
   endloop
 endfacet
 facet normal  8.467258e-01  5.320296e-01 -0.000000e+00
   outer loop
     vertex  7.448970e+01 -5.565453e-01  5.100000e-01
     vertex  7.447790e+01 -5.377742e-01  5.450000e-01
     vertex  7.448970e+01 -5.565453e-01  5.450000e-01
   endloop
 endfacet
 facet normal  8.467258e-01  5.320296e-01  0.000000e+00
   outer loop
     vertex  7.448970e+01 -5.565453e-01  5.100000e-01
     vertex  7.447790e+01 -5.377742e-01  5.100000e-01
     vertex  7.447790e+01 -5.377742e-01  5.450000e-01
   endloop
 endfacet
 facet normal  9.438853e-01  3.302734e-01 -0.000000e+00
   outer loop
     vertex  7.449702e+01 -5.774703e-01  5.100000e-01
     vertex  7.448970e+01 -5.565453e-01  5.450000e-01
     vertex  7.449702e+01 -5.774703e-01  5.450000e-01
   endloop
 endfacet
 facet normal  9.438853e-01  3.302734e-01  0.000000e+00
   outer loop
     vertex  7.449702e+01 -5.774703e-01  5.100000e-01
     vertex  7.448970e+01 -5.565453e-01  5.100000e-01
     vertex  7.448970e+01 -5.565453e-01  5.450000e-01
   endloop
 endfacet
 facet normal  9.937132e-01  1.119556e-01 -0.000000e+00
   outer loop
     vertex  7.449950e+01 -5.995000e-01  5.100000e-01
     vertex  7.449702e+01 -5.774703e-01  5.450000e-01
     vertex  7.449950e+01 -5.995000e-01  5.450000e-01
   endloop
 endfacet
 facet normal  9.937132e-01  1.119556e-01  0.000000e+00
   outer loop
     vertex  7.449950e+01 -5.995000e-01  5.100000e-01
     vertex  7.449702e+01 -5.774703e-01  5.100000e-01
     vertex  7.449702e+01 -5.774703e-01  5.450000e-01
   endloop
 endfacet
 facet normal  1.000000e+00  0.000000e+00  0.000000e+00
   outer loop
     vertex  7.449950e+01 -9.390500e+00  5.100000e-01
     vertex  7.449950e+01 -5.995000e-01  5.100000e-01
     vertex  7.449950e+01 -5.995000e-01  5.450000e-01
   endloop
 endfacet
 facet normal  1.000000e+00  0.000000e+00  0.000000e+00
   outer loop
     vertex  7.449950e+01 -9.390500e+00  5.100000e-01
     vertex  7.449950e+01 -5.995000e-01  5.450000e-01
     vertex  7.449950e+01 -9.390500e+00  5.450000e-01
   endloop
 endfacet
 facet normal  9.937132e-01 -1.119556e-01  0.000000e+00
   outer loop
     vertex  7.449702e+01 -9.412530e+00  5.100000e-01
     vertex  7.449950e+01 -9.390500e+00  5.100000e-01
     vertex  7.449950e+01 -9.390500e+00  5.450000e-01
   endloop
 endfacet
 facet normal  9.937132e-01 -1.119556e-01  0.000000e+00
   outer loop
     vertex  7.449702e+01 -9.412530e+00  5.100000e-01
     vertex  7.449950e+01 -9.390500e+00  5.450000e-01
     vertex  7.449702e+01 -9.412530e+00  5.450000e-01
   endloop
 endfacet
 facet normal  9.438853e-01 -3.302734e-01  0.000000e+00
   outer loop
     vertex  7.448970e+01 -9.433455e+00  5.100000e-01
     vertex  7.449702e+01 -9.412530e+00  5.450000e-01
     vertex  7.448970e+01 -9.433455e+00  5.450000e-01
   endloop
 endfacet
 facet normal  9.438853e-01 -3.302734e-01  0.000000e+00
   outer loop
     vertex  7.448970e+01 -9.433455e+00  5.100000e-01
     vertex  7.449702e+01 -9.412530e+00  5.100000e-01
     vertex  7.449702e+01 -9.412530e+00  5.450000e-01
   endloop
 endfacet
 facet normal  8.467258e-01 -5.320296e-01  0.000000e+00
   outer loop
     vertex  7.447790e+01 -9.452226e+00  5.100000e-01
     vertex  7.448970e+01 -9.433455e+00  5.450000e-01
     vertex  7.447790e+01 -9.452226e+00  5.450000e-01
   endloop
 endfacet
 facet normal  8.467258e-01 -5.320296e-01  0.000000e+00
   outer loop
     vertex  7.447790e+01 -9.452226e+00  5.100000e-01
     vertex  7.448970e+01 -9.433455e+00  5.100000e-01
     vertex  7.448970e+01 -9.433455e+00  5.450000e-01
   endloop
 endfacet
 facet normal  7.071068e-01 -7.071068e-01  0.000000e+00
   outer loop
     vertex  7.446223e+01 -9.467902e+00  5.100000e-01
     vertex  7.447790e+01 -9.452226e+00  5.450000e-01
     vertex  7.446223e+01 -9.467902e+00  5.450000e-01
   endloop
 endfacet
 facet normal  7.071068e-01 -7.071068e-01  0.000000e+00
   outer loop
     vertex  7.446223e+01 -9.467902e+00  5.100000e-01
     vertex  7.447790e+01 -9.452226e+00  5.100000e-01
     vertex  7.447790e+01 -9.452226e+00  5.450000e-01
   endloop
 endfacet
 facet normal  5.320296e-01 -8.467258e-01  0.000000e+00
   outer loop
     vertex  7.444345e+01 -9.479696e+00  5.100000e-01
     vertex  7.446223e+01 -9.467902e+00  5.450000e-01
     vertex  7.444345e+01 -9.479696e+00  5.450000e-01
   endloop
 endfacet
 facet normal  5.320296e-01 -8.467258e-01  0.000000e+00
   outer loop
     vertex  7.444345e+01 -9.479696e+00  5.100000e-01
     vertex  7.446223e+01 -9.467902e+00  5.100000e-01
     vertex  7.446223e+01 -9.467902e+00  5.450000e-01
   endloop
 endfacet
 facet normal  3.302734e-01 -9.438853e-01  0.000000e+00
   outer loop
     vertex  7.442253e+01 -9.487018e+00  5.100000e-01
     vertex  7.444345e+01 -9.479696e+00  5.450000e-01
     vertex  7.442253e+01 -9.487018e+00  5.450000e-01
   endloop
 endfacet
 facet normal  3.302734e-01 -9.438853e-01  0.000000e+00
   outer loop
     vertex  7.442253e+01 -9.487018e+00  5.100000e-01
     vertex  7.444345e+01 -9.479696e+00  5.100000e-01
     vertex  7.444345e+01 -9.479696e+00  5.450000e-01
   endloop
 endfacet
 facet normal  1.119556e-01 -9.937132e-01  0.000000e+00
   outer loop
     vertex  7.440050e+01 -9.489500e+00  5.100000e-01
     vertex  7.442253e+01 -9.487018e+00  5.450000e-01
     vertex  7.440050e+01 -9.489500e+00  5.450000e-01
   endloop
 endfacet
 facet normal  1.119556e-01 -9.937132e-01  0.000000e+00
   outer loop
     vertex  7.440050e+01 -9.489500e+00  5.100000e-01
     vertex  7.442253e+01 -9.487018e+00  5.100000e-01
     vertex  7.442253e+01 -9.487018e+00  5.450000e-01
   endloop
 endfacet
 facet normal  8.654179e-17 -1.000000e+00  0.000000e+00
   outer loop
     vertex  5.387450e+01 -9.489500e+00  5.100000e-01
     vertex  7.440050e+01 -9.489500e+00  5.100000e-01
     vertex  7.440050e+01 -9.489500e+00  5.450000e-01
   endloop
 endfacet
 facet normal  8.654179e-17 -1.000000e+00  0.000000e+00
   outer loop
     vertex  5.387450e+01 -9.489500e+00  5.100000e-01
     vertex  7.440050e+01 -9.489500e+00  5.450000e-01
     vertex  5.387450e+01 -9.489500e+00  5.450000e-01
   endloop
 endfacet
 facet normal -1.119556e-01 -9.937132e-01  0.000000e+00
   outer loop
     vertex  5.385247e+01 -9.487018e+00  5.100000e-01
     vertex  5.387450e+01 -9.489500e+00  5.100000e-01
     vertex  5.387450e+01 -9.489500e+00  5.450000e-01
   endloop
 endfacet
 facet normal -1.119556e-01 -9.937132e-01  0.000000e+00
   outer loop
     vertex  5.385247e+01 -9.487018e+00  5.100000e-01
     vertex  5.387450e+01 -9.489500e+00  5.450000e-01
     vertex  5.385247e+01 -9.487018e+00  5.450000e-01
   endloop
 endfacet
 facet normal -3.302734e-01 -9.438853e-01  0.000000e+00
   outer loop
     vertex  5.383155e+01 -9.479696e+00  5.100000e-01
     vertex  5.385247e+01 -9.487018e+00  5.450000e-01
     vertex  5.383155e+01 -9.479696e+00  5.450000e-01
   endloop
 endfacet
 facet normal -3.302734e-01 -9.438853e-01  0.000000e+00
   outer loop
     vertex  5.383155e+01 -9.479696e+00  5.100000e-01
     vertex  5.385247e+01 -9.487018e+00  5.100000e-01
     vertex  5.385247e+01 -9.487018e+00  5.450000e-01
   endloop
 endfacet
 facet normal -5.320296e-01 -8.467258e-01  0.000000e+00
   outer loop
     vertex  5.381277e+01 -9.467902e+00  5.100000e-01
     vertex  5.383155e+01 -9.479696e+00  5.450000e-01
     vertex  5.381277e+01 -9.467902e+00  5.450000e-01
   endloop
 endfacet
 facet normal -5.320296e-01 -8.467258e-01  0.000000e+00
   outer loop
     vertex  5.381277e+01 -9.467902e+00  5.100000e-01
     vertex  5.383155e+01 -9.479696e+00  5.100000e-01
     vertex  5.383155e+01 -9.479696e+00  5.450000e-01
   endloop
 endfacet
 facet normal -7.071068e-01 -7.071068e-01  0.000000e+00
   outer loop
     vertex  5.379710e+01 -9.452226e+00  5.100000e-01
     vertex  5.381277e+01 -9.467902e+00  5.450000e-01
     vertex  5.379710e+01 -9.452226e+00  5.450000e-01
   endloop
 endfacet
 facet normal -7.071068e-01 -7.071068e-01  0.000000e+00
   outer loop
     vertex  5.379710e+01 -9.452226e+00  5.100000e-01
     vertex  5.381277e+01 -9.467902e+00  5.100000e-01
     vertex  5.381277e+01 -9.467902e+00  5.450000e-01
   endloop
 endfacet
 facet normal -8.467258e-01 -5.320296e-01  0.000000e+00
   outer loop
     vertex  5.378530e+01 -9.433455e+00  5.100000e-01
     vertex  5.379710e+01 -9.452226e+00  5.450000e-01
     vertex  5.378530e+01 -9.433455e+00  5.450000e-01
   endloop
 endfacet
 facet normal -8.467258e-01 -5.320296e-01  0.000000e+00
   outer loop
     vertex  5.378530e+01 -9.433455e+00  5.100000e-01
     vertex  5.379710e+01 -9.452226e+00  5.100000e-01
     vertex  5.379710e+01 -9.452226e+00  5.450000e-01
   endloop
 endfacet
 facet normal -9.438853e-01 -3.302734e-01  0.000000e+00
   outer loop
     vertex  5.377798e+01 -9.412530e+00  5.100000e-01
     vertex  5.378530e+01 -9.433455e+00  5.450000e-01
     vertex  5.377798e+01 -9.412530e+00  5.450000e-01
   endloop
 endfacet
 facet normal -9.438853e-01 -3.302734e-01  0.000000e+00
   outer loop
     vertex  5.377798e+01 -9.412530e+00  5.100000e-01
     vertex  5.378530e+01 -9.433455e+00  5.100000e-01
     vertex  5.378530e+01 -9.433455e+00  5.450000e-01
   endloop
 endfacet
 facet normal -9.937132e-01 -1.119556e-01  0.000000e+00
   outer loop
     vertex  5.377550e+01 -9.390500e+00  5.100000e-01
     vertex  5.377798e+01 -9.412530e+00  5.450000e-01
     vertex  5.377550e+01 -9.390500e+00  5.450000e-01
   endloop
 endfacet
 facet normal -9.937132e-01 -1.119556e-01  0.000000e+00
   outer loop
     vertex  5.377550e+01 -9.390500e+00  5.100000e-01
     vertex  5.377798e+01 -9.412530e+00  5.100000e-01
     vertex  5.377798e+01 -9.412530e+00  5.450000e-01
   endloop
 endfacet
 facet normal -9.999950e-01 -3.170394e-03  0.000000e+00
   outer loop
     vertex  5.377265e+01 -8.490301e+00  5.100000e-01
     vertex  5.377550e+01 -9.390500e+00  5.100000e-01
     vertex  5.377550e+01 -9.390500e+00  5.450000e-01
   endloop
 endfacet
 facet normal -9.999950e-01 -3.170394e-03  0.000000e+00
   outer loop
     vertex  5.377265e+01 -8.490301e+00  5.100000e-01
     vertex  5.377550e+01 -9.390500e+00  5.450000e-01
     vertex  5.377265e+01 -8.490301e+00  5.450000e-01
   endloop
 endfacet
 facet normal -9.533418e-01 -3.018931e-01  0.000000e+00
   outer loop
     vertex  5.373980e+01 -8.386587e+00  5.100000e-01
     vertex  5.377265e+01 -8.490301e+00  5.100000e-01
     vertex  5.377265e+01 -8.490301e+00  5.450000e-01
   endloop
 endfacet
 facet normal -9.533418e-01 -3.018931e-01  0.000000e+00
   outer loop
     vertex  5.373980e+01 -8.386587e+00  5.100000e-01
     vertex  5.377265e+01 -8.490301e+00  5.450000e-01
     vertex  5.373980e+01 -8.386587e+00  5.450000e-01
   endloop
 endfacet
 facet normal -8.545873e-01 -5.193077e-01  0.000000e+00
   outer loop
     vertex  5.368331e+01 -8.293616e+00  5.100000e-01
     vertex  5.373980e+01 -8.386587e+00  5.450000e-01
     vertex  5.368331e+01 -8.293616e+00  5.450000e-01
   endloop
 endfacet
 facet normal -8.545873e-01 -5.193077e-01  0.000000e+00
   outer loop
     vertex  5.368331e+01 -8.293616e+00  5.100000e-01
     vertex  5.373980e+01 -8.386587e+00  5.100000e-01
     vertex  5.373980e+01 -8.386587e+00  5.450000e-01
   endloop
 endfacet
 facet normal -7.071029e-01 -7.071107e-01  0.000000e+00
   outer loop
     vertex  5.360638e+01 -8.216690e+00  5.100000e-01
     vertex  5.368331e+01 -8.293616e+00  5.450000e-01
     vertex  5.360638e+01 -8.216690e+00  5.450000e-01
   endloop
 endfacet
 facet normal -7.071029e-01 -7.071107e-01  0.000000e+00
   outer loop
     vertex  5.360638e+01 -8.216690e+00  5.100000e-01
     vertex  5.368331e+01 -8.293616e+00  5.100000e-01
     vertex  5.368331e+01 -8.293616e+00  5.450000e-01
   endloop
 endfacet
 facet normal -5.192983e-01 -8.545930e-01  0.000000e+00
   outer loop
     vertex  5.351341e+01 -8.160195e+00  5.100000e-01
     vertex  5.360638e+01 -8.216690e+00  5.450000e-01
     vertex  5.351341e+01 -8.160195e+00  5.450000e-01
   endloop
 endfacet
 facet normal -5.192983e-01 -8.545930e-01  0.000000e+00
   outer loop
     vertex  5.351341e+01 -8.160195e+00  5.100000e-01
     vertex  5.360638e+01 -8.216690e+00  5.100000e-01
     vertex  5.360638e+01 -8.216690e+00  5.450000e-01
   endloop
 endfacet
 facet normal -3.018826e-01 -9.533451e-01  0.000000e+00
   outer loop
     vertex  5.340969e+01 -8.127353e+00  5.100000e-01
     vertex  5.351341e+01 -8.160195e+00  5.450000e-01
     vertex  5.340969e+01 -8.127353e+00  5.450000e-01
   endloop
 endfacet
 facet normal -3.018826e-01 -9.533451e-01  0.000000e+00
   outer loop
     vertex  5.340969e+01 -8.127353e+00  5.100000e-01
     vertex  5.351341e+01 -8.160195e+00  5.100000e-01
     vertex  5.351341e+01 -8.160195e+00  5.450000e-01
   endloop
 endfacet
 facet normal  2.236141e-06 -1.000000e+00  0.000000e+00
   outer loop
     vertex  5.251530e+01 -8.127355e+00  5.100000e-01
     vertex  5.340969e+01 -8.127353e+00  5.100000e-01
     vertex  5.340969e+01 -8.127353e+00  5.450000e-01
   endloop
 endfacet
 facet normal  2.236141e-06 -1.000000e+00  0.000000e+00
   outer loop
     vertex  5.251530e+01 -8.127355e+00  5.100000e-01
     vertex  5.340969e+01 -8.127353e+00  5.450000e-01
     vertex  5.251530e+01 -8.127355e+00  5.450000e-01
   endloop
 endfacet
 facet normal  3.019025e-01 -9.533388e-01  0.000000e+00
   outer loop
     vertex  5.241158e+01 -8.160199e+00  5.100000e-01
     vertex  5.251530e+01 -8.127355e+00  5.100000e-01
     vertex  5.251530e+01 -8.127355e+00  5.450000e-01
   endloop
 endfacet
 facet normal  3.019025e-01 -9.533388e-01  0.000000e+00
   outer loop
     vertex  5.241158e+01 -8.160199e+00  5.100000e-01
     vertex  5.251530e+01 -8.127355e+00  5.450000e-01
     vertex  5.241158e+01 -8.160199e+00  5.450000e-01
   endloop
 endfacet
 facet normal  5.193137e-01 -8.545837e-01  0.000000e+00
   outer loop
     vertex  5.231861e+01 -8.216694e+00  5.100000e-01
     vertex  5.241158e+01 -8.160199e+00  5.450000e-01
     vertex  5.231861e+01 -8.216694e+00  5.450000e-01
   endloop
 endfacet
 facet normal  5.193137e-01 -8.545837e-01  0.000000e+00
   outer loop
     vertex  5.231861e+01 -8.216694e+00  5.100000e-01
     vertex  5.241158e+01 -8.160199e+00  5.100000e-01
     vertex  5.241158e+01 -8.160199e+00  5.450000e-01
   endloop
 endfacet
 facet normal  7.071136e-01 -7.071000e-01  0.000000e+00
   outer loop
     vertex  5.224169e+01 -8.293621e+00  5.100000e-01
     vertex  5.231861e+01 -8.216694e+00  5.450000e-01
     vertex  5.224169e+01 -8.293621e+00  5.450000e-01
   endloop
 endfacet
 facet normal  7.071136e-01 -7.071000e-01  0.000000e+00
   outer loop
     vertex  5.224169e+01 -8.293621e+00  5.100000e-01
     vertex  5.231861e+01 -8.216694e+00  5.100000e-01
     vertex  5.231861e+01 -8.216694e+00  5.450000e-01
   endloop
 endfacet
 facet normal  8.545937e-01 -5.192972e-01  0.000000e+00
   outer loop
     vertex  5.218519e+01 -8.386591e+00  5.100000e-01
     vertex  5.224169e+01 -8.293621e+00  5.450000e-01
     vertex  5.218519e+01 -8.386591e+00  5.450000e-01
   endloop
 endfacet
 facet normal  8.545937e-01 -5.192972e-01  0.000000e+00
   outer loop
     vertex  5.218519e+01 -8.386591e+00  5.100000e-01
     vertex  5.224169e+01 -8.293621e+00  5.100000e-01
     vertex  5.224169e+01 -8.293621e+00  5.450000e-01
   endloop
 endfacet
 facet normal  9.533446e-01 -3.018841e-01  0.000000e+00
   outer loop
     vertex  5.215235e+01 -8.490305e+00  5.100000e-01
     vertex  5.218519e+01 -8.386591e+00  5.450000e-01
     vertex  5.215235e+01 -8.490305e+00  5.450000e-01
   endloop
 endfacet
 facet normal  9.533446e-01 -3.018841e-01  0.000000e+00
   outer loop
     vertex  5.215235e+01 -8.490305e+00  5.100000e-01
     vertex  5.218519e+01 -8.386591e+00  5.100000e-01
     vertex  5.218519e+01 -8.386591e+00  5.450000e-01
   endloop
 endfacet
 facet normal  1.000000e+00  6.623837e-07  0.000000e+00
   outer loop
     vertex  5.215236e+01 -1.150970e+01  5.100000e-01
     vertex  5.215235e+01 -8.490305e+00  5.100000e-01
     vertex  5.215235e+01 -8.490305e+00  5.450000e-01
   endloop
 endfacet
 facet normal  1.000000e+00  6.623837e-07 -0.000000e+00
   outer loop
     vertex  5.215236e+01 -1.150970e+01  5.100000e-01
     vertex  5.215235e+01 -8.490305e+00  5.450000e-01
     vertex  5.215236e+01 -1.150970e+01  5.450000e-01
   endloop
 endfacet
 facet normal  9.533400e-01  3.018987e-01  0.000000e+00
   outer loop
     vertex  5.218520e+01 -1.161342e+01  5.100000e-01
     vertex  5.215236e+01 -1.150970e+01  5.100000e-01
     vertex  5.215236e+01 -1.150970e+01  5.450000e-01
   endloop
 endfacet
 facet normal  9.533400e-01  3.018987e-01 -0.000000e+00
   outer loop
     vertex  5.218520e+01 -1.161342e+01  5.100000e-01
     vertex  5.215236e+01 -1.150970e+01  5.450000e-01
     vertex  5.218520e+01 -1.161342e+01  5.450000e-01
   endloop
 endfacet
 facet normal  8.545861e-01  5.193097e-01 -0.000000e+00
   outer loop
     vertex  5.224169e+01 -1.170638e+01  5.100000e-01
     vertex  5.218520e+01 -1.161342e+01  5.450000e-01
     vertex  5.224169e+01 -1.170638e+01  5.450000e-01
   endloop
 endfacet
 facet normal  8.545861e-01  5.193097e-01  0.000000e+00
   outer loop
     vertex  5.224169e+01 -1.170638e+01  5.100000e-01
     vertex  5.218520e+01 -1.161342e+01  5.100000e-01
     vertex  5.218520e+01 -1.161342e+01  5.450000e-01
   endloop
 endfacet
 facet normal  7.071039e-01  7.071097e-01 -0.000000e+00
   outer loop
     vertex  5.231862e+01 -1.178331e+01  5.100000e-01
     vertex  5.224169e+01 -1.170638e+01  5.450000e-01
     vertex  5.231862e+01 -1.178331e+01  5.450000e-01
   endloop
 endfacet
 facet normal  7.071039e-01  7.071097e-01  0.000000e+00
   outer loop
     vertex  5.231862e+01 -1.178331e+01  5.100000e-01
     vertex  5.224169e+01 -1.170638e+01  5.100000e-01
     vertex  5.224169e+01 -1.170638e+01  5.450000e-01
   endloop
 endfacet
 facet normal  5.193026e-01  8.545904e-01 -0.000000e+00
   outer loop
     vertex  5.241159e+01 -1.183980e+01  5.100000e-01
     vertex  5.231862e+01 -1.178331e+01  5.450000e-01
     vertex  5.241159e+01 -1.183980e+01  5.450000e-01
   endloop
 endfacet
 facet normal  5.193026e-01  8.545904e-01  0.000000e+00
   outer loop
     vertex  5.241159e+01 -1.183980e+01  5.100000e-01
     vertex  5.231862e+01 -1.178331e+01  5.100000e-01
     vertex  5.231862e+01 -1.178331e+01  5.450000e-01
   endloop
 endfacet
 facet normal  3.018908e-01  9.533425e-01 -0.000000e+00
   outer loop
     vertex  5.251530e+01 -1.187265e+01  5.100000e-01
     vertex  5.241159e+01 -1.183980e+01  5.450000e-01
     vertex  5.251530e+01 -1.187265e+01  5.450000e-01
   endloop
 endfacet
 facet normal  3.018908e-01  9.533425e-01  0.000000e+00
   outer loop
     vertex  5.251530e+01 -1.187265e+01  5.100000e-01
     vertex  5.241159e+01 -1.183980e+01  5.100000e-01
     vertex  5.241159e+01 -1.183980e+01  5.450000e-01
   endloop
 endfacet
 facet normal  0.000000e+00  1.000000e+00  0.000000e+00
   outer loop
     vertex  5.340970e+01 -1.187265e+01  5.100000e-01
     vertex  5.251530e+01 -1.187265e+01  5.100000e-01
     vertex  5.251530e+01 -1.187265e+01  5.450000e-01
   endloop
 endfacet
 facet normal  0.000000e+00  1.000000e+00 -0.000000e+00
   outer loop
     vertex  5.340970e+01 -1.187265e+01  5.100000e-01
     vertex  5.251530e+01 -1.187265e+01  5.450000e-01
     vertex  5.340970e+01 -1.187265e+01  5.450000e-01
   endloop
 endfacet
 facet normal -3.018919e-01  9.533422e-01  0.000000e+00
   outer loop
     vertex  5.351341e+01 -1.183980e+01  5.100000e-01
     vertex  5.340970e+01 -1.187265e+01  5.100000e-01
     vertex  5.340970e+01 -1.187265e+01  5.450000e-01
   endloop
 endfacet
 facet normal -3.018919e-01  9.533422e-01  0.000000e+00
   outer loop
     vertex  5.351341e+01 -1.183980e+01  5.100000e-01
     vertex  5.340970e+01 -1.187265e+01  5.450000e-01
     vertex  5.351341e+01 -1.183980e+01  5.450000e-01
   endloop
 endfacet
 facet normal -5.193049e-01  8.545890e-01  0.000000e+00
   outer loop
     vertex  5.360638e+01 -1.178331e+01  5.100000e-01
     vertex  5.351341e+01 -1.183980e+01  5.450000e-01
     vertex  5.360638e+01 -1.178331e+01  5.450000e-01
   endloop
 endfacet
 facet normal -5.193049e-01  8.545890e-01  0.000000e+00
   outer loop
     vertex  5.360638e+01 -1.178331e+01  5.100000e-01
     vertex  5.351341e+01 -1.183980e+01  5.100000e-01
     vertex  5.351341e+01 -1.183980e+01  5.450000e-01
   endloop
 endfacet
 facet normal -7.071068e-01  7.071068e-01  0.000000e+00
   outer loop
     vertex  5.368331e+01 -1.170638e+01  5.100000e-01
     vertex  5.360638e+01 -1.178331e+01  5.450000e-01
     vertex  5.368331e+01 -1.170638e+01  5.450000e-01
   endloop
 endfacet
 facet normal -7.071068e-01  7.071068e-01  0.000000e+00
   outer loop
     vertex  5.368331e+01 -1.170638e+01  5.100000e-01
     vertex  5.360638e+01 -1.178331e+01  5.100000e-01
     vertex  5.360638e+01 -1.178331e+01  5.450000e-01
   endloop
 endfacet
 facet normal -8.545890e-01  5.193049e-01  0.000000e+00
   outer loop
     vertex  5.373980e+01 -1.161341e+01  5.100000e-01
     vertex  5.368331e+01 -1.170638e+01  5.450000e-01
     vertex  5.373980e+01 -1.161341e+01  5.450000e-01
   endloop
 endfacet
 facet normal -8.545890e-01  5.193049e-01  0.000000e+00
   outer loop
     vertex  5.373980e+01 -1.161341e+01  5.100000e-01
     vertex  5.368331e+01 -1.170638e+01  5.100000e-01
     vertex  5.368331e+01 -1.170638e+01  5.450000e-01
   endloop
 endfacet
 facet normal -9.533422e-01  3.018919e-01  0.000000e+00
   outer loop
     vertex  5.377265e+01 -1.150970e+01  5.100000e-01
     vertex  5.373980e+01 -1.161341e+01  5.450000e-01
     vertex  5.377265e+01 -1.150970e+01  5.450000e-01
   endloop
 endfacet
 facet normal -9.533422e-01  3.018919e-01  0.000000e+00
   outer loop
     vertex  5.377265e+01 -1.150970e+01  5.100000e-01
     vertex  5.373980e+01 -1.161341e+01  5.100000e-01
     vertex  5.373980e+01 -1.161341e+01  5.450000e-01
   endloop
 endfacet
 facet normal -9.999950e-01  3.170394e-03  0.000000e+00
   outer loop
     vertex  5.377550e+01 -1.060950e+01  5.100000e-01
     vertex  5.377265e+01 -1.150970e+01  5.100000e-01
     vertex  5.377265e+01 -1.150970e+01  5.450000e-01
   endloop
 endfacet
 facet normal -9.999950e-01  3.170394e-03  0.000000e+00
   outer loop
     vertex  5.377550e+01 -1.060950e+01  5.100000e-01
     vertex  5.377265e+01 -1.150970e+01  5.450000e-01
     vertex  5.377550e+01 -1.060950e+01  5.450000e-01
   endloop
 endfacet
 facet normal -9.937132e-01  1.119556e-01  0.000000e+00
   outer loop
     vertex  5.377798e+01 -1.058747e+01  5.100000e-01
     vertex  5.377550e+01 -1.060950e+01  5.100000e-01
     vertex  5.377550e+01 -1.060950e+01  5.450000e-01
   endloop
 endfacet
 facet normal -9.937132e-01  1.119556e-01  0.000000e+00
   outer loop
     vertex  5.377798e+01 -1.058747e+01  5.100000e-01
     vertex  5.377550e+01 -1.060950e+01  5.450000e-01
     vertex  5.377798e+01 -1.058747e+01  5.450000e-01
   endloop
 endfacet
 facet normal -9.438853e-01  3.302734e-01  0.000000e+00
   outer loop
     vertex  5.378530e+01 -1.056655e+01  5.100000e-01
     vertex  5.377798e+01 -1.058747e+01  5.450000e-01
     vertex  5.378530e+01 -1.056655e+01  5.450000e-01
   endloop
 endfacet
 facet normal -9.438853e-01  3.302734e-01  0.000000e+00
   outer loop
     vertex  5.378530e+01 -1.056655e+01  5.100000e-01
     vertex  5.377798e+01 -1.058747e+01  5.100000e-01
     vertex  5.377798e+01 -1.058747e+01  5.450000e-01
   endloop
 endfacet
 facet normal -8.467258e-01  5.320296e-01  0.000000e+00
   outer loop
     vertex  5.379710e+01 -1.054777e+01  5.100000e-01
     vertex  5.378530e+01 -1.056655e+01  5.450000e-01
     vertex  5.379710e+01 -1.054777e+01  5.450000e-01
   endloop
 endfacet
 facet normal -8.467258e-01  5.320296e-01  0.000000e+00
   outer loop
     vertex  5.379710e+01 -1.054777e+01  5.100000e-01
     vertex  5.378530e+01 -1.056655e+01  5.100000e-01
     vertex  5.378530e+01 -1.056655e+01  5.450000e-01
   endloop
 endfacet
 facet normal -7.071068e-01  7.071068e-01  0.000000e+00
   outer loop
     vertex  5.381277e+01 -1.053210e+01  5.100000e-01
     vertex  5.379710e+01 -1.054777e+01  5.450000e-01
     vertex  5.381277e+01 -1.053210e+01  5.450000e-01
   endloop
 endfacet
 facet normal -7.071068e-01  7.071068e-01  0.000000e+00
   outer loop
     vertex  5.381277e+01 -1.053210e+01  5.100000e-01
     vertex  5.379710e+01 -1.054777e+01  5.100000e-01
     vertex  5.379710e+01 -1.054777e+01  5.450000e-01
   endloop
 endfacet
 facet normal -5.320296e-01  8.467258e-01  0.000000e+00
   outer loop
     vertex  5.383155e+01 -1.052030e+01  5.100000e-01
     vertex  5.381277e+01 -1.053210e+01  5.450000e-01
     vertex  5.383155e+01 -1.052030e+01  5.450000e-01
   endloop
 endfacet
 facet normal -5.320296e-01  8.467258e-01  0.000000e+00
   outer loop
     vertex  5.383155e+01 -1.052030e+01  5.100000e-01
     vertex  5.381277e+01 -1.053210e+01  5.100000e-01
     vertex  5.381277e+01 -1.053210e+01  5.450000e-01
   endloop
 endfacet
 facet normal -3.302734e-01  9.438853e-01  0.000000e+00
   outer loop
     vertex  5.385247e+01 -1.051298e+01  5.100000e-01
     vertex  5.383155e+01 -1.052030e+01  5.450000e-01
     vertex  5.385247e+01 -1.051298e+01  5.450000e-01
   endloop
 endfacet
 facet normal -3.302734e-01  9.438853e-01  0.000000e+00
   outer loop
     vertex  5.385247e+01 -1.051298e+01  5.100000e-01
     vertex  5.383155e+01 -1.052030e+01  5.100000e-01
     vertex  5.383155e+01 -1.052030e+01  5.450000e-01
   endloop
 endfacet
 facet normal -1.119556e-01  9.937132e-01  0.000000e+00
   outer loop
     vertex  5.387450e+01 -1.051050e+01  5.100000e-01
     vertex  5.385247e+01 -1.051298e+01  5.450000e-01
     vertex  5.387450e+01 -1.051050e+01  5.450000e-01
   endloop
 endfacet
 facet normal -1.119556e-01  9.937132e-01  0.000000e+00
   outer loop
     vertex  5.387450e+01 -1.051050e+01  5.100000e-01
     vertex  5.385247e+01 -1.051298e+01  5.100000e-01
     vertex  5.385247e+01 -1.051298e+01  5.450000e-01
   endloop
 endfacet
 facet normal  0.000000e+00  1.000000e+00  0.000000e+00
   outer loop
     vertex  7.440050e+01 -1.051050e+01  5.100000e-01
     vertex  5.387450e+01 -1.051050e+01  5.100000e-01
     vertex  5.387450e+01 -1.051050e+01  5.450000e-01
   endloop
 endfacet
 facet normal  0.000000e+00  1.000000e+00 -0.000000e+00
   outer loop
     vertex  7.440050e+01 -1.051050e+01  5.100000e-01
     vertex  5.387450e+01 -1.051050e+01  5.450000e-01
     vertex  7.440050e+01 -1.051050e+01  5.450000e-01
   endloop
 endfacet
 facet normal  1.119556e-01  9.937132e-01  0.000000e+00
   outer loop
     vertex  7.442253e+01 -1.051298e+01  5.100000e-01
     vertex  7.440050e+01 -1.051050e+01  5.100000e-01
     vertex  7.440050e+01 -1.051050e+01  5.450000e-01
   endloop
 endfacet
 facet normal  1.119556e-01  9.937132e-01 -0.000000e+00
   outer loop
     vertex  7.442253e+01 -1.051298e+01  5.100000e-01
     vertex  7.440050e+01 -1.051050e+01  5.450000e-01
     vertex  7.442253e+01 -1.051298e+01  5.450000e-01
   endloop
 endfacet
 facet normal  3.302734e-01  9.438853e-01 -0.000000e+00
   outer loop
     vertex  7.444345e+01 -1.052030e+01  5.100000e-01
     vertex  7.442253e+01 -1.051298e+01  5.450000e-01
     vertex  7.444345e+01 -1.052030e+01  5.450000e-01
   endloop
 endfacet
 facet normal  3.302734e-01  9.438853e-01  0.000000e+00
   outer loop
     vertex  7.444345e+01 -1.052030e+01  5.100000e-01
     vertex  7.442253e+01 -1.051298e+01  5.100000e-01
     vertex  7.442253e+01 -1.051298e+01  5.450000e-01
   endloop
 endfacet
 facet normal  5.320296e-01  8.467258e-01 -0.000000e+00
   outer loop
     vertex  7.446223e+01 -1.053210e+01  5.100000e-01
     vertex  7.444345e+01 -1.052030e+01  5.450000e-01
     vertex  7.446223e+01 -1.053210e+01  5.450000e-01
   endloop
 endfacet
 facet normal  5.320296e-01  8.467258e-01  0.000000e+00
   outer loop
     vertex  7.446223e+01 -1.053210e+01  5.100000e-01
     vertex  7.444345e+01 -1.052030e+01  5.100000e-01
     vertex  7.444345e+01 -1.052030e+01  5.450000e-01
   endloop
 endfacet
 facet normal  7.071068e-01  7.071068e-01 -0.000000e+00
   outer loop
     vertex  7.447790e+01 -1.054777e+01  5.100000e-01
     vertex  7.446223e+01 -1.053210e+01  5.450000e-01
     vertex  7.447790e+01 -1.054777e+01  5.450000e-01
   endloop
 endfacet
 facet normal  7.071068e-01  7.071068e-01  0.000000e+00
   outer loop
     vertex  7.447790e+01 -1.054777e+01  5.100000e-01
     vertex  7.446223e+01 -1.053210e+01  5.100000e-01
     vertex  7.446223e+01 -1.053210e+01  5.450000e-01
   endloop
 endfacet
 facet normal  8.467258e-01  5.320296e-01 -0.000000e+00
   outer loop
     vertex  7.448970e+01 -1.056655e+01  5.100000e-01
     vertex  7.447790e+01 -1.054777e+01  5.450000e-01
     vertex  7.448970e+01 -1.056655e+01  5.450000e-01
   endloop
 endfacet
 facet normal  8.467258e-01  5.320296e-01  0.000000e+00
   outer loop
     vertex  7.448970e+01 -1.056655e+01  5.100000e-01
     vertex  7.447790e+01 -1.054777e+01  5.100000e-01
     vertex  7.447790e+01 -1.054777e+01  5.450000e-01
   endloop
 endfacet
 facet normal  9.438853e-01  3.302734e-01 -0.000000e+00
   outer loop
     vertex  7.449702e+01 -1.058747e+01  5.100000e-01
     vertex  7.448970e+01 -1.056655e+01  5.450000e-01
     vertex  7.449702e+01 -1.058747e+01  5.450000e-01
   endloop
 endfacet
 facet normal  9.438853e-01  3.302734e-01  0.000000e+00
   outer loop
     vertex  7.449702e+01 -1.058747e+01  5.100000e-01
     vertex  7.448970e+01 -1.056655e+01  5.100000e-01
     vertex  7.448970e+01 -1.056655e+01  5.450000e-01
   endloop
 endfacet
 facet normal  9.937132e-01  1.119556e-01 -0.000000e+00
   outer loop
     vertex  7.449950e+01 -1.060950e+01  5.100000e-01
     vertex  7.449702e+01 -1.058747e+01  5.450000e-01
     vertex  7.449950e+01 -1.060950e+01  5.450000e-01
   endloop
 endfacet
 facet normal  9.937132e-01  1.119556e-01  0.000000e+00
   outer loop
     vertex  7.449950e+01 -1.060950e+01  5.100000e-01
     vertex  7.449702e+01 -1.058747e+01  5.100000e-01
     vertex  7.449702e+01 -1.058747e+01  5.450000e-01
   endloop
 endfacet
 facet normal  1.000000e+00  0.000000e+00  0.000000e+00
   outer loop
     vertex  7.449950e+01 -2.939050e+01  5.100000e-01
     vertex  7.449950e+01 -1.060950e+01  5.100000e-01
     vertex  7.449950e+01 -1.060950e+01  5.450000e-01
   endloop
 endfacet
 facet normal  1.000000e+00  0.000000e+00  0.000000e+00
   outer loop
     vertex  7.449950e+01 -2.939050e+01  5.100000e-01
     vertex  7.449950e+01 -1.060950e+01  5.450000e-01
     vertex  7.449950e+01 -2.939050e+01  5.450000e-01
   endloop
 endfacet
 facet normal  9.937132e-01 -1.119556e-01  0.000000e+00
   outer loop
     vertex  7.449702e+01 -2.941253e+01  5.100000e-01
     vertex  7.449950e+01 -2.939050e+01  5.100000e-01
     vertex  7.449950e+01 -2.939050e+01  5.450000e-01
   endloop
 endfacet
 facet normal  9.937132e-01 -1.119556e-01  0.000000e+00
   outer loop
     vertex  7.449702e+01 -2.941253e+01  5.100000e-01
     vertex  7.449950e+01 -2.939050e+01  5.450000e-01
     vertex  7.449702e+01 -2.941253e+01  5.450000e-01
   endloop
 endfacet
 facet normal  9.438853e-01 -3.302734e-01  0.000000e+00
   outer loop
     vertex  7.448970e+01 -2.943345e+01  5.100000e-01
     vertex  7.449702e+01 -2.941253e+01  5.450000e-01
     vertex  7.448970e+01 -2.943345e+01  5.450000e-01
   endloop
 endfacet
 facet normal  9.438853e-01 -3.302734e-01  0.000000e+00
   outer loop
     vertex  7.448970e+01 -2.943345e+01  5.100000e-01
     vertex  7.449702e+01 -2.941253e+01  5.100000e-01
     vertex  7.449702e+01 -2.941253e+01  5.450000e-01
   endloop
 endfacet
 facet normal  8.467258e-01 -5.320296e-01  0.000000e+00
   outer loop
     vertex  7.447790e+01 -2.945223e+01  5.100000e-01
     vertex  7.448970e+01 -2.943345e+01  5.450000e-01
     vertex  7.447790e+01 -2.945223e+01  5.450000e-01
   endloop
 endfacet
 facet normal  8.467258e-01 -5.320296e-01  0.000000e+00
   outer loop
     vertex  7.447790e+01 -2.945223e+01  5.100000e-01
     vertex  7.448970e+01 -2.943345e+01  5.100000e-01
     vertex  7.448970e+01 -2.943345e+01  5.450000e-01
   endloop
 endfacet
 facet normal  7.071068e-01 -7.071068e-01  0.000000e+00
   outer loop
     vertex  7.446223e+01 -2.946790e+01  5.100000e-01
     vertex  7.447790e+01 -2.945223e+01  5.450000e-01
     vertex  7.446223e+01 -2.946790e+01  5.450000e-01
   endloop
 endfacet
 facet normal  7.071068e-01 -7.071068e-01  0.000000e+00
   outer loop
     vertex  7.446223e+01 -2.946790e+01  5.100000e-01
     vertex  7.447790e+01 -2.945223e+01  5.100000e-01
     vertex  7.447790e+01 -2.945223e+01  5.450000e-01
   endloop
 endfacet
 facet normal  5.320296e-01 -8.467258e-01  0.000000e+00
   outer loop
     vertex  7.444345e+01 -2.947970e+01  5.100000e-01
     vertex  7.446223e+01 -2.946790e+01  5.450000e-01
     vertex  7.444345e+01 -2.947970e+01  5.450000e-01
   endloop
 endfacet
 facet normal  5.320296e-01 -8.467258e-01  0.000000e+00
   outer loop
     vertex  7.444345e+01 -2.947970e+01  5.100000e-01
     vertex  7.446223e+01 -2.946790e+01  5.100000e-01
     vertex  7.446223e+01 -2.946790e+01  5.450000e-01
   endloop
 endfacet
 facet normal  3.302734e-01 -9.438853e-01  0.000000e+00
   outer loop
     vertex  7.442253e+01 -2.948702e+01  5.100000e-01
     vertex  7.444345e+01 -2.947970e+01  5.450000e-01
     vertex  7.442253e+01 -2.948702e+01  5.450000e-01
   endloop
 endfacet
 facet normal  3.302734e-01 -9.438853e-01  0.000000e+00
   outer loop
     vertex  7.442253e+01 -2.948702e+01  5.100000e-01
     vertex  7.444345e+01 -2.947970e+01  5.100000e-01
     vertex  7.444345e+01 -2.947970e+01  5.450000e-01
   endloop
 endfacet
 facet normal  1.119556e-01 -9.937132e-01  0.000000e+00
   outer loop
     vertex  7.440050e+01 -2.948950e+01  5.100000e-01
     vertex  7.442253e+01 -2.948702e+01  5.450000e-01
     vertex  7.440050e+01 -2.948950e+01  5.450000e-01
   endloop
 endfacet
 facet normal  1.119556e-01 -9.937132e-01  0.000000e+00
   outer loop
     vertex  7.440050e+01 -2.948950e+01  5.100000e-01
     vertex  7.442253e+01 -2.948702e+01  5.100000e-01
     vertex  7.442253e+01 -2.948702e+01  5.450000e-01
   endloop
 endfacet
 facet normal  0.000000e+00 -1.000000e+00  0.000000e+00
   outer loop
     vertex  5.387450e+01 -2.948950e+01  5.100000e-01
     vertex  7.440050e+01 -2.948950e+01  5.100000e-01
     vertex  7.440050e+01 -2.948950e+01  5.450000e-01
   endloop
 endfacet
 facet normal  0.000000e+00 -1.000000e+00  0.000000e+00
   outer loop
     vertex  5.387450e+01 -2.948950e+01  5.100000e-01
     vertex  7.440050e+01 -2.948950e+01  5.450000e-01
     vertex  5.387450e+01 -2.948950e+01  5.450000e-01
   endloop
 endfacet
 facet normal -1.119556e-01 -9.937132e-01  0.000000e+00
   outer loop
     vertex  5.385247e+01 -2.948702e+01  5.100000e-01
     vertex  5.387450e+01 -2.948950e+01  5.100000e-01
     vertex  5.387450e+01 -2.948950e+01  5.450000e-01
   endloop
 endfacet
 facet normal -1.119556e-01 -9.937132e-01  0.000000e+00
   outer loop
     vertex  5.385247e+01 -2.948702e+01  5.100000e-01
     vertex  5.387450e+01 -2.948950e+01  5.450000e-01
     vertex  5.385247e+01 -2.948702e+01  5.450000e-01
   endloop
 endfacet
 facet normal -3.302734e-01 -9.438853e-01  0.000000e+00
   outer loop
     vertex  5.383155e+01 -2.947970e+01  5.100000e-01
     vertex  5.385247e+01 -2.948702e+01  5.450000e-01
     vertex  5.383155e+01 -2.947970e+01  5.450000e-01
   endloop
 endfacet
 facet normal -3.302734e-01 -9.438853e-01  0.000000e+00
   outer loop
     vertex  5.383155e+01 -2.947970e+01  5.100000e-01
     vertex  5.385247e+01 -2.948702e+01  5.100000e-01
     vertex  5.385247e+01 -2.948702e+01  5.450000e-01
   endloop
 endfacet
 facet normal -5.320296e-01 -8.467258e-01  0.000000e+00
   outer loop
     vertex  5.381277e+01 -2.946790e+01  5.100000e-01
     vertex  5.383155e+01 -2.947970e+01  5.450000e-01
     vertex  5.381277e+01 -2.946790e+01  5.450000e-01
   endloop
 endfacet
 facet normal -5.320296e-01 -8.467258e-01  0.000000e+00
   outer loop
     vertex  5.381277e+01 -2.946790e+01  5.100000e-01
     vertex  5.383155e+01 -2.947970e+01  5.100000e-01
     vertex  5.383155e+01 -2.947970e+01  5.450000e-01
   endloop
 endfacet
 facet normal -7.071068e-01 -7.071068e-01  0.000000e+00
   outer loop
     vertex  5.379710e+01 -2.945223e+01  5.100000e-01
     vertex  5.381277e+01 -2.946790e+01  5.450000e-01
     vertex  5.379710e+01 -2.945223e+01  5.450000e-01
   endloop
 endfacet
 facet normal -7.071068e-01 -7.071068e-01  0.000000e+00
   outer loop
     vertex  5.379710e+01 -2.945223e+01  5.100000e-01
     vertex  5.381277e+01 -2.946790e+01  5.100000e-01
     vertex  5.381277e+01 -2.946790e+01  5.450000e-01
   endloop
 endfacet
 facet normal -8.467258e-01 -5.320296e-01  0.000000e+00
   outer loop
     vertex  5.378530e+01 -2.943345e+01  5.100000e-01
     vertex  5.379710e+01 -2.945223e+01  5.450000e-01
     vertex  5.378530e+01 -2.943345e+01  5.450000e-01
   endloop
 endfacet
 facet normal -8.467258e-01 -5.320296e-01  0.000000e+00
   outer loop
     vertex  5.378530e+01 -2.943345e+01  5.100000e-01
     vertex  5.379710e+01 -2.945223e+01  5.100000e-01
     vertex  5.379710e+01 -2.945223e+01  5.450000e-01
   endloop
 endfacet
 facet normal -9.438853e-01 -3.302734e-01  0.000000e+00
   outer loop
     vertex  5.377798e+01 -2.941253e+01  5.100000e-01
     vertex  5.378530e+01 -2.943345e+01  5.450000e-01
     vertex  5.377798e+01 -2.941253e+01  5.450000e-01
   endloop
 endfacet
 facet normal -9.438853e-01 -3.302734e-01  0.000000e+00
   outer loop
     vertex  5.377798e+01 -2.941253e+01  5.100000e-01
     vertex  5.378530e+01 -2.943345e+01  5.100000e-01
     vertex  5.378530e+01 -2.943345e+01  5.450000e-01
   endloop
 endfacet
 facet normal -9.937132e-01 -1.119556e-01  0.000000e+00
   outer loop
     vertex  5.377550e+01 -2.939050e+01  5.100000e-01
     vertex  5.377798e+01 -2.941253e+01  5.450000e-01
     vertex  5.377550e+01 -2.939050e+01  5.450000e-01
   endloop
 endfacet
 facet normal -9.937132e-01 -1.119556e-01  0.000000e+00
   outer loop
     vertex  5.377550e+01 -2.939050e+01  5.100000e-01
     vertex  5.377798e+01 -2.941253e+01  5.100000e-01
     vertex  5.377798e+01 -2.941253e+01  5.450000e-01
   endloop
 endfacet
 facet normal -9.999950e-01 -3.170394e-03  0.000000e+00
   outer loop
     vertex  5.377265e+01 -2.849030e+01  5.100000e-01
     vertex  5.377550e+01 -2.939050e+01  5.100000e-01
     vertex  5.377550e+01 -2.939050e+01  5.450000e-01
   endloop
 endfacet
 facet normal -9.999950e-01 -3.170394e-03  0.000000e+00
   outer loop
     vertex  5.377265e+01 -2.849030e+01  5.100000e-01
     vertex  5.377550e+01 -2.939050e+01  5.450000e-01
     vertex  5.377265e+01 -2.849030e+01  5.450000e-01
   endloop
 endfacet
 facet normal -9.533418e-01 -3.018931e-01  0.000000e+00
   outer loop
     vertex  5.373980e+01 -2.838659e+01  5.100000e-01
     vertex  5.377265e+01 -2.849030e+01  5.100000e-01
     vertex  5.377265e+01 -2.849030e+01  5.450000e-01
   endloop
 endfacet
 facet normal -9.533418e-01 -3.018931e-01  0.000000e+00
   outer loop
     vertex  5.373980e+01 -2.838659e+01  5.100000e-01
     vertex  5.377265e+01 -2.849030e+01  5.450000e-01
     vertex  5.373980e+01 -2.838659e+01  5.450000e-01
   endloop
 endfacet
 facet normal -8.545873e-01 -5.193077e-01  0.000000e+00
   outer loop
     vertex  5.368331e+01 -2.829362e+01  5.100000e-01
     vertex  5.373980e+01 -2.838659e+01  5.450000e-01
     vertex  5.368331e+01 -2.829362e+01  5.450000e-01
   endloop
 endfacet
 facet normal -8.545873e-01 -5.193077e-01  0.000000e+00
   outer loop
     vertex  5.368331e+01 -2.829362e+01  5.100000e-01
     vertex  5.373980e+01 -2.838659e+01  5.100000e-01
     vertex  5.373980e+01 -2.838659e+01  5.450000e-01
   endloop
 endfacet
 facet normal -7.071029e-01 -7.071107e-01  0.000000e+00
   outer loop
     vertex  5.360638e+01 -2.821669e+01  5.100000e-01
     vertex  5.368331e+01 -2.829362e+01  5.450000e-01
     vertex  5.360638e+01 -2.821669e+01  5.450000e-01
   endloop
 endfacet
 facet normal -7.071029e-01 -7.071107e-01  0.000000e+00
   outer loop
     vertex  5.360638e+01 -2.821669e+01  5.100000e-01
     vertex  5.368331e+01 -2.829362e+01  5.100000e-01
     vertex  5.368331e+01 -2.829362e+01  5.450000e-01
   endloop
 endfacet
 facet normal -5.192983e-01 -8.545930e-01  0.000000e+00
   outer loop
     vertex  5.351341e+01 -2.816019e+01  5.100000e-01
     vertex  5.360638e+01 -2.821669e+01  5.450000e-01
     vertex  5.351341e+01 -2.816019e+01  5.450000e-01
   endloop
 endfacet
 facet normal -5.192983e-01 -8.545930e-01  0.000000e+00
   outer loop
     vertex  5.351341e+01 -2.816019e+01  5.100000e-01
     vertex  5.360638e+01 -2.821669e+01  5.100000e-01
     vertex  5.360638e+01 -2.821669e+01  5.450000e-01
   endloop
 endfacet
 facet normal -3.018826e-01 -9.533451e-01  0.000000e+00
   outer loop
     vertex  5.340969e+01 -2.812735e+01  5.100000e-01
     vertex  5.351341e+01 -2.816019e+01  5.450000e-01
     vertex  5.340969e+01 -2.812735e+01  5.450000e-01
   endloop
 endfacet
 facet normal -3.018826e-01 -9.533451e-01  0.000000e+00
   outer loop
     vertex  5.340969e+01 -2.812735e+01  5.100000e-01
     vertex  5.351341e+01 -2.816019e+01  5.100000e-01
     vertex  5.351341e+01 -2.816019e+01  5.450000e-01
   endloop
 endfacet
 facet normal  2.236141e-06 -1.000000e+00  0.000000e+00
   outer loop
     vertex  5.251530e+01 -2.812736e+01  5.100000e-01
     vertex  5.340969e+01 -2.812735e+01  5.100000e-01
     vertex  5.340969e+01 -2.812735e+01  5.450000e-01
   endloop
 endfacet
 facet normal  2.236141e-06 -1.000000e+00  0.000000e+00
   outer loop
     vertex  5.251530e+01 -2.812736e+01  5.100000e-01
     vertex  5.340969e+01 -2.812735e+01  5.450000e-01
     vertex  5.251530e+01 -2.812736e+01  5.450000e-01
   endloop
 endfacet
 facet normal  3.019025e-01 -9.533388e-01  0.000000e+00
   outer loop
     vertex  5.241158e+01 -2.816020e+01  5.100000e-01
     vertex  5.251530e+01 -2.812736e+01  5.100000e-01
     vertex  5.251530e+01 -2.812736e+01  5.450000e-01
   endloop
 endfacet
 facet normal  3.019025e-01 -9.533388e-01  0.000000e+00
   outer loop
     vertex  5.241158e+01 -2.816020e+01  5.100000e-01
     vertex  5.251530e+01 -2.812736e+01  5.450000e-01
     vertex  5.241158e+01 -2.816020e+01  5.450000e-01
   endloop
 endfacet
 facet normal  5.193137e-01 -8.545837e-01  0.000000e+00
   outer loop
     vertex  5.231861e+01 -2.821669e+01  5.100000e-01
     vertex  5.241158e+01 -2.816020e+01  5.450000e-01
     vertex  5.231861e+01 -2.821669e+01  5.450000e-01
   endloop
 endfacet
 facet normal  5.193137e-01 -8.545837e-01  0.000000e+00
   outer loop
     vertex  5.231861e+01 -2.821669e+01  5.100000e-01
     vertex  5.241158e+01 -2.816020e+01  5.100000e-01
     vertex  5.241158e+01 -2.816020e+01  5.450000e-01
   endloop
 endfacet
 facet normal  7.071136e-01 -7.071000e-01  0.000000e+00
   outer loop
     vertex  5.224169e+01 -2.829362e+01  5.100000e-01
     vertex  5.231861e+01 -2.821669e+01  5.450000e-01
     vertex  5.224169e+01 -2.829362e+01  5.450000e-01
   endloop
 endfacet
 facet normal  7.071136e-01 -7.071000e-01  0.000000e+00
   outer loop
     vertex  5.224169e+01 -2.829362e+01  5.100000e-01
     vertex  5.231861e+01 -2.821669e+01  5.100000e-01
     vertex  5.231861e+01 -2.821669e+01  5.450000e-01
   endloop
 endfacet
 facet normal  8.545937e-01 -5.192972e-01  0.000000e+00
   outer loop
     vertex  5.218519e+01 -2.838659e+01  5.100000e-01
     vertex  5.224169e+01 -2.829362e+01  5.450000e-01
     vertex  5.218519e+01 -2.838659e+01  5.450000e-01
   endloop
 endfacet
 facet normal  8.545937e-01 -5.192972e-01  0.000000e+00
   outer loop
     vertex  5.218519e+01 -2.838659e+01  5.100000e-01
     vertex  5.224169e+01 -2.829362e+01  5.100000e-01
     vertex  5.224169e+01 -2.829362e+01  5.450000e-01
   endloop
 endfacet
 facet normal  9.533446e-01 -3.018841e-01  0.000000e+00
   outer loop
     vertex  5.215235e+01 -2.849030e+01  5.100000e-01
     vertex  5.218519e+01 -2.838659e+01  5.450000e-01
     vertex  5.215235e+01 -2.849030e+01  5.450000e-01
   endloop
 endfacet
 facet normal  9.533446e-01 -3.018841e-01  0.000000e+00
   outer loop
     vertex  5.215235e+01 -2.849030e+01  5.100000e-01
     vertex  5.218519e+01 -2.838659e+01  5.100000e-01
     vertex  5.218519e+01 -2.838659e+01  5.450000e-01
   endloop
 endfacet
 facet normal  1.000000e+00  6.623837e-07  0.000000e+00
   outer loop
     vertex  5.215236e+01 -3.150970e+01  5.450000e-01
     vertex  5.215235e+01 -2.849030e+01  5.100000e-01
     vertex  5.215235e+01 -2.849030e+01  5.450000e-01
   endloop
 endfacet
 facet normal  1.000000e+00  6.623837e-07 -0.000000e+00
   outer loop
     vertex  5.215236e+01 -3.150970e+01  5.100000e-01
     vertex  5.215235e+01 -2.849030e+01  5.100000e-01
     vertex  5.215236e+01 -3.150970e+01  5.450000e-01
   endloop
 endfacet
 facet normal  9.533400e-01  3.018987e-01  0.000000e+00
   outer loop
     vertex  5.218520e+01 -3.161342e+01  5.100000e-01
     vertex  5.215236e+01 -3.150970e+01  5.100000e-01
     vertex  5.215236e+01 -3.150970e+01  5.450000e-01
   endloop
 endfacet
 facet normal  9.533400e-01  3.018987e-01 -0.000000e+00
   outer loop
     vertex  5.218520e+01 -3.161342e+01  5.100000e-01
     vertex  5.215236e+01 -3.150970e+01  5.450000e-01
     vertex  5.218520e+01 -3.161342e+01  5.450000e-01
   endloop
 endfacet
 facet normal  8.545861e-01  5.193097e-01 -0.000000e+00
   outer loop
     vertex  5.224169e+01 -3.170638e+01  5.100000e-01
     vertex  5.218520e+01 -3.161342e+01  5.450000e-01
     vertex  5.224169e+01 -3.170638e+01  5.450000e-01
   endloop
 endfacet
 facet normal  8.545861e-01  5.193097e-01  0.000000e+00
   outer loop
     vertex  5.224169e+01 -3.170638e+01  5.100000e-01
     vertex  5.218520e+01 -3.161342e+01  5.100000e-01
     vertex  5.218520e+01 -3.161342e+01  5.450000e-01
   endloop
 endfacet
 facet normal  7.071039e-01  7.071097e-01 -0.000000e+00
   outer loop
     vertex  5.231862e+01 -3.178331e+01  5.100000e-01
     vertex  5.224169e+01 -3.170638e+01  5.450000e-01
     vertex  5.231862e+01 -3.178331e+01  5.450000e-01
   endloop
 endfacet
 facet normal  7.071039e-01  7.071097e-01  0.000000e+00
   outer loop
     vertex  5.231862e+01 -3.178331e+01  5.100000e-01
     vertex  5.224169e+01 -3.170638e+01  5.100000e-01
     vertex  5.224169e+01 -3.170638e+01  5.450000e-01
   endloop
 endfacet
 facet normal  5.193026e-01  8.545904e-01 -0.000000e+00
   outer loop
     vertex  5.241159e+01 -3.183980e+01  5.100000e-01
     vertex  5.231862e+01 -3.178331e+01  5.450000e-01
     vertex  5.241159e+01 -3.183980e+01  5.450000e-01
   endloop
 endfacet
 facet normal  5.193026e-01  8.545904e-01  0.000000e+00
   outer loop
     vertex  5.241159e+01 -3.183980e+01  5.100000e-01
     vertex  5.231862e+01 -3.178331e+01  5.100000e-01
     vertex  5.231862e+01 -3.178331e+01  5.450000e-01
   endloop
 endfacet
 facet normal  3.018908e-01  9.533425e-01 -0.000000e+00
   outer loop
     vertex  5.251530e+01 -3.187265e+01  5.100000e-01
     vertex  5.241159e+01 -3.183980e+01  5.450000e-01
     vertex  5.251530e+01 -3.187265e+01  5.450000e-01
   endloop
 endfacet
 facet normal  3.018908e-01  9.533425e-01  0.000000e+00
   outer loop
     vertex  5.251530e+01 -3.187265e+01  5.100000e-01
     vertex  5.241159e+01 -3.183980e+01  5.100000e-01
     vertex  5.241159e+01 -3.183980e+01  5.450000e-01
   endloop
 endfacet
 facet normal  0.000000e+00  1.000000e+00  0.000000e+00
   outer loop
     vertex  5.340970e+01 -3.187265e+01  5.100000e-01
     vertex  5.251530e+01 -3.187265e+01  5.100000e-01
     vertex  5.251530e+01 -3.187265e+01  5.450000e-01
   endloop
 endfacet
 facet normal  0.000000e+00  1.000000e+00 -0.000000e+00
   outer loop
     vertex  5.340970e+01 -3.187265e+01  5.100000e-01
     vertex  5.251530e+01 -3.187265e+01  5.450000e-01
     vertex  5.340970e+01 -3.187265e+01  5.450000e-01
   endloop
 endfacet
 facet normal -3.018919e-01  9.533422e-01  0.000000e+00
   outer loop
     vertex  5.351341e+01 -3.183980e+01  5.100000e-01
     vertex  5.340970e+01 -3.187265e+01  5.100000e-01
     vertex  5.340970e+01 -3.187265e+01  5.450000e-01
   endloop
 endfacet
 facet normal -3.018919e-01  9.533422e-01  0.000000e+00
   outer loop
     vertex  5.351341e+01 -3.183980e+01  5.100000e-01
     vertex  5.340970e+01 -3.187265e+01  5.450000e-01
     vertex  5.351341e+01 -3.183980e+01  5.450000e-01
   endloop
 endfacet
 facet normal -5.193049e-01  8.545890e-01  0.000000e+00
   outer loop
     vertex  5.360638e+01 -3.178331e+01  5.100000e-01
     vertex  5.351341e+01 -3.183980e+01  5.450000e-01
     vertex  5.360638e+01 -3.178331e+01  5.450000e-01
   endloop
 endfacet
 facet normal -5.193049e-01  8.545890e-01  0.000000e+00
   outer loop
     vertex  5.360638e+01 -3.178331e+01  5.100000e-01
     vertex  5.351341e+01 -3.183980e+01  5.100000e-01
     vertex  5.351341e+01 -3.183980e+01  5.450000e-01
   endloop
 endfacet
 facet normal -7.071068e-01  7.071068e-01  0.000000e+00
   outer loop
     vertex  5.368331e+01 -3.170638e+01  5.100000e-01
     vertex  5.360638e+01 -3.178331e+01  5.450000e-01
     vertex  5.368331e+01 -3.170638e+01  5.450000e-01
   endloop
 endfacet
 facet normal -7.071068e-01  7.071068e-01  0.000000e+00
   outer loop
     vertex  5.368331e+01 -3.170638e+01  5.100000e-01
     vertex  5.360638e+01 -3.178331e+01  5.100000e-01
     vertex  5.360638e+01 -3.178331e+01  5.450000e-01
   endloop
 endfacet
 facet normal -8.545890e-01  5.193049e-01  0.000000e+00
   outer loop
     vertex  5.373980e+01 -3.161341e+01  5.100000e-01
     vertex  5.368331e+01 -3.170638e+01  5.450000e-01
     vertex  5.373980e+01 -3.161341e+01  5.450000e-01
   endloop
 endfacet
 facet normal -8.545890e-01  5.193049e-01  0.000000e+00
   outer loop
     vertex  5.373980e+01 -3.161341e+01  5.100000e-01
     vertex  5.368331e+01 -3.170638e+01  5.100000e-01
     vertex  5.368331e+01 -3.170638e+01  5.450000e-01
   endloop
 endfacet
 facet normal -9.533422e-01  3.018919e-01  0.000000e+00
   outer loop
     vertex  5.377265e+01 -3.150970e+01  5.100000e-01
     vertex  5.373980e+01 -3.161341e+01  5.450000e-01
     vertex  5.377265e+01 -3.150970e+01  5.450000e-01
   endloop
 endfacet
 facet normal -9.533422e-01  3.018919e-01  0.000000e+00
   outer loop
     vertex  5.377265e+01 -3.150970e+01  5.100000e-01
     vertex  5.373980e+01 -3.161341e+01  5.100000e-01
     vertex  5.373980e+01 -3.161341e+01  5.450000e-01
   endloop
 endfacet
 facet normal -9.999950e-01  3.170394e-03  0.000000e+00
   outer loop
     vertex  5.377550e+01 -3.060950e+01  5.100000e-01
     vertex  5.377265e+01 -3.150970e+01  5.100000e-01
     vertex  5.377265e+01 -3.150970e+01  5.450000e-01
   endloop
 endfacet
 facet normal -9.999950e-01  3.170394e-03  0.000000e+00
   outer loop
     vertex  5.377550e+01 -3.060950e+01  5.100000e-01
     vertex  5.377265e+01 -3.150970e+01  5.450000e-01
     vertex  5.377550e+01 -3.060950e+01  5.450000e-01
   endloop
 endfacet
 facet normal -9.937132e-01  1.119556e-01  0.000000e+00
   outer loop
     vertex  5.377798e+01 -3.058747e+01  5.100000e-01
     vertex  5.377550e+01 -3.060950e+01  5.100000e-01
     vertex  5.377550e+01 -3.060950e+01  5.450000e-01
   endloop
 endfacet
 facet normal -9.937132e-01  1.119556e-01  0.000000e+00
   outer loop
     vertex  5.377798e+01 -3.058747e+01  5.100000e-01
     vertex  5.377550e+01 -3.060950e+01  5.450000e-01
     vertex  5.377798e+01 -3.058747e+01  5.450000e-01
   endloop
 endfacet
 facet normal -9.438853e-01  3.302734e-01  0.000000e+00
   outer loop
     vertex  5.378530e+01 -3.056655e+01  5.100000e-01
     vertex  5.377798e+01 -3.058747e+01  5.450000e-01
     vertex  5.378530e+01 -3.056655e+01  5.450000e-01
   endloop
 endfacet
 facet normal -9.438853e-01  3.302734e-01  0.000000e+00
   outer loop
     vertex  5.378530e+01 -3.056655e+01  5.100000e-01
     vertex  5.377798e+01 -3.058747e+01  5.100000e-01
     vertex  5.377798e+01 -3.058747e+01  5.450000e-01
   endloop
 endfacet
 facet normal -8.467258e-01  5.320296e-01  0.000000e+00
   outer loop
     vertex  5.379710e+01 -3.054777e+01  5.100000e-01
     vertex  5.378530e+01 -3.056655e+01  5.450000e-01
     vertex  5.379710e+01 -3.054777e+01  5.450000e-01
   endloop
 endfacet
 facet normal -8.467258e-01  5.320296e-01  0.000000e+00
   outer loop
     vertex  5.379710e+01 -3.054777e+01  5.100000e-01
     vertex  5.378530e+01 -3.056655e+01  5.100000e-01
     vertex  5.378530e+01 -3.056655e+01  5.450000e-01
   endloop
 endfacet
 facet normal -7.071068e-01  7.071068e-01  0.000000e+00
   outer loop
     vertex  5.381277e+01 -3.053210e+01  5.100000e-01
     vertex  5.379710e+01 -3.054777e+01  5.450000e-01
     vertex  5.381277e+01 -3.053210e+01  5.450000e-01
   endloop
 endfacet
 facet normal -7.071068e-01  7.071068e-01  0.000000e+00
   outer loop
     vertex  5.381277e+01 -3.053210e+01  5.100000e-01
     vertex  5.379710e+01 -3.054777e+01  5.100000e-01
     vertex  5.379710e+01 -3.054777e+01  5.450000e-01
   endloop
 endfacet
 facet normal -5.320296e-01  8.467258e-01  0.000000e+00
   outer loop
     vertex  5.383155e+01 -3.052030e+01  5.100000e-01
     vertex  5.381277e+01 -3.053210e+01  5.450000e-01
     vertex  5.383155e+01 -3.052030e+01  5.450000e-01
   endloop
 endfacet
 facet normal -5.320296e-01  8.467258e-01  0.000000e+00
   outer loop
     vertex  5.383155e+01 -3.052030e+01  5.100000e-01
     vertex  5.381277e+01 -3.053210e+01  5.100000e-01
     vertex  5.381277e+01 -3.053210e+01  5.450000e-01
   endloop
 endfacet
 facet normal -3.302734e-01  9.438853e-01  0.000000e+00
   outer loop
     vertex  5.385247e+01 -3.051298e+01  5.100000e-01
     vertex  5.383155e+01 -3.052030e+01  5.450000e-01
     vertex  5.385247e+01 -3.051298e+01  5.450000e-01
   endloop
 endfacet
 facet normal -3.302734e-01  9.438853e-01  0.000000e+00
   outer loop
     vertex  5.385247e+01 -3.051298e+01  5.100000e-01
     vertex  5.383155e+01 -3.052030e+01  5.100000e-01
     vertex  5.383155e+01 -3.052030e+01  5.450000e-01
   endloop
 endfacet
 facet normal -1.119556e-01  9.937132e-01  0.000000e+00
   outer loop
     vertex  5.387450e+01 -3.051050e+01  5.100000e-01
     vertex  5.385247e+01 -3.051298e+01  5.450000e-01
     vertex  5.387450e+01 -3.051050e+01  5.450000e-01
   endloop
 endfacet
 facet normal -1.119556e-01  9.937132e-01  0.000000e+00
   outer loop
     vertex  5.387450e+01 -3.051050e+01  5.100000e-01
     vertex  5.385247e+01 -3.051298e+01  5.100000e-01
     vertex  5.385247e+01 -3.051298e+01  5.450000e-01
   endloop
 endfacet
 facet normal  1.730836e-16  1.000000e+00  0.000000e+00
   outer loop
     vertex  7.440050e+01 -3.051050e+01  5.100000e-01
     vertex  5.387450e+01 -3.051050e+01  5.100000e-01
     vertex  5.387450e+01 -3.051050e+01  5.450000e-01
   endloop
 endfacet
 facet normal  1.730836e-16  1.000000e+00 -0.000000e+00
   outer loop
     vertex  7.440050e+01 -3.051050e+01  5.100000e-01
     vertex  5.387450e+01 -3.051050e+01  5.450000e-01
     vertex  7.440050e+01 -3.051050e+01  5.450000e-01
   endloop
 endfacet
 facet normal  1.119556e-01  9.937132e-01  0.000000e+00
   outer loop
     vertex  7.442253e+01 -3.051298e+01  5.100000e-01
     vertex  7.440050e+01 -3.051050e+01  5.100000e-01
     vertex  7.440050e+01 -3.051050e+01  5.450000e-01
   endloop
 endfacet
 facet normal  1.119556e-01  9.937132e-01 -0.000000e+00
   outer loop
     vertex  7.442253e+01 -3.051298e+01  5.100000e-01
     vertex  7.440050e+01 -3.051050e+01  5.450000e-01
     vertex  7.442253e+01 -3.051298e+01  5.450000e-01
   endloop
 endfacet
 facet normal  3.302734e-01  9.438853e-01 -0.000000e+00
   outer loop
     vertex  7.444345e+01 -3.052030e+01  5.100000e-01
     vertex  7.442253e+01 -3.051298e+01  5.450000e-01
     vertex  7.444345e+01 -3.052030e+01  5.450000e-01
   endloop
 endfacet
 facet normal  3.302734e-01  9.438853e-01  0.000000e+00
   outer loop
     vertex  7.444345e+01 -3.052030e+01  5.100000e-01
     vertex  7.442253e+01 -3.051298e+01  5.100000e-01
     vertex  7.442253e+01 -3.051298e+01  5.450000e-01
   endloop
 endfacet
 facet normal  5.320296e-01  8.467258e-01 -0.000000e+00
   outer loop
     vertex  7.446223e+01 -3.053210e+01  5.100000e-01
     vertex  7.444345e+01 -3.052030e+01  5.450000e-01
     vertex  7.446223e+01 -3.053210e+01  5.450000e-01
   endloop
 endfacet
 facet normal  5.320296e-01  8.467258e-01  0.000000e+00
   outer loop
     vertex  7.446223e+01 -3.053210e+01  5.100000e-01
     vertex  7.444345e+01 -3.052030e+01  5.100000e-01
     vertex  7.444345e+01 -3.052030e+01  5.450000e-01
   endloop
 endfacet
 facet normal  7.071068e-01  7.071068e-01 -0.000000e+00
   outer loop
     vertex  7.447790e+01 -3.054777e+01  5.100000e-01
     vertex  7.446223e+01 -3.053210e+01  5.450000e-01
     vertex  7.447790e+01 -3.054777e+01  5.450000e-01
   endloop
 endfacet
 facet normal  7.071068e-01  7.071068e-01  0.000000e+00
   outer loop
     vertex  7.447790e+01 -3.054777e+01  5.100000e-01
     vertex  7.446223e+01 -3.053210e+01  5.100000e-01
     vertex  7.446223e+01 -3.053210e+01  5.450000e-01
   endloop
 endfacet
 facet normal  8.467258e-01  5.320296e-01 -0.000000e+00
   outer loop
     vertex  7.448970e+01 -3.056655e+01  5.100000e-01
     vertex  7.447790e+01 -3.054777e+01  5.450000e-01
     vertex  7.448970e+01 -3.056655e+01  5.450000e-01
   endloop
 endfacet
 facet normal  8.467258e-01  5.320296e-01  0.000000e+00
   outer loop
     vertex  7.448970e+01 -3.056655e+01  5.100000e-01
     vertex  7.447790e+01 -3.054777e+01  5.100000e-01
     vertex  7.447790e+01 -3.054777e+01  5.450000e-01
   endloop
 endfacet
 facet normal  9.438853e-01  3.302734e-01 -0.000000e+00
   outer loop
     vertex  7.449702e+01 -3.058747e+01  5.100000e-01
     vertex  7.448970e+01 -3.056655e+01  5.450000e-01
     vertex  7.449702e+01 -3.058747e+01  5.450000e-01
   endloop
 endfacet
 facet normal  9.438853e-01  3.302734e-01  0.000000e+00
   outer loop
     vertex  7.449702e+01 -3.058747e+01  5.100000e-01
     vertex  7.448970e+01 -3.056655e+01  5.100000e-01
     vertex  7.448970e+01 -3.056655e+01  5.450000e-01
   endloop
 endfacet
 facet normal  9.937132e-01  1.119556e-01 -0.000000e+00
   outer loop
     vertex  7.449950e+01 -3.060950e+01  5.100000e-01
     vertex  7.449702e+01 -3.058747e+01  5.450000e-01
     vertex  7.449950e+01 -3.060950e+01  5.450000e-01
   endloop
 endfacet
 facet normal  9.937132e-01  1.119556e-01  0.000000e+00
   outer loop
     vertex  7.449950e+01 -3.060950e+01  5.100000e-01
     vertex  7.449702e+01 -3.058747e+01  5.100000e-01
     vertex  7.449702e+01 -3.058747e+01  5.450000e-01
   endloop
 endfacet
 facet normal  1.000000e+00  0.000000e+00  0.000000e+00
   outer loop
     vertex  7.449950e+01 -3.940050e+01  5.100000e-01
     vertex  7.449950e+01 -3.060950e+01  5.100000e-01
     vertex  7.449950e+01 -3.060950e+01  5.450000e-01
   endloop
 endfacet
 facet normal  1.000000e+00  0.000000e+00  0.000000e+00
   outer loop
     vertex  7.449950e+01 -3.940050e+01  5.100000e-01
     vertex  7.449950e+01 -3.060950e+01  5.450000e-01
     vertex  7.449950e+01 -3.940050e+01  5.450000e-01
   endloop
 endfacet
 facet normal  9.937132e-01 -1.119556e-01  0.000000e+00
   outer loop
     vertex  7.449702e+01 -3.942253e+01  5.100000e-01
     vertex  7.449950e+01 -3.940050e+01  5.100000e-01
     vertex  7.449950e+01 -3.940050e+01  5.450000e-01
   endloop
 endfacet
 facet normal  9.937132e-01 -1.119556e-01  0.000000e+00
   outer loop
     vertex  7.449702e+01 -3.942253e+01  5.100000e-01
     vertex  7.449950e+01 -3.940050e+01  5.450000e-01
     vertex  7.449702e+01 -3.942253e+01  5.450000e-01
   endloop
 endfacet
 facet normal  9.438853e-01 -3.302734e-01  0.000000e+00
   outer loop
     vertex  7.448970e+01 -3.944345e+01  5.100000e-01
     vertex  7.449702e+01 -3.942253e+01  5.450000e-01
     vertex  7.448970e+01 -3.944345e+01  5.450000e-01
   endloop
 endfacet
 facet normal  9.438853e-01 -3.302734e-01  0.000000e+00
   outer loop
     vertex  7.448970e+01 -3.944345e+01  5.100000e-01
     vertex  7.449702e+01 -3.942253e+01  5.100000e-01
     vertex  7.449702e+01 -3.942253e+01  5.450000e-01
   endloop
 endfacet
 facet normal  8.467258e-01 -5.320296e-01  0.000000e+00
   outer loop
     vertex  7.447790e+01 -3.946223e+01  5.100000e-01
     vertex  7.448970e+01 -3.944345e+01  5.450000e-01
     vertex  7.447790e+01 -3.946223e+01  5.450000e-01
   endloop
 endfacet
 facet normal  8.467258e-01 -5.320296e-01  0.000000e+00
   outer loop
     vertex  7.447790e+01 -3.946223e+01  5.100000e-01
     vertex  7.448970e+01 -3.944345e+01  5.100000e-01
     vertex  7.448970e+01 -3.944345e+01  5.450000e-01
   endloop
 endfacet
 facet normal  7.071068e-01 -7.071068e-01  0.000000e+00
   outer loop
     vertex  7.446223e+01 -3.947790e+01  5.100000e-01
     vertex  7.447790e+01 -3.946223e+01  5.450000e-01
     vertex  7.446223e+01 -3.947790e+01  5.450000e-01
   endloop
 endfacet
 facet normal  7.071068e-01 -7.071068e-01  0.000000e+00
   outer loop
     vertex  7.446223e+01 -3.947790e+01  5.100000e-01
     vertex  7.447790e+01 -3.946223e+01  5.100000e-01
     vertex  7.447790e+01 -3.946223e+01  5.450000e-01
   endloop
 endfacet
 facet normal  5.320296e-01 -8.467258e-01  0.000000e+00
   outer loop
     vertex  7.444345e+01 -3.948970e+01  5.100000e-01
     vertex  7.446223e+01 -3.947790e+01  5.450000e-01
     vertex  7.444345e+01 -3.948970e+01  5.450000e-01
   endloop
 endfacet
 facet normal  5.320296e-01 -8.467258e-01  0.000000e+00
   outer loop
     vertex  7.444345e+01 -3.948970e+01  5.100000e-01
     vertex  7.446223e+01 -3.947790e+01  5.100000e-01
     vertex  7.446223e+01 -3.947790e+01  5.450000e-01
   endloop
 endfacet
 facet normal  3.302734e-01 -9.438853e-01  0.000000e+00
   outer loop
     vertex  7.442253e+01 -3.949702e+01  5.100000e-01
     vertex  7.444345e+01 -3.948970e+01  5.450000e-01
     vertex  7.442253e+01 -3.949702e+01  5.450000e-01
   endloop
 endfacet
 facet normal  3.302734e-01 -9.438853e-01  0.000000e+00
   outer loop
     vertex  7.442253e+01 -3.949702e+01  5.100000e-01
     vertex  7.444345e+01 -3.948970e+01  5.100000e-01
     vertex  7.444345e+01 -3.948970e+01  5.450000e-01
   endloop
 endfacet
 facet normal  1.119556e-01 -9.937132e-01  0.000000e+00
   outer loop
     vertex  7.440050e+01 -3.949950e+01  5.100000e-01
     vertex  7.442253e+01 -3.949702e+01  5.450000e-01
     vertex  7.440050e+01 -3.949950e+01  5.450000e-01
   endloop
 endfacet
 facet normal  1.119556e-01 -9.937132e-01  0.000000e+00
   outer loop
     vertex  7.440050e+01 -3.949950e+01  5.100000e-01
     vertex  7.442253e+01 -3.949702e+01  5.100000e-01
     vertex  7.442253e+01 -3.949702e+01  5.450000e-01
   endloop
 endfacet
 facet normal  0.000000e+00 -1.000000e+00  0.000000e+00
   outer loop
     vertex  5.995000e-01 -3.949950e+01  5.450000e-01
     vertex  7.440050e+01 -3.949950e+01  5.100000e-01
     vertex  7.440050e+01 -3.949950e+01  5.450000e-01
   endloop
 endfacet
 facet normal  0.000000e+00 -1.000000e+00  0.000000e+00
   outer loop
     vertex  5.995000e-01 -3.949950e+01  5.100000e-01
     vertex  7.440050e+01 -3.949950e+01  5.100000e-01
     vertex  5.995000e-01 -3.949950e+01  5.450000e-01
   endloop
 endfacet
 facet normal -1.119556e-01 -9.937132e-01  0.000000e+00
   outer loop
     vertex  5.774703e-01 -3.949702e+01  5.100000e-01
     vertex  5.995000e-01 -3.949950e+01  5.100000e-01
     vertex  5.995000e-01 -3.949950e+01  5.450000e-01
   endloop
 endfacet
 facet normal -1.119556e-01 -9.937132e-01  0.000000e+00
   outer loop
     vertex  5.774703e-01 -3.949702e+01  5.100000e-01
     vertex  5.995000e-01 -3.949950e+01  5.450000e-01
     vertex  5.774703e-01 -3.949702e+01  5.450000e-01
   endloop
 endfacet
 facet normal -3.302734e-01 -9.438853e-01  0.000000e+00
   outer loop
     vertex  5.565453e-01 -3.948970e+01  5.100000e-01
     vertex  5.774703e-01 -3.949702e+01  5.450000e-01
     vertex  5.565453e-01 -3.948970e+01  5.450000e-01
   endloop
 endfacet
 facet normal -3.302734e-01 -9.438853e-01  0.000000e+00
   outer loop
     vertex  5.565453e-01 -3.948970e+01  5.100000e-01
     vertex  5.774703e-01 -3.949702e+01  5.100000e-01
     vertex  5.774703e-01 -3.949702e+01  5.450000e-01
   endloop
 endfacet
 facet normal -5.320296e-01 -8.467258e-01  0.000000e+00
   outer loop
     vertex  5.377742e-01 -3.947790e+01  5.100000e-01
     vertex  5.565453e-01 -3.948970e+01  5.450000e-01
     vertex  5.377742e-01 -3.947790e+01  5.450000e-01
   endloop
 endfacet
 facet normal -5.320296e-01 -8.467258e-01  0.000000e+00
   outer loop
     vertex  5.377742e-01 -3.947790e+01  5.100000e-01
     vertex  5.565453e-01 -3.948970e+01  5.100000e-01
     vertex  5.565453e-01 -3.948970e+01  5.450000e-01
   endloop
 endfacet
 facet normal -7.071068e-01 -7.071068e-01  0.000000e+00
   outer loop
     vertex  5.220984e-01 -3.946223e+01  5.100000e-01
     vertex  5.377742e-01 -3.947790e+01  5.450000e-01
     vertex  5.220984e-01 -3.946223e+01  5.450000e-01
   endloop
 endfacet
 facet normal -7.071068e-01 -7.071068e-01  0.000000e+00
   outer loop
     vertex  5.220984e-01 -3.946223e+01  5.100000e-01
     vertex  5.377742e-01 -3.947790e+01  5.100000e-01
     vertex  5.377742e-01 -3.947790e+01  5.450000e-01
   endloop
 endfacet
 facet normal -8.467258e-01 -5.320296e-01  0.000000e+00
   outer loop
     vertex  5.103038e-01 -3.944345e+01  5.100000e-01
     vertex  5.220984e-01 -3.946223e+01  5.450000e-01
     vertex  5.103038e-01 -3.944345e+01  5.450000e-01
   endloop
 endfacet
 facet normal -8.467258e-01 -5.320296e-01  0.000000e+00
   outer loop
     vertex  5.103038e-01 -3.944345e+01  5.100000e-01
     vertex  5.220984e-01 -3.946223e+01  5.100000e-01
     vertex  5.220984e-01 -3.946223e+01  5.450000e-01
   endloop
 endfacet
 facet normal -9.438853e-01 -3.302734e-01  0.000000e+00
   outer loop
     vertex  5.029819e-01 -3.942253e+01  5.100000e-01
     vertex  5.103038e-01 -3.944345e+01  5.450000e-01
     vertex  5.029819e-01 -3.942253e+01  5.450000e-01
   endloop
 endfacet
 facet normal -9.438853e-01 -3.302734e-01  0.000000e+00
   outer loop
     vertex  5.029819e-01 -3.942253e+01  5.100000e-01
     vertex  5.103038e-01 -3.944345e+01  5.100000e-01
     vertex  5.103038e-01 -3.944345e+01  5.450000e-01
   endloop
 endfacet
 facet normal -9.937132e-01 -1.119556e-01  0.000000e+00
   outer loop
     vertex  5.005000e-01 -3.940050e+01  5.100000e-01
     vertex  5.029819e-01 -3.942253e+01  5.450000e-01
     vertex  5.005000e-01 -3.940050e+01  5.450000e-01
   endloop
 endfacet
 facet normal -9.937132e-01 -1.119556e-01  0.000000e+00
   outer loop
     vertex  5.005000e-01 -3.940050e+01  5.100000e-01
     vertex  5.029819e-01 -3.942253e+01  5.100000e-01
     vertex  5.029819e-01 -3.942253e+01  5.450000e-01
   endloop
 endfacet
 facet normal -1.000000e+00  1.772481e-17  0.000000e+00
   outer loop
     vertex  5.005000e-01 -2.060950e+01  5.100000e-01
     vertex  5.005000e-01 -3.940050e+01  5.100000e-01
     vertex  5.005000e-01 -3.940050e+01  5.450000e-01
   endloop
 endfacet
 facet normal -1.000000e+00  1.772481e-17  0.000000e+00
   outer loop
     vertex  5.005000e-01 -2.060950e+01  5.100000e-01
     vertex  5.005000e-01 -3.940050e+01  5.450000e-01
     vertex  5.005000e-01 -2.060950e+01  5.450000e-01
   endloop
 endfacet
 facet normal -9.937132e-01  1.119556e-01  0.000000e+00
   outer loop
     vertex  5.029819e-01 -2.058747e+01  5.100000e-01
     vertex  5.005000e-01 -2.060950e+01  5.100000e-01
     vertex  5.005000e-01 -2.060950e+01  5.450000e-01
   endloop
 endfacet
 facet normal -9.937132e-01  1.119556e-01  0.000000e+00
   outer loop
     vertex  5.029819e-01 -2.058747e+01  5.100000e-01
     vertex  5.005000e-01 -2.060950e+01  5.450000e-01
     vertex  5.029819e-01 -2.058747e+01  5.450000e-01
   endloop
 endfacet
 facet normal -9.438853e-01  3.302734e-01  0.000000e+00
   outer loop
     vertex  5.103038e-01 -2.056655e+01  5.100000e-01
     vertex  5.029819e-01 -2.058747e+01  5.450000e-01
     vertex  5.103038e-01 -2.056655e+01  5.450000e-01
   endloop
 endfacet
 facet normal -9.438853e-01  3.302734e-01  0.000000e+00
   outer loop
     vertex  5.103038e-01 -2.056655e+01  5.100000e-01
     vertex  5.029819e-01 -2.058747e+01  5.100000e-01
     vertex  5.029819e-01 -2.058747e+01  5.450000e-01
   endloop
 endfacet
 facet normal -8.467258e-01  5.320296e-01  0.000000e+00
   outer loop
     vertex  5.220984e-01 -2.054777e+01  5.100000e-01
     vertex  5.103038e-01 -2.056655e+01  5.450000e-01
     vertex  5.220984e-01 -2.054777e+01  5.450000e-01
   endloop
 endfacet
 facet normal -8.467258e-01  5.320296e-01  0.000000e+00
   outer loop
     vertex  5.220984e-01 -2.054777e+01  5.100000e-01
     vertex  5.103038e-01 -2.056655e+01  5.100000e-01
     vertex  5.103038e-01 -2.056655e+01  5.450000e-01
   endloop
 endfacet
 facet normal -7.071068e-01  7.071068e-01  0.000000e+00
   outer loop
     vertex  5.377742e-01 -2.053210e+01  5.100000e-01
     vertex  5.220984e-01 -2.054777e+01  5.450000e-01
     vertex  5.377742e-01 -2.053210e+01  5.450000e-01
   endloop
 endfacet
 facet normal -7.071068e-01  7.071068e-01  0.000000e+00
   outer loop
     vertex  5.377742e-01 -2.053210e+01  5.100000e-01
     vertex  5.220984e-01 -2.054777e+01  5.100000e-01
     vertex  5.220984e-01 -2.054777e+01  5.450000e-01
   endloop
 endfacet
 facet normal -5.320296e-01  8.467258e-01  0.000000e+00
   outer loop
     vertex  5.565453e-01 -2.052030e+01  5.100000e-01
     vertex  5.377742e-01 -2.053210e+01  5.450000e-01
     vertex  5.565453e-01 -2.052030e+01  5.450000e-01
   endloop
 endfacet
 facet normal -5.320296e-01  8.467258e-01  0.000000e+00
   outer loop
     vertex  5.565453e-01 -2.052030e+01  5.100000e-01
     vertex  5.377742e-01 -2.053210e+01  5.100000e-01
     vertex  5.377742e-01 -2.053210e+01  5.450000e-01
   endloop
 endfacet
 facet normal -3.302734e-01  9.438853e-01  0.000000e+00
   outer loop
     vertex  5.774703e-01 -2.051298e+01  5.100000e-01
     vertex  5.565453e-01 -2.052030e+01  5.450000e-01
     vertex  5.774703e-01 -2.051298e+01  5.450000e-01
   endloop
 endfacet
 facet normal -3.302734e-01  9.438853e-01  0.000000e+00
   outer loop
     vertex  5.774703e-01 -2.051298e+01  5.100000e-01
     vertex  5.565453e-01 -2.052030e+01  5.100000e-01
     vertex  5.565453e-01 -2.052030e+01  5.450000e-01
   endloop
 endfacet
 facet normal -1.119556e-01  9.937132e-01  0.000000e+00
   outer loop
     vertex  5.995000e-01 -2.051050e+01  5.100000e-01
     vertex  5.774703e-01 -2.051298e+01  5.450000e-01
     vertex  5.995000e-01 -2.051050e+01  5.450000e-01
   endloop
 endfacet
 facet normal -1.119556e-01  9.937132e-01  0.000000e+00
   outer loop
     vertex  5.995000e-01 -2.051050e+01  5.100000e-01
     vertex  5.774703e-01 -2.051298e+01  5.100000e-01
     vertex  5.774703e-01 -2.051298e+01  5.450000e-01
   endloop
 endfacet
 facet normal  0.000000e+00  1.000000e+00  0.000000e+00
   outer loop
     vertex  1.917550e+01 -2.051050e+01  5.100000e-01
     vertex  5.995000e-01 -2.051050e+01  5.100000e-01
     vertex  5.995000e-01 -2.051050e+01  5.450000e-01
   endloop
 endfacet
 facet normal  0.000000e+00  1.000000e+00 -0.000000e+00
   outer loop
     vertex  1.917550e+01 -2.051050e+01  5.100000e-01
     vertex  5.995000e-01 -2.051050e+01  5.450000e-01
     vertex  1.917550e+01 -2.051050e+01  5.450000e-01
   endloop
 endfacet
 facet normal  1.119556e-01  9.937132e-01  0.000000e+00
   outer loop
     vertex  1.919753e+01 -2.051298e+01  5.100000e-01
     vertex  1.917550e+01 -2.051050e+01  5.100000e-01
     vertex  1.917550e+01 -2.051050e+01  5.450000e-01
   endloop
 endfacet
 facet normal  1.119556e-01  9.937132e-01 -0.000000e+00
   outer loop
     vertex  1.919753e+01 -2.051298e+01  5.100000e-01
     vertex  1.917550e+01 -2.051050e+01  5.450000e-01
     vertex  1.919753e+01 -2.051298e+01  5.450000e-01
   endloop
 endfacet
 facet normal  3.302734e-01  9.438853e-01 -0.000000e+00
   outer loop
     vertex  1.921845e+01 -2.052030e+01  5.100000e-01
     vertex  1.919753e+01 -2.051298e+01  5.450000e-01
     vertex  1.921845e+01 -2.052030e+01  5.450000e-01
   endloop
 endfacet
 facet normal  3.302734e-01  9.438853e-01  0.000000e+00
   outer loop
     vertex  1.921845e+01 -2.052030e+01  5.100000e-01
     vertex  1.919753e+01 -2.051298e+01  5.100000e-01
     vertex  1.919753e+01 -2.051298e+01  5.450000e-01
   endloop
 endfacet
 facet normal  5.320296e-01  8.467258e-01 -0.000000e+00
   outer loop
     vertex  1.923723e+01 -2.053210e+01  5.100000e-01
     vertex  1.921845e+01 -2.052030e+01  5.450000e-01
     vertex  1.923723e+01 -2.053210e+01  5.450000e-01
   endloop
 endfacet
 facet normal  5.320296e-01  8.467258e-01  0.000000e+00
   outer loop
     vertex  1.923723e+01 -2.053210e+01  5.100000e-01
     vertex  1.921845e+01 -2.052030e+01  5.100000e-01
     vertex  1.921845e+01 -2.052030e+01  5.450000e-01
   endloop
 endfacet
 facet normal  7.071068e-01  7.071068e-01 -0.000000e+00
   outer loop
     vertex  1.925290e+01 -2.054777e+01  5.100000e-01
     vertex  1.923723e+01 -2.053210e+01  5.450000e-01
     vertex  1.925290e+01 -2.054777e+01  5.450000e-01
   endloop
 endfacet
 facet normal  7.071068e-01  7.071068e-01  0.000000e+00
   outer loop
     vertex  1.925290e+01 -2.054777e+01  5.100000e-01
     vertex  1.923723e+01 -2.053210e+01  5.100000e-01
     vertex  1.923723e+01 -2.053210e+01  5.450000e-01
   endloop
 endfacet
 facet normal  8.467258e-01  5.320296e-01 -0.000000e+00
   outer loop
     vertex  1.926470e+01 -2.056655e+01  5.100000e-01
     vertex  1.925290e+01 -2.054777e+01  5.450000e-01
     vertex  1.926470e+01 -2.056655e+01  5.450000e-01
   endloop
 endfacet
 facet normal  8.467258e-01  5.320296e-01  0.000000e+00
   outer loop
     vertex  1.926470e+01 -2.056655e+01  5.100000e-01
     vertex  1.925290e+01 -2.054777e+01  5.100000e-01
     vertex  1.925290e+01 -2.054777e+01  5.450000e-01
   endloop
 endfacet
 facet normal  9.438853e-01  3.302734e-01 -0.000000e+00
   outer loop
     vertex  1.927202e+01 -2.058747e+01  5.100000e-01
     vertex  1.926470e+01 -2.056655e+01  5.450000e-01
     vertex  1.927202e+01 -2.058747e+01  5.450000e-01
   endloop
 endfacet
 facet normal  9.438853e-01  3.302734e-01  0.000000e+00
   outer loop
     vertex  1.927202e+01 -2.058747e+01  5.100000e-01
     vertex  1.926470e+01 -2.056655e+01  5.100000e-01
     vertex  1.926470e+01 -2.056655e+01  5.450000e-01
   endloop
 endfacet
 facet normal  9.937132e-01  1.119556e-01 -0.000000e+00
   outer loop
     vertex  1.927450e+01 -2.060950e+01  5.100000e-01
     vertex  1.927202e+01 -2.058747e+01  5.450000e-01
     vertex  1.927450e+01 -2.060950e+01  5.450000e-01
   endloop
 endfacet
 facet normal  9.937132e-01  1.119556e-01  0.000000e+00
   outer loop
     vertex  1.927450e+01 -2.060950e+01  5.100000e-01
     vertex  1.927202e+01 -2.058747e+01  5.100000e-01
     vertex  1.927202e+01 -2.058747e+01  5.450000e-01
   endloop
 endfacet
 facet normal  9.999950e-01  3.171491e-03  0.000000e+00
   outer loop
     vertex  1.927736e+01 -2.150970e+01  5.100000e-01
     vertex  1.927450e+01 -2.060950e+01  5.100000e-01
     vertex  1.927450e+01 -2.060950e+01  5.450000e-01
   endloop
 endfacet
 facet normal  9.999950e-01  3.171491e-03 -0.000000e+00
   outer loop
     vertex  1.927736e+01 -2.150970e+01  5.100000e-01
     vertex  1.927450e+01 -2.060950e+01  5.450000e-01
     vertex  1.927736e+01 -2.150970e+01  5.450000e-01
   endloop
 endfacet
 facet normal  9.533400e-01  3.018987e-01  0.000000e+00
   outer loop
     vertex  1.931020e+01 -2.161342e+01  5.100000e-01
     vertex  1.927736e+01 -2.150970e+01  5.100000e-01
     vertex  1.927736e+01 -2.150970e+01  5.450000e-01
   endloop
 endfacet
 facet normal  9.533400e-01  3.018987e-01 -0.000000e+00
   outer loop
     vertex  1.931020e+01 -2.161342e+01  5.100000e-01
     vertex  1.927736e+01 -2.150970e+01  5.450000e-01
     vertex  1.931020e+01 -2.161342e+01  5.450000e-01
   endloop
 endfacet
 facet normal  8.545861e-01  5.193097e-01 -0.000000e+00
   outer loop
     vertex  1.936669e+01 -2.170638e+01  5.100000e-01
     vertex  1.931020e+01 -2.161342e+01  5.450000e-01
     vertex  1.936669e+01 -2.170638e+01  5.450000e-01
   endloop
 endfacet
 facet normal  8.545861e-01  5.193097e-01  0.000000e+00
   outer loop
     vertex  1.936669e+01 -2.170638e+01  5.100000e-01
     vertex  1.931020e+01 -2.161342e+01  5.100000e-01
     vertex  1.931020e+01 -2.161342e+01  5.450000e-01
   endloop
 endfacet
 facet normal  7.071039e-01  7.071097e-01 -0.000000e+00
   outer loop
     vertex  1.944362e+01 -2.178331e+01  5.100000e-01
     vertex  1.936669e+01 -2.170638e+01  5.450000e-01
     vertex  1.944362e+01 -2.178331e+01  5.450000e-01
   endloop
 endfacet
 facet normal  7.071039e-01  7.071097e-01  0.000000e+00
   outer loop
     vertex  1.944362e+01 -2.178331e+01  5.100000e-01
     vertex  1.936669e+01 -2.170638e+01  5.100000e-01
     vertex  1.936669e+01 -2.170638e+01  5.450000e-01
   endloop
 endfacet
 facet normal  5.193026e-01  8.545904e-01 -0.000000e+00
   outer loop
     vertex  1.953659e+01 -2.183980e+01  5.100000e-01
     vertex  1.944362e+01 -2.178331e+01  5.450000e-01
     vertex  1.953659e+01 -2.183980e+01  5.450000e-01
   endloop
 endfacet
 facet normal  5.193026e-01  8.545904e-01  0.000000e+00
   outer loop
     vertex  1.953659e+01 -2.183980e+01  5.100000e-01
     vertex  1.944362e+01 -2.178331e+01  5.100000e-01
     vertex  1.944362e+01 -2.178331e+01  5.450000e-01
   endloop
 endfacet
 facet normal  3.018908e-01  9.533425e-01 -0.000000e+00
   outer loop
     vertex  1.964030e+01 -2.187265e+01  5.100000e-01
     vertex  1.953659e+01 -2.183980e+01  5.450000e-01
     vertex  1.964030e+01 -2.187265e+01  5.450000e-01
   endloop
 endfacet
 facet normal  3.018908e-01  9.533425e-01  0.000000e+00
   outer loop
     vertex  1.964030e+01 -2.187265e+01  5.100000e-01
     vertex  1.953659e+01 -2.183980e+01  5.100000e-01
     vertex  1.953659e+01 -2.183980e+01  5.450000e-01
   endloop
 endfacet
 facet normal  0.000000e+00  1.000000e+00  0.000000e+00
   outer loop
     vertex  2.053470e+01 -2.187265e+01  5.100000e-01
     vertex  1.964030e+01 -2.187265e+01  5.100000e-01
     vertex  1.964030e+01 -2.187265e+01  5.450000e-01
   endloop
 endfacet
 facet normal  0.000000e+00  1.000000e+00 -0.000000e+00
   outer loop
     vertex  2.053470e+01 -2.187265e+01  5.100000e-01
     vertex  1.964030e+01 -2.187265e+01  5.450000e-01
     vertex  2.053470e+01 -2.187265e+01  5.450000e-01
   endloop
 endfacet
 facet normal -3.018919e-01  9.533422e-01  0.000000e+00
   outer loop
     vertex  2.063841e+01 -2.183980e+01  5.100000e-01
     vertex  2.053470e+01 -2.187265e+01  5.100000e-01
     vertex  2.053470e+01 -2.187265e+01  5.450000e-01
   endloop
 endfacet
 facet normal -3.018919e-01  9.533422e-01  0.000000e+00
   outer loop
     vertex  2.063841e+01 -2.183980e+01  5.100000e-01
     vertex  2.053470e+01 -2.187265e+01  5.450000e-01
     vertex  2.063841e+01 -2.183980e+01  5.450000e-01
   endloop
 endfacet
 facet normal -5.193049e-01  8.545890e-01  0.000000e+00
   outer loop
     vertex  2.073138e+01 -2.178331e+01  5.100000e-01
     vertex  2.063841e+01 -2.183980e+01  5.450000e-01
     vertex  2.073138e+01 -2.178331e+01  5.450000e-01
   endloop
 endfacet
 facet normal -5.193049e-01  8.545890e-01  0.000000e+00
   outer loop
     vertex  2.073138e+01 -2.178331e+01  5.100000e-01
     vertex  2.063841e+01 -2.183980e+01  5.100000e-01
     vertex  2.063841e+01 -2.183980e+01  5.450000e-01
   endloop
 endfacet
 facet normal -7.071068e-01  7.071068e-01  0.000000e+00
   outer loop
     vertex  2.080831e+01 -2.170638e+01  5.100000e-01
     vertex  2.073138e+01 -2.178331e+01  5.450000e-01
     vertex  2.080831e+01 -2.170638e+01  5.450000e-01
   endloop
 endfacet
 facet normal -7.071068e-01  7.071068e-01  0.000000e+00
   outer loop
     vertex  2.080831e+01 -2.170638e+01  5.100000e-01
     vertex  2.073138e+01 -2.178331e+01  5.100000e-01
     vertex  2.073138e+01 -2.178331e+01  5.450000e-01
   endloop
 endfacet
 facet normal -8.545890e-01  5.193049e-01  0.000000e+00
   outer loop
     vertex  2.086480e+01 -2.161341e+01  5.100000e-01
     vertex  2.080831e+01 -2.170638e+01  5.450000e-01
     vertex  2.086480e+01 -2.161341e+01  5.450000e-01
   endloop
 endfacet
 facet normal -8.545890e-01  5.193049e-01  0.000000e+00
   outer loop
     vertex  2.086480e+01 -2.161341e+01  5.100000e-01
     vertex  2.080831e+01 -2.170638e+01  5.100000e-01
     vertex  2.080831e+01 -2.170638e+01  5.450000e-01
   endloop
 endfacet
 facet normal -9.533422e-01  3.018919e-01  0.000000e+00
   outer loop
     vertex  2.089765e+01 -2.150970e+01  5.100000e-01
     vertex  2.086480e+01 -2.161341e+01  5.450000e-01
     vertex  2.089765e+01 -2.150970e+01  5.450000e-01
   endloop
 endfacet
 facet normal -9.533422e-01  3.018919e-01  0.000000e+00
   outer loop
     vertex  2.089765e+01 -2.150970e+01  5.100000e-01
     vertex  2.086480e+01 -2.161341e+01  5.100000e-01
     vertex  2.086480e+01 -2.161341e+01  5.450000e-01
   endloop
 endfacet
 facet normal -1.000000e+00  0.000000e+00  0.000000e+00
   outer loop
     vertex  2.089765e+01 -1.849030e+01  5.100000e-01
     vertex  2.089765e+01 -2.150970e+01  5.100000e-01
     vertex  2.089765e+01 -2.150970e+01  5.450000e-01
   endloop
 endfacet
 facet normal -1.000000e+00  0.000000e+00  0.000000e+00
   outer loop
     vertex  2.089765e+01 -1.849030e+01  5.100000e-01
     vertex  2.089765e+01 -2.150970e+01  5.450000e-01
     vertex  2.089765e+01 -1.849030e+01  5.450000e-01
   endloop
 endfacet
 facet normal -9.533418e-01 -3.018931e-01  0.000000e+00
   outer loop
     vertex  2.086480e+01 -1.838659e+01  5.100000e-01
     vertex  2.089765e+01 -1.849030e+01  5.100000e-01
     vertex  2.089765e+01 -1.849030e+01  5.450000e-01
   endloop
 endfacet
 facet normal -9.533418e-01 -3.018931e-01  0.000000e+00
   outer loop
     vertex  2.086480e+01 -1.838659e+01  5.100000e-01
     vertex  2.089765e+01 -1.849030e+01  5.450000e-01
     vertex  2.086480e+01 -1.838659e+01  5.450000e-01
   endloop
 endfacet
 facet normal -8.545873e-01 -5.193077e-01  0.000000e+00
   outer loop
     vertex  2.080831e+01 -1.829362e+01  5.100000e-01
     vertex  2.086480e+01 -1.838659e+01  5.450000e-01
     vertex  2.080831e+01 -1.829362e+01  5.450000e-01
   endloop
 endfacet
 facet normal -8.545873e-01 -5.193077e-01  0.000000e+00
   outer loop
     vertex  2.080831e+01 -1.829362e+01  5.100000e-01
     vertex  2.086480e+01 -1.838659e+01  5.100000e-01
     vertex  2.086480e+01 -1.838659e+01  5.450000e-01
   endloop
 endfacet
 facet normal -7.071029e-01 -7.071107e-01  0.000000e+00
   outer loop
     vertex  2.073138e+01 -1.821669e+01  5.100000e-01
     vertex  2.080831e+01 -1.829362e+01  5.450000e-01
     vertex  2.073138e+01 -1.821669e+01  5.450000e-01
   endloop
 endfacet
 facet normal -7.071029e-01 -7.071107e-01  0.000000e+00
   outer loop
     vertex  2.073138e+01 -1.821669e+01  5.100000e-01
     vertex  2.080831e+01 -1.829362e+01  5.100000e-01
     vertex  2.080831e+01 -1.829362e+01  5.450000e-01
   endloop
 endfacet
 facet normal -5.192983e-01 -8.545930e-01  0.000000e+00
   outer loop
     vertex  2.063841e+01 -1.816019e+01  5.100000e-01
     vertex  2.073138e+01 -1.821669e+01  5.450000e-01
     vertex  2.063841e+01 -1.816019e+01  5.450000e-01
   endloop
 endfacet
 facet normal -5.192983e-01 -8.545930e-01  0.000000e+00
   outer loop
     vertex  2.063841e+01 -1.816019e+01  5.100000e-01
     vertex  2.073138e+01 -1.821669e+01  5.100000e-01
     vertex  2.073138e+01 -1.821669e+01  5.450000e-01
   endloop
 endfacet
 facet normal -3.018826e-01 -9.533451e-01  0.000000e+00
   outer loop
     vertex  2.053469e+01 -1.812735e+01  5.100000e-01
     vertex  2.063841e+01 -1.816019e+01  5.450000e-01
     vertex  2.053469e+01 -1.812735e+01  5.450000e-01
   endloop
 endfacet
 facet normal -3.018826e-01 -9.533451e-01  0.000000e+00
   outer loop
     vertex  2.053469e+01 -1.812735e+01  5.100000e-01
     vertex  2.063841e+01 -1.816019e+01  5.100000e-01
     vertex  2.063841e+01 -1.816019e+01  5.450000e-01
   endloop
 endfacet
 facet normal  2.236141e-06 -1.000000e+00  0.000000e+00
   outer loop
     vertex  1.964030e+01 -1.812736e+01  5.100000e-01
     vertex  2.053469e+01 -1.812735e+01  5.100000e-01
     vertex  2.053469e+01 -1.812735e+01  5.450000e-01
   endloop
 endfacet
 facet normal  2.236141e-06 -1.000000e+00  0.000000e+00
   outer loop
     vertex  1.964030e+01 -1.812736e+01  5.100000e-01
     vertex  2.053469e+01 -1.812735e+01  5.450000e-01
     vertex  1.964030e+01 -1.812736e+01  5.450000e-01
   endloop
 endfacet
 facet normal  3.019025e-01 -9.533388e-01  0.000000e+00
   outer loop
     vertex  1.953658e+01 -1.816020e+01  5.100000e-01
     vertex  1.964030e+01 -1.812736e+01  5.100000e-01
     vertex  1.964030e+01 -1.812736e+01  5.450000e-01
   endloop
 endfacet
 facet normal  3.019025e-01 -9.533388e-01  0.000000e+00
   outer loop
     vertex  1.953658e+01 -1.816020e+01  5.100000e-01
     vertex  1.964030e+01 -1.812736e+01  5.450000e-01
     vertex  1.953658e+01 -1.816020e+01  5.450000e-01
   endloop
 endfacet
 facet normal  5.193137e-01 -8.545837e-01  0.000000e+00
   outer loop
     vertex  1.944361e+01 -1.821669e+01  5.100000e-01
     vertex  1.953658e+01 -1.816020e+01  5.450000e-01
     vertex  1.944361e+01 -1.821669e+01  5.450000e-01
   endloop
 endfacet
 facet normal  5.193137e-01 -8.545837e-01  0.000000e+00
   outer loop
     vertex  1.944361e+01 -1.821669e+01  5.100000e-01
     vertex  1.953658e+01 -1.816020e+01  5.100000e-01
     vertex  1.953658e+01 -1.816020e+01  5.450000e-01
   endloop
 endfacet
 facet normal  7.071136e-01 -7.071000e-01  0.000000e+00
   outer loop
     vertex  1.936669e+01 -1.829362e+01  5.100000e-01
     vertex  1.944361e+01 -1.821669e+01  5.450000e-01
     vertex  1.936669e+01 -1.829362e+01  5.450000e-01
   endloop
 endfacet
 facet normal  7.071136e-01 -7.071000e-01  0.000000e+00
   outer loop
     vertex  1.936669e+01 -1.829362e+01  5.100000e-01
     vertex  1.944361e+01 -1.821669e+01  5.100000e-01
     vertex  1.944361e+01 -1.821669e+01  5.450000e-01
   endloop
 endfacet
 facet normal  8.545937e-01 -5.192972e-01  0.000000e+00
   outer loop
     vertex  1.931019e+01 -1.838659e+01  5.100000e-01
     vertex  1.936669e+01 -1.829362e+01  5.450000e-01
     vertex  1.931019e+01 -1.838659e+01  5.450000e-01
   endloop
 endfacet
 facet normal  8.545937e-01 -5.192972e-01  0.000000e+00
   outer loop
     vertex  1.931019e+01 -1.838659e+01  5.100000e-01
     vertex  1.936669e+01 -1.829362e+01  5.100000e-01
     vertex  1.936669e+01 -1.829362e+01  5.450000e-01
   endloop
 endfacet
 facet normal  9.533446e-01 -3.018841e-01  0.000000e+00
   outer loop
     vertex  1.927735e+01 -1.849030e+01  5.100000e-01
     vertex  1.931019e+01 -1.838659e+01  5.450000e-01
     vertex  1.927735e+01 -1.849030e+01  5.450000e-01
   endloop
 endfacet
 facet normal  9.533446e-01 -3.018841e-01  0.000000e+00
   outer loop
     vertex  1.927735e+01 -1.849030e+01  5.100000e-01
     vertex  1.931019e+01 -1.838659e+01  5.100000e-01
     vertex  1.931019e+01 -1.838659e+01  5.450000e-01
   endloop
 endfacet
 facet normal  9.999950e-01 -3.169297e-03  0.000000e+00
   outer loop
     vertex  1.927450e+01 -1.939050e+01  5.100000e-01
     vertex  1.927735e+01 -1.849030e+01  5.100000e-01
     vertex  1.927735e+01 -1.849030e+01  5.450000e-01
   endloop
 endfacet
 facet normal  9.999950e-01 -3.169297e-03  0.000000e+00
   outer loop
     vertex  1.927450e+01 -1.939050e+01  5.100000e-01
     vertex  1.927735e+01 -1.849030e+01  5.450000e-01
     vertex  1.927450e+01 -1.939050e+01  5.450000e-01
   endloop
 endfacet
 facet normal  9.937132e-01 -1.119556e-01  0.000000e+00
   outer loop
     vertex  1.927202e+01 -1.941253e+01  5.100000e-01
     vertex  1.927450e+01 -1.939050e+01  5.100000e-01
     vertex  1.927450e+01 -1.939050e+01  5.450000e-01
   endloop
 endfacet
 facet normal  9.937132e-01 -1.119556e-01  0.000000e+00
   outer loop
     vertex  1.927202e+01 -1.941253e+01  5.100000e-01
     vertex  1.927450e+01 -1.939050e+01  5.450000e-01
     vertex  1.927202e+01 -1.941253e+01  5.450000e-01
   endloop
 endfacet
 facet normal  9.438853e-01 -3.302734e-01  0.000000e+00
   outer loop
     vertex  1.926470e+01 -1.943345e+01  5.100000e-01
     vertex  1.927202e+01 -1.941253e+01  5.450000e-01
     vertex  1.926470e+01 -1.943345e+01  5.450000e-01
   endloop
 endfacet
 facet normal  9.438853e-01 -3.302734e-01  0.000000e+00
   outer loop
     vertex  1.926470e+01 -1.943345e+01  5.100000e-01
     vertex  1.927202e+01 -1.941253e+01  5.100000e-01
     vertex  1.927202e+01 -1.941253e+01  5.450000e-01
   endloop
 endfacet
 facet normal  8.467258e-01 -5.320296e-01  0.000000e+00
   outer loop
     vertex  1.925290e+01 -1.945223e+01  5.100000e-01
     vertex  1.926470e+01 -1.943345e+01  5.450000e-01
     vertex  1.925290e+01 -1.945223e+01  5.450000e-01
   endloop
 endfacet
 facet normal  8.467258e-01 -5.320296e-01  0.000000e+00
   outer loop
     vertex  1.925290e+01 -1.945223e+01  5.100000e-01
     vertex  1.926470e+01 -1.943345e+01  5.100000e-01
     vertex  1.926470e+01 -1.943345e+01  5.450000e-01
   endloop
 endfacet
 facet normal  7.071068e-01 -7.071068e-01  0.000000e+00
   outer loop
     vertex  1.923723e+01 -1.946790e+01  5.100000e-01
     vertex  1.925290e+01 -1.945223e+01  5.450000e-01
     vertex  1.923723e+01 -1.946790e+01  5.450000e-01
   endloop
 endfacet
 facet normal  7.071068e-01 -7.071068e-01  0.000000e+00
   outer loop
     vertex  1.923723e+01 -1.946790e+01  5.100000e-01
     vertex  1.925290e+01 -1.945223e+01  5.100000e-01
     vertex  1.925290e+01 -1.945223e+01  5.450000e-01
   endloop
 endfacet
 facet normal  5.320296e-01 -8.467258e-01  0.000000e+00
   outer loop
     vertex  1.921845e+01 -1.947970e+01  5.100000e-01
     vertex  1.923723e+01 -1.946790e+01  5.450000e-01
     vertex  1.921845e+01 -1.947970e+01  5.450000e-01
   endloop
 endfacet
 facet normal  5.320296e-01 -8.467258e-01  0.000000e+00
   outer loop
     vertex  1.921845e+01 -1.947970e+01  5.100000e-01
     vertex  1.923723e+01 -1.946790e+01  5.100000e-01
     vertex  1.923723e+01 -1.946790e+01  5.450000e-01
   endloop
 endfacet
 facet normal  3.302734e-01 -9.438853e-01  0.000000e+00
   outer loop
     vertex  1.919753e+01 -1.948702e+01  5.100000e-01
     vertex  1.921845e+01 -1.947970e+01  5.450000e-01
     vertex  1.919753e+01 -1.948702e+01  5.450000e-01
   endloop
 endfacet
 facet normal  3.302734e-01 -9.438853e-01  0.000000e+00
   outer loop
     vertex  1.919753e+01 -1.948702e+01  5.100000e-01
     vertex  1.921845e+01 -1.947970e+01  5.100000e-01
     vertex  1.921845e+01 -1.947970e+01  5.450000e-01
   endloop
 endfacet
 facet normal  1.119556e-01 -9.937132e-01  0.000000e+00
   outer loop
     vertex  1.917550e+01 -1.948950e+01  5.100000e-01
     vertex  1.919753e+01 -1.948702e+01  5.450000e-01
     vertex  1.917550e+01 -1.948950e+01  5.450000e-01
   endloop
 endfacet
 facet normal  1.119556e-01 -9.937132e-01  0.000000e+00
   outer loop
     vertex  1.917550e+01 -1.948950e+01  5.100000e-01
     vertex  1.919753e+01 -1.948702e+01  5.100000e-01
     vertex  1.919753e+01 -1.948702e+01  5.450000e-01
   endloop
 endfacet
 facet normal  0.000000e+00 -1.000000e+00  0.000000e+00
   outer loop
     vertex  5.995000e-01 -1.948950e+01  5.100000e-01
     vertex  1.917550e+01 -1.948950e+01  5.100000e-01
     vertex  1.917550e+01 -1.948950e+01  5.450000e-01
   endloop
 endfacet
 facet normal  0.000000e+00 -1.000000e+00  0.000000e+00
   outer loop
     vertex  5.995000e-01 -1.948950e+01  5.100000e-01
     vertex  1.917550e+01 -1.948950e+01  5.450000e-01
     vertex  5.995000e-01 -1.948950e+01  5.450000e-01
   endloop
 endfacet
 facet normal -1.119556e-01 -9.937132e-01  0.000000e+00
   outer loop
     vertex  5.774703e-01 -1.948702e+01  5.100000e-01
     vertex  5.995000e-01 -1.948950e+01  5.100000e-01
     vertex  5.995000e-01 -1.948950e+01  5.450000e-01
   endloop
 endfacet
 facet normal -1.119556e-01 -9.937132e-01  0.000000e+00
   outer loop
     vertex  5.774703e-01 -1.948702e+01  5.100000e-01
     vertex  5.995000e-01 -1.948950e+01  5.450000e-01
     vertex  5.774703e-01 -1.948702e+01  5.450000e-01
   endloop
 endfacet
 facet normal -3.302734e-01 -9.438853e-01  0.000000e+00
   outer loop
     vertex  5.565453e-01 -1.947970e+01  5.100000e-01
     vertex  5.774703e-01 -1.948702e+01  5.450000e-01
     vertex  5.565453e-01 -1.947970e+01  5.450000e-01
   endloop
 endfacet
 facet normal -3.302734e-01 -9.438853e-01  0.000000e+00
   outer loop
     vertex  5.565453e-01 -1.947970e+01  5.100000e-01
     vertex  5.774703e-01 -1.948702e+01  5.100000e-01
     vertex  5.774703e-01 -1.948702e+01  5.450000e-01
   endloop
 endfacet
 facet normal -5.320296e-01 -8.467258e-01  0.000000e+00
   outer loop
     vertex  5.377742e-01 -1.946790e+01  5.100000e-01
     vertex  5.565453e-01 -1.947970e+01  5.450000e-01
     vertex  5.377742e-01 -1.946790e+01  5.450000e-01
   endloop
 endfacet
 facet normal -5.320296e-01 -8.467258e-01  0.000000e+00
   outer loop
     vertex  5.377742e-01 -1.946790e+01  5.100000e-01
     vertex  5.565453e-01 -1.947970e+01  5.100000e-01
     vertex  5.565453e-01 -1.947970e+01  5.450000e-01
   endloop
 endfacet
 facet normal -7.071068e-01 -7.071068e-01  0.000000e+00
   outer loop
     vertex  5.220984e-01 -1.945223e+01  5.100000e-01
     vertex  5.377742e-01 -1.946790e+01  5.450000e-01
     vertex  5.220984e-01 -1.945223e+01  5.450000e-01
   endloop
 endfacet
 facet normal -7.071068e-01 -7.071068e-01  0.000000e+00
   outer loop
     vertex  5.220984e-01 -1.945223e+01  5.100000e-01
     vertex  5.377742e-01 -1.946790e+01  5.100000e-01
     vertex  5.377742e-01 -1.946790e+01  5.450000e-01
   endloop
 endfacet
 facet normal -8.467258e-01 -5.320296e-01  0.000000e+00
   outer loop
     vertex  5.103038e-01 -1.943345e+01  5.100000e-01
     vertex  5.220984e-01 -1.945223e+01  5.450000e-01
     vertex  5.103038e-01 -1.943345e+01  5.450000e-01
   endloop
 endfacet
 facet normal -8.467258e-01 -5.320296e-01  0.000000e+00
   outer loop
     vertex  5.103038e-01 -1.943345e+01  5.100000e-01
     vertex  5.220984e-01 -1.945223e+01  5.100000e-01
     vertex  5.220984e-01 -1.945223e+01  5.450000e-01
   endloop
 endfacet
 facet normal -9.438853e-01 -3.302734e-01  0.000000e+00
   outer loop
     vertex  5.029819e-01 -1.941253e+01  5.100000e-01
     vertex  5.103038e-01 -1.943345e+01  5.450000e-01
     vertex  5.029819e-01 -1.941253e+01  5.450000e-01
   endloop
 endfacet
 facet normal -9.438853e-01 -3.302734e-01  0.000000e+00
   outer loop
     vertex  5.029819e-01 -1.941253e+01  5.100000e-01
     vertex  5.103038e-01 -1.943345e+01  5.100000e-01
     vertex  5.103038e-01 -1.943345e+01  5.450000e-01
   endloop
 endfacet
 facet normal -9.937132e-01 -1.119556e-01  0.000000e+00
   outer loop
     vertex  5.005000e-01 -1.939050e+01  5.100000e-01
     vertex  5.029819e-01 -1.941253e+01  5.450000e-01
     vertex  5.005000e-01 -1.939050e+01  5.450000e-01
   endloop
 endfacet
 facet normal -9.937132e-01 -1.119556e-01  0.000000e+00
   outer loop
     vertex  5.005000e-01 -1.939050e+01  5.100000e-01
     vertex  5.029819e-01 -1.941253e+01  5.100000e-01
     vertex  5.029819e-01 -1.941253e+01  5.450000e-01
   endloop
 endfacet
 facet normal -1.000000e+00  1.181654e-17  0.000000e+00
   outer loop
     vertex  5.005000e-01 -5.995000e-01  5.100000e-01
     vertex  5.005000e-01 -1.939050e+01  5.100000e-01
     vertex  5.005000e-01 -1.939050e+01  5.450000e-01
   endloop
 endfacet
 facet normal -1.000000e+00  1.181654e-17  0.000000e+00
   outer loop
     vertex  5.005000e-01 -5.995000e-01  5.100000e-01
     vertex  5.005000e-01 -1.939050e+01  5.450000e-01
     vertex  5.005000e-01 -5.995000e-01  5.450000e-01
   endloop
 endfacet
 facet normal -9.533418e-01 -3.018931e-01  0.000000e+00
   outer loop
     vertex  4.781480e+01 -8.386587e+00  5.100000e-01
     vertex  4.784765e+01 -8.490301e+00  5.100000e-01
     vertex  4.784765e+01 -8.490301e+00  5.450000e-01
   endloop
 endfacet
 facet normal -9.533418e-01 -3.018931e-01  0.000000e+00
   outer loop
     vertex  4.781480e+01 -8.386587e+00  5.100000e-01
     vertex  4.784765e+01 -8.490301e+00  5.450000e-01
     vertex  4.781480e+01 -8.386587e+00  5.450000e-01
   endloop
 endfacet
 facet normal -8.545873e-01 -5.193077e-01  0.000000e+00
   outer loop
     vertex  4.775831e+01 -8.293616e+00  5.100000e-01
     vertex  4.781480e+01 -8.386587e+00  5.450000e-01
     vertex  4.775831e+01 -8.293616e+00  5.450000e-01
   endloop
 endfacet
 facet normal -8.545873e-01 -5.193077e-01  0.000000e+00
   outer loop
     vertex  4.775831e+01 -8.293616e+00  5.100000e-01
     vertex  4.781480e+01 -8.386587e+00  5.100000e-01
     vertex  4.781480e+01 -8.386587e+00  5.450000e-01
   endloop
 endfacet
 facet normal -7.071029e-01 -7.071107e-01  0.000000e+00
   outer loop
     vertex  4.768138e+01 -8.216690e+00  5.100000e-01
     vertex  4.775831e+01 -8.293616e+00  5.450000e-01
     vertex  4.768138e+01 -8.216690e+00  5.450000e-01
   endloop
 endfacet
 facet normal -7.071029e-01 -7.071107e-01  0.000000e+00
   outer loop
     vertex  4.768138e+01 -8.216690e+00  5.100000e-01
     vertex  4.775831e+01 -8.293616e+00  5.100000e-01
     vertex  4.775831e+01 -8.293616e+00  5.450000e-01
   endloop
 endfacet
 facet normal -5.192983e-01 -8.545930e-01  0.000000e+00
   outer loop
     vertex  4.758841e+01 -8.160195e+00  5.100000e-01
     vertex  4.768138e+01 -8.216690e+00  5.450000e-01
     vertex  4.758841e+01 -8.160195e+00  5.450000e-01
   endloop
 endfacet
 facet normal -5.192983e-01 -8.545930e-01  0.000000e+00
   outer loop
     vertex  4.758841e+01 -8.160195e+00  5.100000e-01
     vertex  4.768138e+01 -8.216690e+00  5.100000e-01
     vertex  4.768138e+01 -8.216690e+00  5.450000e-01
   endloop
 endfacet
 facet normal -3.018826e-01 -9.533451e-01  0.000000e+00
   outer loop
     vertex  4.748469e+01 -8.127353e+00  5.100000e-01
     vertex  4.758841e+01 -8.160195e+00  5.450000e-01
     vertex  4.748469e+01 -8.127353e+00  5.450000e-01
   endloop
 endfacet
 facet normal -3.018826e-01 -9.533451e-01  0.000000e+00
   outer loop
     vertex  4.748469e+01 -8.127353e+00  5.100000e-01
     vertex  4.758841e+01 -8.160195e+00  5.100000e-01
     vertex  4.758841e+01 -8.160195e+00  5.450000e-01
   endloop
 endfacet
 facet normal  2.236141e-06 -1.000000e+00  0.000000e+00
   outer loop
     vertex  4.659030e+01 -8.127355e+00  5.100000e-01
     vertex  4.748469e+01 -8.127353e+00  5.100000e-01
     vertex  4.748469e+01 -8.127353e+00  5.450000e-01
   endloop
 endfacet
 facet normal  2.236141e-06 -1.000000e+00  0.000000e+00
   outer loop
     vertex  4.659030e+01 -8.127355e+00  5.100000e-01
     vertex  4.748469e+01 -8.127353e+00  5.450000e-01
     vertex  4.659030e+01 -8.127355e+00  5.450000e-01
   endloop
 endfacet
 facet normal  3.019025e-01 -9.533388e-01  0.000000e+00
   outer loop
     vertex  4.648658e+01 -8.160199e+00  5.100000e-01
     vertex  4.659030e+01 -8.127355e+00  5.100000e-01
     vertex  4.659030e+01 -8.127355e+00  5.450000e-01
   endloop
 endfacet
 facet normal  3.019025e-01 -9.533388e-01  0.000000e+00
   outer loop
     vertex  4.648658e+01 -8.160199e+00  5.100000e-01
     vertex  4.659030e+01 -8.127355e+00  5.450000e-01
     vertex  4.648658e+01 -8.160199e+00  5.450000e-01
   endloop
 endfacet
 facet normal  5.193137e-01 -8.545837e-01  0.000000e+00
   outer loop
     vertex  4.639361e+01 -8.216694e+00  5.100000e-01
     vertex  4.648658e+01 -8.160199e+00  5.450000e-01
     vertex  4.639361e+01 -8.216694e+00  5.450000e-01
   endloop
 endfacet
 facet normal  5.193137e-01 -8.545837e-01  0.000000e+00
   outer loop
     vertex  4.639361e+01 -8.216694e+00  5.100000e-01
     vertex  4.648658e+01 -8.160199e+00  5.100000e-01
     vertex  4.648658e+01 -8.160199e+00  5.450000e-01
   endloop
 endfacet
 facet normal  7.071136e-01 -7.071000e-01  0.000000e+00
   outer loop
     vertex  4.631669e+01 -8.293621e+00  5.100000e-01
     vertex  4.639361e+01 -8.216694e+00  5.450000e-01
     vertex  4.631669e+01 -8.293621e+00  5.450000e-01
   endloop
 endfacet
 facet normal  7.071136e-01 -7.071000e-01  0.000000e+00
   outer loop
     vertex  4.631669e+01 -8.293621e+00  5.100000e-01
     vertex  4.639361e+01 -8.216694e+00  5.100000e-01
     vertex  4.639361e+01 -8.216694e+00  5.450000e-01
   endloop
 endfacet
 facet normal  8.545937e-01 -5.192972e-01  0.000000e+00
   outer loop
     vertex  4.626019e+01 -8.386591e+00  5.100000e-01
     vertex  4.631669e+01 -8.293621e+00  5.450000e-01
     vertex  4.626019e+01 -8.386591e+00  5.450000e-01
   endloop
 endfacet
 facet normal  8.545937e-01 -5.192972e-01  0.000000e+00
   outer loop
     vertex  4.626019e+01 -8.386591e+00  5.100000e-01
     vertex  4.631669e+01 -8.293621e+00  5.100000e-01
     vertex  4.631669e+01 -8.293621e+00  5.450000e-01
   endloop
 endfacet
 facet normal  9.533446e-01 -3.018841e-01  0.000000e+00
   outer loop
     vertex  4.622735e+01 -8.490305e+00  5.100000e-01
     vertex  4.626019e+01 -8.386591e+00  5.450000e-01
     vertex  4.622735e+01 -8.490305e+00  5.450000e-01
   endloop
 endfacet
 facet normal  9.533446e-01 -3.018841e-01  0.000000e+00
   outer loop
     vertex  4.622735e+01 -8.490305e+00  5.100000e-01
     vertex  4.626019e+01 -8.386591e+00  5.100000e-01
     vertex  4.626019e+01 -8.386591e+00  5.450000e-01
   endloop
 endfacet
 facet normal  9.999950e-01 -3.169297e-03  0.000000e+00
   outer loop
     vertex  4.622450e+01 -9.390500e+00  5.100000e-01
     vertex  4.622735e+01 -8.490305e+00  5.100000e-01
     vertex  4.622735e+01 -8.490305e+00  5.450000e-01
   endloop
 endfacet
 facet normal  9.999950e-01 -3.169297e-03  0.000000e+00
   outer loop
     vertex  4.622450e+01 -9.390500e+00  5.100000e-01
     vertex  4.622735e+01 -8.490305e+00  5.450000e-01
     vertex  4.622450e+01 -9.390500e+00  5.450000e-01
   endloop
 endfacet
 facet normal  9.937132e-01 -1.119556e-01  0.000000e+00
   outer loop
     vertex  4.622202e+01 -9.412530e+00  5.100000e-01
     vertex  4.622450e+01 -9.390500e+00  5.100000e-01
     vertex  4.622450e+01 -9.390500e+00  5.450000e-01
   endloop
 endfacet
 facet normal  9.937132e-01 -1.119556e-01  0.000000e+00
   outer loop
     vertex  4.622202e+01 -9.412530e+00  5.100000e-01
     vertex  4.622450e+01 -9.390500e+00  5.450000e-01
     vertex  4.622202e+01 -9.412530e+00  5.450000e-01
   endloop
 endfacet
 facet normal  9.438853e-01 -3.302734e-01  0.000000e+00
   outer loop
     vertex  4.621470e+01 -9.433455e+00  5.100000e-01
     vertex  4.622202e+01 -9.412530e+00  5.450000e-01
     vertex  4.621470e+01 -9.433455e+00  5.450000e-01
   endloop
 endfacet
 facet normal  9.438853e-01 -3.302734e-01  0.000000e+00
   outer loop
     vertex  4.621470e+01 -9.433455e+00  5.100000e-01
     vertex  4.622202e+01 -9.412530e+00  5.100000e-01
     vertex  4.622202e+01 -9.412530e+00  5.450000e-01
   endloop
 endfacet
 facet normal  8.467258e-01 -5.320296e-01  0.000000e+00
   outer loop
     vertex  4.620290e+01 -9.452226e+00  5.100000e-01
     vertex  4.621470e+01 -9.433455e+00  5.450000e-01
     vertex  4.620290e+01 -9.452226e+00  5.450000e-01
   endloop
 endfacet
 facet normal  8.467258e-01 -5.320296e-01  0.000000e+00
   outer loop
     vertex  4.620290e+01 -9.452226e+00  5.100000e-01
     vertex  4.621470e+01 -9.433455e+00  5.100000e-01
     vertex  4.621470e+01 -9.433455e+00  5.450000e-01
   endloop
 endfacet
 facet normal  7.071068e-01 -7.071068e-01  0.000000e+00
   outer loop
     vertex  4.618723e+01 -9.467902e+00  5.100000e-01
     vertex  4.620290e+01 -9.452226e+00  5.450000e-01
     vertex  4.618723e+01 -9.467902e+00  5.450000e-01
   endloop
 endfacet
 facet normal  7.071068e-01 -7.071068e-01  0.000000e+00
   outer loop
     vertex  4.618723e+01 -9.467902e+00  5.100000e-01
     vertex  4.620290e+01 -9.452226e+00  5.100000e-01
     vertex  4.620290e+01 -9.452226e+00  5.450000e-01
   endloop
 endfacet
 facet normal  5.320296e-01 -8.467258e-01  0.000000e+00
   outer loop
     vertex  4.616845e+01 -9.479696e+00  5.100000e-01
     vertex  4.618723e+01 -9.467902e+00  5.450000e-01
     vertex  4.616845e+01 -9.479696e+00  5.450000e-01
   endloop
 endfacet
 facet normal  5.320296e-01 -8.467258e-01  0.000000e+00
   outer loop
     vertex  4.616845e+01 -9.479696e+00  5.100000e-01
     vertex  4.618723e+01 -9.467902e+00  5.100000e-01
     vertex  4.618723e+01 -9.467902e+00  5.450000e-01
   endloop
 endfacet
 facet normal  3.302734e-01 -9.438853e-01  0.000000e+00
   outer loop
     vertex  4.614753e+01 -9.487018e+00  5.100000e-01
     vertex  4.616845e+01 -9.479696e+00  5.450000e-01
     vertex  4.614753e+01 -9.487018e+00  5.450000e-01
   endloop
 endfacet
 facet normal  3.302734e-01 -9.438853e-01  0.000000e+00
   outer loop
     vertex  4.614753e+01 -9.487018e+00  5.100000e-01
     vertex  4.616845e+01 -9.479696e+00  5.100000e-01
     vertex  4.616845e+01 -9.479696e+00  5.450000e-01
   endloop
 endfacet
 facet normal  1.119556e-01 -9.937132e-01  0.000000e+00
   outer loop
     vertex  4.612550e+01 -9.489500e+00  5.100000e-01
     vertex  4.614753e+01 -9.487018e+00  5.450000e-01
     vertex  4.612550e+01 -9.489500e+00  5.450000e-01
   endloop
 endfacet
 facet normal  1.119556e-01 -9.937132e-01  0.000000e+00
   outer loop
     vertex  4.612550e+01 -9.489500e+00  5.100000e-01
     vertex  4.614753e+01 -9.487018e+00  5.100000e-01
     vertex  4.614753e+01 -9.487018e+00  5.450000e-01
   endloop
 endfacet
 facet normal  0.000000e+00 -1.000000e+00  0.000000e+00
   outer loop
     vertex  4.513279e+01 -9.489500e+00  5.100000e-01
     vertex  4.612550e+01 -9.489500e+00  5.100000e-01
     vertex  4.612550e+01 -9.489500e+00  5.450000e-01
   endloop
 endfacet
 facet normal  0.000000e+00 -1.000000e+00  0.000000e+00
   outer loop
     vertex  4.513279e+01 -9.489500e+00  5.100000e-01
     vertex  4.612550e+01 -9.489500e+00  5.450000e-01
     vertex  4.513279e+01 -9.489500e+00  5.450000e-01
   endloop
 endfacet
 facet normal  2.588136e-01 -9.659273e-01  0.000000e+00
   outer loop
     vertex  4.500295e+01 -9.524290e+00  5.100000e-01
     vertex  4.513279e+01 -9.489500e+00  5.100000e-01
     vertex  4.513279e+01 -9.489500e+00  5.450000e-01
   endloop
 endfacet
 facet normal  2.588136e-01 -9.659273e-01  0.000000e+00
   outer loop
     vertex  4.500295e+01 -9.524290e+00  5.100000e-01
     vertex  4.513279e+01 -9.489500e+00  5.450000e-01
     vertex  4.500295e+01 -9.524290e+00  5.450000e-01
   endloop
 endfacet
 facet normal  5.000024e-01 -8.660240e-01  0.000000e+00
   outer loop
     vertex  4.488655e+01 -9.591494e+00  5.100000e-01
     vertex  4.500295e+01 -9.524290e+00  5.100000e-01
     vertex  4.500295e+01 -9.524290e+00  5.450000e-01
   endloop
 endfacet
 facet normal  5.000024e-01 -8.660240e-01  0.000000e+00
   outer loop
     vertex  4.488655e+01 -9.591494e+00  5.100000e-01
     vertex  4.500295e+01 -9.524290e+00  5.450000e-01
     vertex  4.488655e+01 -9.591494e+00  5.450000e-01
   endloop
 endfacet
 facet normal  7.071068e-01 -7.071068e-01  0.000000e+00
   outer loop
     vertex  3.501754e+01 -1.946050e+01  5.100000e-01
     vertex  4.488655e+01 -9.591494e+00  5.100000e-01
     vertex  4.488655e+01 -9.591494e+00  5.450000e-01
   endloop
 endfacet
 facet normal  7.071068e-01 -7.071068e-01  0.000000e+00
   outer loop
     vertex  3.501754e+01 -1.946050e+01  5.100000e-01
     vertex  4.488655e+01 -9.591494e+00  5.450000e-01
     vertex  3.501754e+01 -1.946050e+01  5.450000e-01
   endloop
 endfacet
 facet normal  4.539801e-01 -8.910118e-01  0.000000e+00
   outer loop
     vertex  3.496302e+01 -1.948828e+01  5.100000e-01
     vertex  3.501754e+01 -1.946050e+01  5.100000e-01
     vertex  3.501754e+01 -1.946050e+01  5.450000e-01
   endloop
 endfacet
 facet normal  4.539801e-01 -8.910118e-01  0.000000e+00
   outer loop
     vertex  3.496302e+01 -1.948828e+01  5.100000e-01
     vertex  3.501754e+01 -1.946050e+01  5.450000e-01
     vertex  3.496302e+01 -1.948828e+01  5.450000e-01
   endloop
 endfacet
 facet normal  1.516448e-04 -1.000000e+00  0.000000e+00
   outer loop
     vertex  2.692450e+01 -1.948950e+01  5.100000e-01
     vertex  3.496302e+01 -1.948828e+01  5.100000e-01
     vertex  3.496302e+01 -1.948828e+01  5.450000e-01
   endloop
 endfacet
 facet normal  1.516448e-04 -1.000000e+00  0.000000e+00
   outer loop
     vertex  2.692450e+01 -1.948950e+01  5.100000e-01
     vertex  3.496302e+01 -1.948828e+01  5.450000e-01
     vertex  2.692450e+01 -1.948950e+01  5.450000e-01
   endloop
 endfacet
 facet normal -1.119556e-01 -9.937132e-01  0.000000e+00
   outer loop
     vertex  2.690247e+01 -1.948702e+01  5.100000e-01
     vertex  2.692450e+01 -1.948950e+01  5.100000e-01
     vertex  2.692450e+01 -1.948950e+01  5.450000e-01
   endloop
 endfacet
 facet normal -1.119556e-01 -9.937132e-01  0.000000e+00
   outer loop
     vertex  2.690247e+01 -1.948702e+01  5.100000e-01
     vertex  2.692450e+01 -1.948950e+01  5.450000e-01
     vertex  2.690247e+01 -1.948702e+01  5.450000e-01
   endloop
 endfacet
 facet normal -3.302734e-01 -9.438853e-01  0.000000e+00
   outer loop
     vertex  2.688155e+01 -1.947970e+01  5.100000e-01
     vertex  2.690247e+01 -1.948702e+01  5.450000e-01
     vertex  2.688155e+01 -1.947970e+01  5.450000e-01
   endloop
 endfacet
 facet normal -3.302734e-01 -9.438853e-01  0.000000e+00
   outer loop
     vertex  2.688155e+01 -1.947970e+01  5.100000e-01
     vertex  2.690247e+01 -1.948702e+01  5.100000e-01
     vertex  2.690247e+01 -1.948702e+01  5.450000e-01
   endloop
 endfacet
 facet normal -5.320296e-01 -8.467258e-01  0.000000e+00
   outer loop
     vertex  2.686277e+01 -1.946790e+01  5.100000e-01
     vertex  2.688155e+01 -1.947970e+01  5.450000e-01
     vertex  2.686277e+01 -1.946790e+01  5.450000e-01
   endloop
 endfacet
 facet normal -5.320296e-01 -8.467258e-01  0.000000e+00
   outer loop
     vertex  2.686277e+01 -1.946790e+01  5.100000e-01
     vertex  2.688155e+01 -1.947970e+01  5.100000e-01
     vertex  2.688155e+01 -1.947970e+01  5.450000e-01
   endloop
 endfacet
 facet normal -7.071068e-01 -7.071068e-01  0.000000e+00
   outer loop
     vertex  2.684710e+01 -1.945223e+01  5.100000e-01
     vertex  2.686277e+01 -1.946790e+01  5.450000e-01
     vertex  2.684710e+01 -1.945223e+01  5.450000e-01
   endloop
 endfacet
 facet normal -7.071068e-01 -7.071068e-01  0.000000e+00
   outer loop
     vertex  2.684710e+01 -1.945223e+01  5.100000e-01
     vertex  2.686277e+01 -1.946790e+01  5.100000e-01
     vertex  2.686277e+01 -1.946790e+01  5.450000e-01
   endloop
 endfacet
 facet normal -8.467258e-01 -5.320296e-01  0.000000e+00
   outer loop
     vertex  2.683530e+01 -1.943345e+01  5.100000e-01
     vertex  2.684710e+01 -1.945223e+01  5.450000e-01
     vertex  2.683530e+01 -1.943345e+01  5.450000e-01
   endloop
 endfacet
 facet normal -8.467258e-01 -5.320296e-01  0.000000e+00
   outer loop
     vertex  2.683530e+01 -1.943345e+01  5.100000e-01
     vertex  2.684710e+01 -1.945223e+01  5.100000e-01
     vertex  2.684710e+01 -1.945223e+01  5.450000e-01
   endloop
 endfacet
 facet normal -9.438853e-01 -3.302734e-01  0.000000e+00
   outer loop
     vertex  2.682798e+01 -1.941253e+01  5.100000e-01
     vertex  2.683530e+01 -1.943345e+01  5.450000e-01
     vertex  2.682798e+01 -1.941253e+01  5.450000e-01
   endloop
 endfacet
 facet normal -9.438853e-01 -3.302734e-01  0.000000e+00
   outer loop
     vertex  2.682798e+01 -1.941253e+01  5.100000e-01
     vertex  2.683530e+01 -1.943345e+01  5.100000e-01
     vertex  2.683530e+01 -1.943345e+01  5.450000e-01
   endloop
 endfacet
 facet normal -9.937132e-01 -1.119556e-01  0.000000e+00
   outer loop
     vertex  2.682550e+01 -1.939050e+01  5.100000e-01
     vertex  2.682798e+01 -1.941253e+01  5.450000e-01
     vertex  2.682550e+01 -1.939050e+01  5.450000e-01
   endloop
 endfacet
 facet normal -9.937132e-01 -1.119556e-01  0.000000e+00
   outer loop
     vertex  2.682550e+01 -1.939050e+01  5.100000e-01
     vertex  2.682798e+01 -1.941253e+01  5.100000e-01
     vertex  2.682798e+01 -1.941253e+01  5.450000e-01
   endloop
 endfacet
 facet normal -9.999950e-01 -3.170394e-03  0.000000e+00
   outer loop
     vertex  2.682265e+01 -1.849030e+01  5.100000e-01
     vertex  2.682550e+01 -1.939050e+01  5.100000e-01
     vertex  2.682550e+01 -1.939050e+01  5.450000e-01
   endloop
 endfacet
 facet normal -9.999950e-01 -3.170394e-03  0.000000e+00
   outer loop
     vertex  2.682265e+01 -1.849030e+01  5.100000e-01
     vertex  2.682550e+01 -1.939050e+01  5.450000e-01
     vertex  2.682265e+01 -1.849030e+01  5.450000e-01
   endloop
 endfacet
 facet normal -9.533418e-01 -3.018931e-01  0.000000e+00
   outer loop
     vertex  2.678980e+01 -1.838659e+01  5.100000e-01
     vertex  2.682265e+01 -1.849030e+01  5.100000e-01
     vertex  2.682265e+01 -1.849030e+01  5.450000e-01
   endloop
 endfacet
 facet normal -9.533418e-01 -3.018931e-01  0.000000e+00
   outer loop
     vertex  2.678980e+01 -1.838659e+01  5.100000e-01
     vertex  2.682265e+01 -1.849030e+01  5.450000e-01
     vertex  2.678980e+01 -1.838659e+01  5.450000e-01
   endloop
 endfacet
 facet normal -8.545873e-01 -5.193077e-01  0.000000e+00
   outer loop
     vertex  2.673331e+01 -1.829362e+01  5.100000e-01
     vertex  2.678980e+01 -1.838659e+01  5.450000e-01
     vertex  2.673331e+01 -1.829362e+01  5.450000e-01
   endloop
 endfacet
 facet normal -8.545873e-01 -5.193077e-01  0.000000e+00
   outer loop
     vertex  2.673331e+01 -1.829362e+01  5.100000e-01
     vertex  2.678980e+01 -1.838659e+01  5.100000e-01
     vertex  2.678980e+01 -1.838659e+01  5.450000e-01
   endloop
 endfacet
 facet normal -7.071029e-01 -7.071107e-01  0.000000e+00
   outer loop
     vertex  2.665638e+01 -1.821669e+01  5.100000e-01
     vertex  2.673331e+01 -1.829362e+01  5.450000e-01
     vertex  2.665638e+01 -1.821669e+01  5.450000e-01
   endloop
 endfacet
 facet normal -7.071029e-01 -7.071107e-01  0.000000e+00
   outer loop
     vertex  2.665638e+01 -1.821669e+01  5.100000e-01
     vertex  2.673331e+01 -1.829362e+01  5.100000e-01
     vertex  2.673331e+01 -1.829362e+01  5.450000e-01
   endloop
 endfacet
 facet normal -5.192983e-01 -8.545930e-01  0.000000e+00
   outer loop
     vertex  2.656341e+01 -1.816019e+01  5.100000e-01
     vertex  2.665638e+01 -1.821669e+01  5.450000e-01
     vertex  2.656341e+01 -1.816019e+01  5.450000e-01
   endloop
 endfacet
 facet normal -5.192983e-01 -8.545930e-01  0.000000e+00
   outer loop
     vertex  2.656341e+01 -1.816019e+01  5.100000e-01
     vertex  2.665638e+01 -1.821669e+01  5.100000e-01
     vertex  2.665638e+01 -1.821669e+01  5.450000e-01
   endloop
 endfacet
 facet normal -3.018826e-01 -9.533451e-01  0.000000e+00
   outer loop
     vertex  2.645969e+01 -1.812735e+01  5.100000e-01
     vertex  2.656341e+01 -1.816019e+01  5.450000e-01
     vertex  2.645969e+01 -1.812735e+01  5.450000e-01
   endloop
 endfacet
 facet normal -3.018826e-01 -9.533451e-01  0.000000e+00
   outer loop
     vertex  2.645969e+01 -1.812735e+01  5.100000e-01
     vertex  2.656341e+01 -1.816019e+01  5.100000e-01
     vertex  2.656341e+01 -1.816019e+01  5.450000e-01
   endloop
 endfacet
 facet normal  2.236141e-06 -1.000000e+00  0.000000e+00
   outer loop
     vertex  2.556530e+01 -1.812736e+01  5.100000e-01
     vertex  2.645969e+01 -1.812735e+01  5.100000e-01
     vertex  2.645969e+01 -1.812735e+01  5.450000e-01
   endloop
 endfacet
 facet normal  2.236141e-06 -1.000000e+00  0.000000e+00
   outer loop
     vertex  2.556530e+01 -1.812736e+01  5.100000e-01
     vertex  2.645969e+01 -1.812735e+01  5.450000e-01
     vertex  2.556530e+01 -1.812736e+01  5.450000e-01
   endloop
 endfacet
 facet normal  3.019025e-01 -9.533388e-01  0.000000e+00
   outer loop
     vertex  2.546158e+01 -1.816020e+01  5.100000e-01
     vertex  2.556530e+01 -1.812736e+01  5.100000e-01
     vertex  2.556530e+01 -1.812736e+01  5.450000e-01
   endloop
 endfacet
 facet normal  3.019025e-01 -9.533388e-01  0.000000e+00
   outer loop
     vertex  2.546158e+01 -1.816020e+01  5.100000e-01
     vertex  2.556530e+01 -1.812736e+01  5.450000e-01
     vertex  2.546158e+01 -1.816020e+01  5.450000e-01
   endloop
 endfacet
 facet normal  5.193137e-01 -8.545837e-01  0.000000e+00
   outer loop
     vertex  2.536861e+01 -1.821669e+01  5.100000e-01
     vertex  2.546158e+01 -1.816020e+01  5.450000e-01
     vertex  2.536861e+01 -1.821669e+01  5.450000e-01
   endloop
 endfacet
 facet normal  5.193137e-01 -8.545837e-01  0.000000e+00
   outer loop
     vertex  2.536861e+01 -1.821669e+01  5.100000e-01
     vertex  2.546158e+01 -1.816020e+01  5.100000e-01
     vertex  2.546158e+01 -1.816020e+01  5.450000e-01
   endloop
 endfacet
 facet normal  7.071136e-01 -7.071000e-01  0.000000e+00
   outer loop
     vertex  2.529169e+01 -1.829362e+01  5.100000e-01
     vertex  2.536861e+01 -1.821669e+01  5.450000e-01
     vertex  2.529169e+01 -1.829362e+01  5.450000e-01
   endloop
 endfacet
 facet normal  7.071136e-01 -7.071000e-01  0.000000e+00
   outer loop
     vertex  2.529169e+01 -1.829362e+01  5.100000e-01
     vertex  2.536861e+01 -1.821669e+01  5.100000e-01
     vertex  2.536861e+01 -1.821669e+01  5.450000e-01
   endloop
 endfacet
 facet normal  8.545937e-01 -5.192972e-01  0.000000e+00
   outer loop
     vertex  2.523519e+01 -1.838659e+01  5.100000e-01
     vertex  2.529169e+01 -1.829362e+01  5.450000e-01
     vertex  2.523519e+01 -1.838659e+01  5.450000e-01
   endloop
 endfacet
 facet normal  8.545937e-01 -5.192972e-01  0.000000e+00
   outer loop
     vertex  2.523519e+01 -1.838659e+01  5.100000e-01
     vertex  2.529169e+01 -1.829362e+01  5.100000e-01
     vertex  2.529169e+01 -1.829362e+01  5.450000e-01
   endloop
 endfacet
 facet normal  9.533446e-01 -3.018841e-01  0.000000e+00
   outer loop
     vertex  2.520235e+01 -1.849030e+01  5.100000e-01
     vertex  2.523519e+01 -1.838659e+01  5.450000e-01
     vertex  2.520235e+01 -1.849030e+01  5.450000e-01
   endloop
 endfacet
 facet normal  9.533446e-01 -3.018841e-01  0.000000e+00
   outer loop
     vertex  2.520235e+01 -1.849030e+01  5.100000e-01
     vertex  2.523519e+01 -1.838659e+01  5.100000e-01
     vertex  2.523519e+01 -1.838659e+01  5.450000e-01
   endloop
 endfacet
 facet normal  1.000000e+00  6.623837e-07  0.000000e+00
   outer loop
     vertex  2.520236e+01 -2.150970e+01  5.450000e-01
     vertex  2.520235e+01 -1.849030e+01  5.100000e-01
     vertex  2.520235e+01 -1.849030e+01  5.450000e-01
   endloop
 endfacet
 facet normal  1.000000e+00  6.623837e-07 -0.000000e+00
   outer loop
     vertex  2.520236e+01 -2.150970e+01  5.100000e-01
     vertex  2.520235e+01 -1.849030e+01  5.100000e-01
     vertex  2.520236e+01 -2.150970e+01  5.450000e-01
   endloop
 endfacet
 facet normal  9.533400e-01  3.018987e-01  0.000000e+00
   outer loop
     vertex  2.523520e+01 -2.161342e+01  5.100000e-01
     vertex  2.520236e+01 -2.150970e+01  5.100000e-01
     vertex  2.520236e+01 -2.150970e+01  5.450000e-01
   endloop
 endfacet
 facet normal  9.533400e-01  3.018987e-01 -0.000000e+00
   outer loop
     vertex  2.523520e+01 -2.161342e+01  5.100000e-01
     vertex  2.520236e+01 -2.150970e+01  5.450000e-01
     vertex  2.523520e+01 -2.161342e+01  5.450000e-01
   endloop
 endfacet
 facet normal  8.545861e-01  5.193097e-01 -0.000000e+00
   outer loop
     vertex  2.529169e+01 -2.170638e+01  5.100000e-01
     vertex  2.523520e+01 -2.161342e+01  5.450000e-01
     vertex  2.529169e+01 -2.170638e+01  5.450000e-01
   endloop
 endfacet
 facet normal  8.545861e-01  5.193097e-01  0.000000e+00
   outer loop
     vertex  2.529169e+01 -2.170638e+01  5.100000e-01
     vertex  2.523520e+01 -2.161342e+01  5.100000e-01
     vertex  2.523520e+01 -2.161342e+01  5.450000e-01
   endloop
 endfacet
 facet normal  7.071039e-01  7.071097e-01 -0.000000e+00
   outer loop
     vertex  2.536862e+01 -2.178331e+01  5.100000e-01
     vertex  2.529169e+01 -2.170638e+01  5.450000e-01
     vertex  2.536862e+01 -2.178331e+01  5.450000e-01
   endloop
 endfacet
 facet normal  7.071039e-01  7.071097e-01  0.000000e+00
   outer loop
     vertex  2.536862e+01 -2.178331e+01  5.100000e-01
     vertex  2.529169e+01 -2.170638e+01  5.100000e-01
     vertex  2.529169e+01 -2.170638e+01  5.450000e-01
   endloop
 endfacet
 facet normal  5.193026e-01  8.545904e-01 -0.000000e+00
   outer loop
     vertex  2.546159e+01 -2.183980e+01  5.100000e-01
     vertex  2.536862e+01 -2.178331e+01  5.450000e-01
     vertex  2.546159e+01 -2.183980e+01  5.450000e-01
   endloop
 endfacet
 facet normal  5.193026e-01  8.545904e-01  0.000000e+00
   outer loop
     vertex  2.546159e+01 -2.183980e+01  5.100000e-01
     vertex  2.536862e+01 -2.178331e+01  5.100000e-01
     vertex  2.536862e+01 -2.178331e+01  5.450000e-01
   endloop
 endfacet
 facet normal  3.018908e-01  9.533425e-01 -0.000000e+00
   outer loop
     vertex  2.556530e+01 -2.187265e+01  5.100000e-01
     vertex  2.546159e+01 -2.183980e+01  5.450000e-01
     vertex  2.556530e+01 -2.187265e+01  5.450000e-01
   endloop
 endfacet
 facet normal  3.018908e-01  9.533425e-01  0.000000e+00
   outer loop
     vertex  2.556530e+01 -2.187265e+01  5.100000e-01
     vertex  2.546159e+01 -2.183980e+01  5.100000e-01
     vertex  2.546159e+01 -2.183980e+01  5.450000e-01
   endloop
 endfacet
 facet normal  0.000000e+00  1.000000e+00  0.000000e+00
   outer loop
     vertex  2.645970e+01 -2.187265e+01  5.100000e-01
     vertex  2.556530e+01 -2.187265e+01  5.100000e-01
     vertex  2.556530e+01 -2.187265e+01  5.450000e-01
   endloop
 endfacet
 facet normal  0.000000e+00  1.000000e+00 -0.000000e+00
   outer loop
     vertex  2.645970e+01 -2.187265e+01  5.100000e-01
     vertex  2.556530e+01 -2.187265e+01  5.450000e-01
     vertex  2.645970e+01 -2.187265e+01  5.450000e-01
   endloop
 endfacet
 facet normal -3.018919e-01  9.533422e-01  0.000000e+00
   outer loop
     vertex  2.656341e+01 -2.183980e+01  5.100000e-01
     vertex  2.645970e+01 -2.187265e+01  5.100000e-01
     vertex  2.645970e+01 -2.187265e+01  5.450000e-01
   endloop
 endfacet
 facet normal -3.018919e-01  9.533422e-01  0.000000e+00
   outer loop
     vertex  2.656341e+01 -2.183980e+01  5.100000e-01
     vertex  2.645970e+01 -2.187265e+01  5.450000e-01
     vertex  2.656341e+01 -2.183980e+01  5.450000e-01
   endloop
 endfacet
 facet normal -5.193049e-01  8.545890e-01  0.000000e+00
   outer loop
     vertex  2.665638e+01 -2.178331e+01  5.100000e-01
     vertex  2.656341e+01 -2.183980e+01  5.450000e-01
     vertex  2.665638e+01 -2.178331e+01  5.450000e-01
   endloop
 endfacet
 facet normal -5.193049e-01  8.545890e-01  0.000000e+00
   outer loop
     vertex  2.665638e+01 -2.178331e+01  5.100000e-01
     vertex  2.656341e+01 -2.183980e+01  5.100000e-01
     vertex  2.656341e+01 -2.183980e+01  5.450000e-01
   endloop
 endfacet
 facet normal -7.071068e-01  7.071068e-01  0.000000e+00
   outer loop
     vertex  2.673331e+01 -2.170638e+01  5.100000e-01
     vertex  2.665638e+01 -2.178331e+01  5.450000e-01
     vertex  2.673331e+01 -2.170638e+01  5.450000e-01
   endloop
 endfacet
 facet normal -7.071068e-01  7.071068e-01  0.000000e+00
   outer loop
     vertex  2.673331e+01 -2.170638e+01  5.100000e-01
     vertex  2.665638e+01 -2.178331e+01  5.100000e-01
     vertex  2.665638e+01 -2.178331e+01  5.450000e-01
   endloop
 endfacet
 facet normal -8.545890e-01  5.193049e-01  0.000000e+00
   outer loop
     vertex  2.678980e+01 -2.161341e+01  5.100000e-01
     vertex  2.673331e+01 -2.170638e+01  5.450000e-01
     vertex  2.678980e+01 -2.161341e+01  5.450000e-01
   endloop
 endfacet
 facet normal -8.545890e-01  5.193049e-01  0.000000e+00
   outer loop
     vertex  2.678980e+01 -2.161341e+01  5.100000e-01
     vertex  2.673331e+01 -2.170638e+01  5.100000e-01
     vertex  2.673331e+01 -2.170638e+01  5.450000e-01
   endloop
 endfacet
 facet normal -9.533422e-01  3.018919e-01  0.000000e+00
   outer loop
     vertex  2.682265e+01 -2.150970e+01  5.100000e-01
     vertex  2.678980e+01 -2.161341e+01  5.450000e-01
     vertex  2.682265e+01 -2.150970e+01  5.450000e-01
   endloop
 endfacet
 facet normal -9.533422e-01  3.018919e-01  0.000000e+00
   outer loop
     vertex  2.682265e+01 -2.150970e+01  5.100000e-01
     vertex  2.678980e+01 -2.161341e+01  5.100000e-01
     vertex  2.678980e+01 -2.161341e+01  5.450000e-01
   endloop
 endfacet
 facet normal -9.999950e-01  3.170394e-03  0.000000e+00
   outer loop
     vertex  2.682550e+01 -2.060950e+01  5.100000e-01
     vertex  2.682265e+01 -2.150970e+01  5.100000e-01
     vertex  2.682265e+01 -2.150970e+01  5.450000e-01
   endloop
 endfacet
 facet normal -9.999950e-01  3.170394e-03  0.000000e+00
   outer loop
     vertex  2.682550e+01 -2.060950e+01  5.100000e-01
     vertex  2.682265e+01 -2.150970e+01  5.450000e-01
     vertex  2.682550e+01 -2.060950e+01  5.450000e-01
   endloop
 endfacet
 facet normal -9.937132e-01  1.119556e-01  0.000000e+00
   outer loop
     vertex  2.682798e+01 -2.058747e+01  5.100000e-01
     vertex  2.682550e+01 -2.060950e+01  5.100000e-01
     vertex  2.682550e+01 -2.060950e+01  5.450000e-01
   endloop
 endfacet
 facet normal -9.937132e-01  1.119556e-01  0.000000e+00
   outer loop
     vertex  2.682798e+01 -2.058747e+01  5.100000e-01
     vertex  2.682550e+01 -2.060950e+01  5.450000e-01
     vertex  2.682798e+01 -2.058747e+01  5.450000e-01
   endloop
 endfacet
 facet normal -9.438853e-01  3.302734e-01  0.000000e+00
   outer loop
     vertex  2.683530e+01 -2.056655e+01  5.100000e-01
     vertex  2.682798e+01 -2.058747e+01  5.450000e-01
     vertex  2.683530e+01 -2.056655e+01  5.450000e-01
   endloop
 endfacet
 facet normal -9.438853e-01  3.302734e-01  0.000000e+00
   outer loop
     vertex  2.683530e+01 -2.056655e+01  5.100000e-01
     vertex  2.682798e+01 -2.058747e+01  5.100000e-01
     vertex  2.682798e+01 -2.058747e+01  5.450000e-01
   endloop
 endfacet
 facet normal -8.467258e-01  5.320296e-01  0.000000e+00
   outer loop
     vertex  2.684710e+01 -2.054777e+01  5.100000e-01
     vertex  2.683530e+01 -2.056655e+01  5.450000e-01
     vertex  2.684710e+01 -2.054777e+01  5.450000e-01
   endloop
 endfacet
 facet normal -8.467258e-01  5.320296e-01  0.000000e+00
   outer loop
     vertex  2.684710e+01 -2.054777e+01  5.100000e-01
     vertex  2.683530e+01 -2.056655e+01  5.100000e-01
     vertex  2.683530e+01 -2.056655e+01  5.450000e-01
   endloop
 endfacet
 facet normal -7.071068e-01  7.071068e-01  0.000000e+00
   outer loop
     vertex  2.686277e+01 -2.053210e+01  5.100000e-01
     vertex  2.684710e+01 -2.054777e+01  5.450000e-01
     vertex  2.686277e+01 -2.053210e+01  5.450000e-01
   endloop
 endfacet
 facet normal -7.071068e-01  7.071068e-01  0.000000e+00
   outer loop
     vertex  2.686277e+01 -2.053210e+01  5.100000e-01
     vertex  2.684710e+01 -2.054777e+01  5.100000e-01
     vertex  2.684710e+01 -2.054777e+01  5.450000e-01
   endloop
 endfacet
 facet normal -5.320296e-01  8.467258e-01  0.000000e+00
   outer loop
     vertex  2.688155e+01 -2.052030e+01  5.100000e-01
     vertex  2.686277e+01 -2.053210e+01  5.450000e-01
     vertex  2.688155e+01 -2.052030e+01  5.450000e-01
   endloop
 endfacet
 facet normal -5.320296e-01  8.467258e-01  0.000000e+00
   outer loop
     vertex  2.688155e+01 -2.052030e+01  5.100000e-01
     vertex  2.686277e+01 -2.053210e+01  5.100000e-01
     vertex  2.686277e+01 -2.053210e+01  5.450000e-01
   endloop
 endfacet
 facet normal -3.302734e-01  9.438853e-01  0.000000e+00
   outer loop
     vertex  2.690247e+01 -2.051298e+01  5.100000e-01
     vertex  2.688155e+01 -2.052030e+01  5.450000e-01
     vertex  2.690247e+01 -2.051298e+01  5.450000e-01
   endloop
 endfacet
 facet normal -3.302734e-01  9.438853e-01  0.000000e+00
   outer loop
     vertex  2.690247e+01 -2.051298e+01  5.100000e-01
     vertex  2.688155e+01 -2.052030e+01  5.100000e-01
     vertex  2.688155e+01 -2.052030e+01  5.450000e-01
   endloop
 endfacet
 facet normal -1.119556e-01  9.937132e-01  0.000000e+00
   outer loop
     vertex  2.692450e+01 -2.051050e+01  5.100000e-01
     vertex  2.690247e+01 -2.051298e+01  5.450000e-01
     vertex  2.692450e+01 -2.051050e+01  5.450000e-01
   endloop
 endfacet
 facet normal -1.119556e-01  9.937132e-01  0.000000e+00
   outer loop
     vertex  2.692450e+01 -2.051050e+01  5.100000e-01
     vertex  2.690247e+01 -2.051298e+01  5.100000e-01
     vertex  2.690247e+01 -2.051298e+01  5.450000e-01
   endloop
 endfacet
 facet normal  0.000000e+00  1.000000e+00  0.000000e+00
   outer loop
     vertex  3.484754e+01 -2.051050e+01  5.100000e-01
     vertex  2.692450e+01 -2.051050e+01  5.100000e-01
     vertex  2.692450e+01 -2.051050e+01  5.450000e-01
   endloop
 endfacet
 facet normal  0.000000e+00  1.000000e+00 -0.000000e+00
   outer loop
     vertex  3.484754e+01 -2.051050e+01  5.100000e-01
     vertex  2.692450e+01 -2.051050e+01  5.450000e-01
     vertex  3.484754e+01 -2.051050e+01  5.450000e-01
   endloop
 endfacet
 facet normal  3.090111e-01  9.510584e-01  0.000000e+00
   outer loop
     vertex  3.490573e+01 -2.052941e+01  5.100000e-01
     vertex  3.484754e+01 -2.051050e+01  5.100000e-01
     vertex  3.484754e+01 -2.051050e+01  5.450000e-01
   endloop
 endfacet
 facet normal  3.090111e-01  9.510584e-01 -0.000000e+00
   outer loop
     vertex  3.490573e+01 -2.052941e+01  5.100000e-01
     vertex  3.484754e+01 -2.051050e+01  5.450000e-01
     vertex  3.490573e+01 -2.052941e+01  5.450000e-01
   endloop
 endfacet
 facet normal  7.070451e-01  7.071685e-01  0.000000e+00
   outer loop
     vertex  4.478655e+01 -3.040850e+01  5.100000e-01
     vertex  3.490573e+01 -2.052941e+01  5.100000e-01
     vertex  3.490573e+01 -2.052941e+01  5.450000e-01
   endloop
 endfacet
 facet normal  7.070451e-01  7.071685e-01 -0.000000e+00
   outer loop
     vertex  4.478655e+01 -3.040850e+01  5.100000e-01
     vertex  3.490573e+01 -2.052941e+01  5.450000e-01
     vertex  4.478655e+01 -3.040850e+01  5.450000e-01
   endloop
 endfacet
 facet normal  5.000095e-01  8.660199e-01  0.000000e+00
   outer loop
     vertex  4.490295e+01 -3.047571e+01  5.100000e-01
     vertex  4.478655e+01 -3.040850e+01  5.100000e-01
     vertex  4.478655e+01 -3.040850e+01  5.450000e-01
   endloop
 endfacet
 facet normal  5.000095e-01  8.660199e-01 -0.000000e+00
   outer loop
     vertex  4.490295e+01 -3.047571e+01  5.100000e-01
     vertex  4.478655e+01 -3.040850e+01  5.450000e-01
     vertex  4.490295e+01 -3.047571e+01  5.450000e-01
   endloop
 endfacet
 facet normal  2.588186e-01  9.659259e-01  0.000000e+00
   outer loop
     vertex  4.503279e+01 -3.051050e+01  5.100000e-01
     vertex  4.490295e+01 -3.047571e+01  5.100000e-01
     vertex  4.490295e+01 -3.047571e+01  5.450000e-01
   endloop
 endfacet
 facet normal  2.588186e-01  9.659259e-01 -0.000000e+00
   outer loop
     vertex  4.503279e+01 -3.051050e+01  5.100000e-01
     vertex  4.490295e+01 -3.047571e+01  5.450000e-01
     vertex  4.503279e+01 -3.051050e+01  5.450000e-01
   endloop
 endfacet
 facet normal  0.000000e+00  1.000000e+00  0.000000e+00
   outer loop
     vertex  4.612550e+01 -3.051050e+01  5.100000e-01
     vertex  4.503279e+01 -3.051050e+01  5.100000e-01
     vertex  4.503279e+01 -3.051050e+01  5.450000e-01
   endloop
 endfacet
 facet normal  0.000000e+00  1.000000e+00 -0.000000e+00
   outer loop
     vertex  4.612550e+01 -3.051050e+01  5.100000e-01
     vertex  4.503279e+01 -3.051050e+01  5.450000e-01
     vertex  4.612550e+01 -3.051050e+01  5.450000e-01
   endloop
 endfacet
 facet normal  1.119556e-01  9.937132e-01  0.000000e+00
   outer loop
     vertex  4.614753e+01 -3.051298e+01  5.100000e-01
     vertex  4.612550e+01 -3.051050e+01  5.100000e-01
     vertex  4.612550e+01 -3.051050e+01  5.450000e-01
   endloop
 endfacet
 facet normal  1.119556e-01  9.937132e-01 -0.000000e+00
   outer loop
     vertex  4.614753e+01 -3.051298e+01  5.100000e-01
     vertex  4.612550e+01 -3.051050e+01  5.450000e-01
     vertex  4.614753e+01 -3.051298e+01  5.450000e-01
   endloop
 endfacet
 facet normal  3.302734e-01  9.438853e-01 -0.000000e+00
   outer loop
     vertex  4.616845e+01 -3.052030e+01  5.100000e-01
     vertex  4.614753e+01 -3.051298e+01  5.450000e-01
     vertex  4.616845e+01 -3.052030e+01  5.450000e-01
   endloop
 endfacet
 facet normal  3.302734e-01  9.438853e-01  0.000000e+00
   outer loop
     vertex  4.616845e+01 -3.052030e+01  5.100000e-01
     vertex  4.614753e+01 -3.051298e+01  5.100000e-01
     vertex  4.614753e+01 -3.051298e+01  5.450000e-01
   endloop
 endfacet
 facet normal  5.320296e-01  8.467258e-01 -0.000000e+00
   outer loop
     vertex  4.618723e+01 -3.053210e+01  5.100000e-01
     vertex  4.616845e+01 -3.052030e+01  5.450000e-01
     vertex  4.618723e+01 -3.053210e+01  5.450000e-01
   endloop
 endfacet
 facet normal  5.320296e-01  8.467258e-01  0.000000e+00
   outer loop
     vertex  4.618723e+01 -3.053210e+01  5.100000e-01
     vertex  4.616845e+01 -3.052030e+01  5.100000e-01
     vertex  4.616845e+01 -3.052030e+01  5.450000e-01
   endloop
 endfacet
 facet normal  7.071068e-01  7.071068e-01 -0.000000e+00
   outer loop
     vertex  4.620290e+01 -3.054777e+01  5.100000e-01
     vertex  4.618723e+01 -3.053210e+01  5.450000e-01
     vertex  4.620290e+01 -3.054777e+01  5.450000e-01
   endloop
 endfacet
 facet normal  7.071068e-01  7.071068e-01  0.000000e+00
   outer loop
     vertex  4.620290e+01 -3.054777e+01  5.100000e-01
     vertex  4.618723e+01 -3.053210e+01  5.100000e-01
     vertex  4.618723e+01 -3.053210e+01  5.450000e-01
   endloop
 endfacet
 facet normal  8.467258e-01  5.320296e-01 -0.000000e+00
   outer loop
     vertex  4.621470e+01 -3.056655e+01  5.100000e-01
     vertex  4.620290e+01 -3.054777e+01  5.450000e-01
     vertex  4.621470e+01 -3.056655e+01  5.450000e-01
   endloop
 endfacet
 facet normal  8.467258e-01  5.320296e-01  0.000000e+00
   outer loop
     vertex  4.621470e+01 -3.056655e+01  5.100000e-01
     vertex  4.620290e+01 -3.054777e+01  5.100000e-01
     vertex  4.620290e+01 -3.054777e+01  5.450000e-01
   endloop
 endfacet
 facet normal  9.438853e-01  3.302734e-01 -0.000000e+00
   outer loop
     vertex  4.622202e+01 -3.058747e+01  5.100000e-01
     vertex  4.621470e+01 -3.056655e+01  5.450000e-01
     vertex  4.622202e+01 -3.058747e+01  5.450000e-01
   endloop
 endfacet
 facet normal  9.438853e-01  3.302734e-01  0.000000e+00
   outer loop
     vertex  4.622202e+01 -3.058747e+01  5.100000e-01
     vertex  4.621470e+01 -3.056655e+01  5.100000e-01
     vertex  4.621470e+01 -3.056655e+01  5.450000e-01
   endloop
 endfacet
 facet normal  9.937132e-01  1.119556e-01 -0.000000e+00
   outer loop
     vertex  4.622450e+01 -3.060950e+01  5.100000e-01
     vertex  4.622202e+01 -3.058747e+01  5.450000e-01
     vertex  4.622450e+01 -3.060950e+01  5.450000e-01
   endloop
 endfacet
 facet normal  9.937132e-01  1.119556e-01  0.000000e+00
   outer loop
     vertex  4.622450e+01 -3.060950e+01  5.100000e-01
     vertex  4.622202e+01 -3.058747e+01  5.100000e-01
     vertex  4.622202e+01 -3.058747e+01  5.450000e-01
   endloop
 endfacet
 facet normal  9.999950e-01  3.171491e-03  0.000000e+00
   outer loop
     vertex  4.622736e+01 -3.150970e+01  5.100000e-01
     vertex  4.622450e+01 -3.060950e+01  5.100000e-01
     vertex  4.622450e+01 -3.060950e+01  5.450000e-01
   endloop
 endfacet
 facet normal  9.999950e-01  3.171491e-03 -0.000000e+00
   outer loop
     vertex  4.622736e+01 -3.150970e+01  5.100000e-01
     vertex  4.622450e+01 -3.060950e+01  5.450000e-01
     vertex  4.622736e+01 -3.150970e+01  5.450000e-01
   endloop
 endfacet
 facet normal  9.533400e-01  3.018987e-01  0.000000e+00
   outer loop
     vertex  4.626020e+01 -3.161342e+01  5.100000e-01
     vertex  4.622736e+01 -3.150970e+01  5.100000e-01
     vertex  4.622736e+01 -3.150970e+01  5.450000e-01
   endloop
 endfacet
 facet normal  9.533400e-01  3.018987e-01 -0.000000e+00
   outer loop
     vertex  4.626020e+01 -3.161342e+01  5.100000e-01
     vertex  4.622736e+01 -3.150970e+01  5.450000e-01
     vertex  4.626020e+01 -3.161342e+01  5.450000e-01
   endloop
 endfacet
 facet normal  8.545861e-01  5.193097e-01 -0.000000e+00
   outer loop
     vertex  4.631669e+01 -3.170638e+01  5.100000e-01
     vertex  4.626020e+01 -3.161342e+01  5.450000e-01
     vertex  4.631669e+01 -3.170638e+01  5.450000e-01
   endloop
 endfacet
 facet normal  8.545861e-01  5.193097e-01  0.000000e+00
   outer loop
     vertex  4.631669e+01 -3.170638e+01  5.100000e-01
     vertex  4.626020e+01 -3.161342e+01  5.100000e-01
     vertex  4.626020e+01 -3.161342e+01  5.450000e-01
   endloop
 endfacet
 facet normal  7.071039e-01  7.071097e-01 -0.000000e+00
   outer loop
     vertex  4.639362e+01 -3.178331e+01  5.100000e-01
     vertex  4.631669e+01 -3.170638e+01  5.450000e-01
     vertex  4.639362e+01 -3.178331e+01  5.450000e-01
   endloop
 endfacet
 facet normal  7.071039e-01  7.071097e-01  0.000000e+00
   outer loop
     vertex  4.639362e+01 -3.178331e+01  5.100000e-01
     vertex  4.631669e+01 -3.170638e+01  5.100000e-01
     vertex  4.631669e+01 -3.170638e+01  5.450000e-01
   endloop
 endfacet
 facet normal  5.193026e-01  8.545904e-01 -0.000000e+00
   outer loop
     vertex  4.648659e+01 -3.183980e+01  5.100000e-01
     vertex  4.639362e+01 -3.178331e+01  5.450000e-01
     vertex  4.648659e+01 -3.183980e+01  5.450000e-01
   endloop
 endfacet
 facet normal  5.193026e-01  8.545904e-01  0.000000e+00
   outer loop
     vertex  4.648659e+01 -3.183980e+01  5.100000e-01
     vertex  4.639362e+01 -3.178331e+01  5.100000e-01
     vertex  4.639362e+01 -3.178331e+01  5.450000e-01
   endloop
 endfacet
 facet normal  3.018908e-01  9.533425e-01 -0.000000e+00
   outer loop
     vertex  4.659030e+01 -3.187265e+01  5.100000e-01
     vertex  4.648659e+01 -3.183980e+01  5.450000e-01
     vertex  4.659030e+01 -3.187265e+01  5.450000e-01
   endloop
 endfacet
 facet normal  3.018908e-01  9.533425e-01  0.000000e+00
   outer loop
     vertex  4.659030e+01 -3.187265e+01  5.100000e-01
     vertex  4.648659e+01 -3.183980e+01  5.100000e-01
     vertex  4.648659e+01 -3.183980e+01  5.450000e-01
   endloop
 endfacet
 facet normal  0.000000e+00  1.000000e+00  0.000000e+00
   outer loop
     vertex  4.748470e+01 -3.187265e+01  5.100000e-01
     vertex  4.659030e+01 -3.187265e+01  5.100000e-01
     vertex  4.659030e+01 -3.187265e+01  5.450000e-01
   endloop
 endfacet
 facet normal  0.000000e+00  1.000000e+00 -0.000000e+00
   outer loop
     vertex  4.748470e+01 -3.187265e+01  5.100000e-01
     vertex  4.659030e+01 -3.187265e+01  5.450000e-01
     vertex  4.748470e+01 -3.187265e+01  5.450000e-01
   endloop
 endfacet
 facet normal -3.018919e-01  9.533422e-01  0.000000e+00
   outer loop
     vertex  4.758841e+01 -3.183980e+01  5.100000e-01
     vertex  4.748470e+01 -3.187265e+01  5.100000e-01
     vertex  4.748470e+01 -3.187265e+01  5.450000e-01
   endloop
 endfacet
 facet normal -3.018919e-01  9.533422e-01  0.000000e+00
   outer loop
     vertex  4.758841e+01 -3.183980e+01  5.100000e-01
     vertex  4.748470e+01 -3.187265e+01  5.450000e-01
     vertex  4.758841e+01 -3.183980e+01  5.450000e-01
   endloop
 endfacet
 facet normal -5.193049e-01  8.545890e-01  0.000000e+00
   outer loop
     vertex  4.768138e+01 -3.178331e+01  5.100000e-01
     vertex  4.758841e+01 -3.183980e+01  5.450000e-01
     vertex  4.768138e+01 -3.178331e+01  5.450000e-01
   endloop
 endfacet
 facet normal -5.193049e-01  8.545890e-01  0.000000e+00
   outer loop
     vertex  4.768138e+01 -3.178331e+01  5.100000e-01
     vertex  4.758841e+01 -3.183980e+01  5.100000e-01
     vertex  4.758841e+01 -3.183980e+01  5.450000e-01
   endloop
 endfacet
 facet normal -7.071068e-01  7.071068e-01  0.000000e+00
   outer loop
     vertex  4.775831e+01 -3.170638e+01  5.100000e-01
     vertex  4.768138e+01 -3.178331e+01  5.450000e-01
     vertex  4.775831e+01 -3.170638e+01  5.450000e-01
   endloop
 endfacet
 facet normal -7.071068e-01  7.071068e-01  0.000000e+00
   outer loop
     vertex  4.775831e+01 -3.170638e+01  5.100000e-01
     vertex  4.768138e+01 -3.178331e+01  5.100000e-01
     vertex  4.768138e+01 -3.178331e+01  5.450000e-01
   endloop
 endfacet
 facet normal -8.545890e-01  5.193049e-01  0.000000e+00
   outer loop
     vertex  4.781480e+01 -3.161341e+01  5.100000e-01
     vertex  4.775831e+01 -3.170638e+01  5.450000e-01
     vertex  4.781480e+01 -3.161341e+01  5.450000e-01
   endloop
 endfacet
 facet normal -8.545890e-01  5.193049e-01  0.000000e+00
   outer loop
     vertex  4.781480e+01 -3.161341e+01  5.100000e-01
     vertex  4.775831e+01 -3.170638e+01  5.100000e-01
     vertex  4.775831e+01 -3.170638e+01  5.450000e-01
   endloop
 endfacet
 facet normal -9.533422e-01  3.018919e-01  0.000000e+00
   outer loop
     vertex  4.784765e+01 -3.150970e+01  5.100000e-01
     vertex  4.781480e+01 -3.161341e+01  5.450000e-01
     vertex  4.784765e+01 -3.150970e+01  5.450000e-01
   endloop
 endfacet
 facet normal -9.533422e-01  3.018919e-01  0.000000e+00
   outer loop
     vertex  4.784765e+01 -3.150970e+01  5.100000e-01
     vertex  4.781480e+01 -3.161341e+01  5.100000e-01
     vertex  4.781480e+01 -3.161341e+01  5.450000e-01
   endloop
 endfacet
 facet normal -1.000000e+00  0.000000e+00  0.000000e+00
   outer loop
     vertex  4.784765e+01 -2.849030e+01  5.100000e-01
     vertex  4.784765e+01 -3.150970e+01  5.100000e-01
     vertex  4.784765e+01 -3.150970e+01  5.450000e-01
   endloop
 endfacet
 facet normal -1.000000e+00  0.000000e+00  0.000000e+00
   outer loop
     vertex  4.784765e+01 -2.849030e+01  5.100000e-01
     vertex  4.784765e+01 -3.150970e+01  5.450000e-01
     vertex  4.784765e+01 -2.849030e+01  5.450000e-01
   endloop
 endfacet
 facet normal -9.533418e-01 -3.018931e-01  0.000000e+00
   outer loop
     vertex  4.781480e+01 -2.838659e+01  5.100000e-01
     vertex  4.784765e+01 -2.849030e+01  5.100000e-01
     vertex  4.784765e+01 -2.849030e+01  5.450000e-01
   endloop
 endfacet
 facet normal -9.533418e-01 -3.018931e-01  0.000000e+00
   outer loop
     vertex  4.781480e+01 -2.838659e+01  5.100000e-01
     vertex  4.784765e+01 -2.849030e+01  5.450000e-01
     vertex  4.781480e+01 -2.838659e+01  5.450000e-01
   endloop
 endfacet
 facet normal -8.545873e-01 -5.193077e-01  0.000000e+00
   outer loop
     vertex  4.775831e+01 -2.829362e+01  5.100000e-01
     vertex  4.781480e+01 -2.838659e+01  5.450000e-01
     vertex  4.775831e+01 -2.829362e+01  5.450000e-01
   endloop
 endfacet
 facet normal -8.545873e-01 -5.193077e-01  0.000000e+00
   outer loop
     vertex  4.775831e+01 -2.829362e+01  5.100000e-01
     vertex  4.781480e+01 -2.838659e+01  5.100000e-01
     vertex  4.781480e+01 -2.838659e+01  5.450000e-01
   endloop
 endfacet
 facet normal -7.071029e-01 -7.071107e-01  0.000000e+00
   outer loop
     vertex  4.768138e+01 -2.821669e+01  5.100000e-01
     vertex  4.775831e+01 -2.829362e+01  5.450000e-01
     vertex  4.768138e+01 -2.821669e+01  5.450000e-01
   endloop
 endfacet
 facet normal -7.071029e-01 -7.071107e-01  0.000000e+00
   outer loop
     vertex  4.768138e+01 -2.821669e+01  5.100000e-01
     vertex  4.775831e+01 -2.829362e+01  5.100000e-01
     vertex  4.775831e+01 -2.829362e+01  5.450000e-01
   endloop
 endfacet
 facet normal -5.192983e-01 -8.545930e-01  0.000000e+00
   outer loop
     vertex  4.758841e+01 -2.816019e+01  5.100000e-01
     vertex  4.768138e+01 -2.821669e+01  5.450000e-01
     vertex  4.758841e+01 -2.816019e+01  5.450000e-01
   endloop
 endfacet
 facet normal -5.192983e-01 -8.545930e-01  0.000000e+00
   outer loop
     vertex  4.758841e+01 -2.816019e+01  5.100000e-01
     vertex  4.768138e+01 -2.821669e+01  5.100000e-01
     vertex  4.768138e+01 -2.821669e+01  5.450000e-01
   endloop
 endfacet
 facet normal -3.018826e-01 -9.533451e-01  0.000000e+00
   outer loop
     vertex  4.748469e+01 -2.812735e+01  5.100000e-01
     vertex  4.758841e+01 -2.816019e+01  5.450000e-01
     vertex  4.748469e+01 -2.812735e+01  5.450000e-01
   endloop
 endfacet
 facet normal -3.018826e-01 -9.533451e-01  0.000000e+00
   outer loop
     vertex  4.748469e+01 -2.812735e+01  5.100000e-01
     vertex  4.758841e+01 -2.816019e+01  5.100000e-01
     vertex  4.758841e+01 -2.816019e+01  5.450000e-01
   endloop
 endfacet
 facet normal  2.236141e-06 -1.000000e+00  0.000000e+00
   outer loop
     vertex  4.659030e+01 -2.812736e+01  5.100000e-01
     vertex  4.748469e+01 -2.812735e+01  5.100000e-01
     vertex  4.748469e+01 -2.812735e+01  5.450000e-01
   endloop
 endfacet
 facet normal  2.236141e-06 -1.000000e+00  0.000000e+00
   outer loop
     vertex  4.659030e+01 -2.812736e+01  5.100000e-01
     vertex  4.748469e+01 -2.812735e+01  5.450000e-01
     vertex  4.659030e+01 -2.812736e+01  5.450000e-01
   endloop
 endfacet
 facet normal  3.019025e-01 -9.533388e-01  0.000000e+00
   outer loop
     vertex  4.648658e+01 -2.816020e+01  5.100000e-01
     vertex  4.659030e+01 -2.812736e+01  5.100000e-01
     vertex  4.659030e+01 -2.812736e+01  5.450000e-01
   endloop
 endfacet
 facet normal  3.019025e-01 -9.533388e-01  0.000000e+00
   outer loop
     vertex  4.648658e+01 -2.816020e+01  5.100000e-01
     vertex  4.659030e+01 -2.812736e+01  5.450000e-01
     vertex  4.648658e+01 -2.816020e+01  5.450000e-01
   endloop
 endfacet
 facet normal  5.193137e-01 -8.545837e-01  0.000000e+00
   outer loop
     vertex  4.639361e+01 -2.821669e+01  5.100000e-01
     vertex  4.648658e+01 -2.816020e+01  5.450000e-01
     vertex  4.639361e+01 -2.821669e+01  5.450000e-01
   endloop
 endfacet
 facet normal  5.193137e-01 -8.545837e-01  0.000000e+00
   outer loop
     vertex  4.639361e+01 -2.821669e+01  5.100000e-01
     vertex  4.648658e+01 -2.816020e+01  5.100000e-01
     vertex  4.648658e+01 -2.816020e+01  5.450000e-01
   endloop
 endfacet
 facet normal  7.071136e-01 -7.071000e-01  0.000000e+00
   outer loop
     vertex  4.631669e+01 -2.829362e+01  5.100000e-01
     vertex  4.639361e+01 -2.821669e+01  5.450000e-01
     vertex  4.631669e+01 -2.829362e+01  5.450000e-01
   endloop
 endfacet
 facet normal  7.071136e-01 -7.071000e-01  0.000000e+00
   outer loop
     vertex  4.631669e+01 -2.829362e+01  5.100000e-01
     vertex  4.639361e+01 -2.821669e+01  5.100000e-01
     vertex  4.639361e+01 -2.821669e+01  5.450000e-01
   endloop
 endfacet
 facet normal  8.545937e-01 -5.192972e-01  0.000000e+00
   outer loop
     vertex  4.626019e+01 -2.838659e+01  5.100000e-01
     vertex  4.631669e+01 -2.829362e+01  5.450000e-01
     vertex  4.626019e+01 -2.838659e+01  5.450000e-01
   endloop
 endfacet
 facet normal  8.545937e-01 -5.192972e-01  0.000000e+00
   outer loop
     vertex  4.626019e+01 -2.838659e+01  5.100000e-01
     vertex  4.631669e+01 -2.829362e+01  5.100000e-01
     vertex  4.631669e+01 -2.829362e+01  5.450000e-01
   endloop
 endfacet
 facet normal  9.533446e-01 -3.018841e-01  0.000000e+00
   outer loop
     vertex  4.622735e+01 -2.849030e+01  5.100000e-01
     vertex  4.626019e+01 -2.838659e+01  5.450000e-01
     vertex  4.622735e+01 -2.849030e+01  5.450000e-01
   endloop
 endfacet
 facet normal  9.533446e-01 -3.018841e-01  0.000000e+00
   outer loop
     vertex  4.622735e+01 -2.849030e+01  5.100000e-01
     vertex  4.626019e+01 -2.838659e+01  5.100000e-01
     vertex  4.626019e+01 -2.838659e+01  5.450000e-01
   endloop
 endfacet
 facet normal  9.999950e-01 -3.169297e-03  0.000000e+00
   outer loop
     vertex  4.622450e+01 -2.939050e+01  5.100000e-01
     vertex  4.622735e+01 -2.849030e+01  5.100000e-01
     vertex  4.622735e+01 -2.849030e+01  5.450000e-01
   endloop
 endfacet
 facet normal  9.999950e-01 -3.169297e-03  0.000000e+00
   outer loop
     vertex  4.622450e+01 -2.939050e+01  5.100000e-01
     vertex  4.622735e+01 -2.849030e+01  5.450000e-01
     vertex  4.622450e+01 -2.939050e+01  5.450000e-01
   endloop
 endfacet
 facet normal  9.937132e-01 -1.119556e-01  0.000000e+00
   outer loop
     vertex  4.622202e+01 -2.941253e+01  5.100000e-01
     vertex  4.622450e+01 -2.939050e+01  5.100000e-01
     vertex  4.622450e+01 -2.939050e+01  5.450000e-01
   endloop
 endfacet
 facet normal  9.937132e-01 -1.119556e-01  0.000000e+00
   outer loop
     vertex  4.622202e+01 -2.941253e+01  5.100000e-01
     vertex  4.622450e+01 -2.939050e+01  5.450000e-01
     vertex  4.622202e+01 -2.941253e+01  5.450000e-01
   endloop
 endfacet
 facet normal  9.438853e-01 -3.302734e-01  0.000000e+00
   outer loop
     vertex  4.621470e+01 -2.943345e+01  5.100000e-01
     vertex  4.622202e+01 -2.941253e+01  5.450000e-01
     vertex  4.621470e+01 -2.943345e+01  5.450000e-01
   endloop
 endfacet
 facet normal  9.438853e-01 -3.302734e-01  0.000000e+00
   outer loop
     vertex  4.621470e+01 -2.943345e+01  5.100000e-01
     vertex  4.622202e+01 -2.941253e+01  5.100000e-01
     vertex  4.622202e+01 -2.941253e+01  5.450000e-01
   endloop
 endfacet
 facet normal  8.467258e-01 -5.320296e-01  0.000000e+00
   outer loop
     vertex  4.620290e+01 -2.945223e+01  5.100000e-01
     vertex  4.621470e+01 -2.943345e+01  5.450000e-01
     vertex  4.620290e+01 -2.945223e+01  5.450000e-01
   endloop
 endfacet
 facet normal  8.467258e-01 -5.320296e-01  0.000000e+00
   outer loop
     vertex  4.620290e+01 -2.945223e+01  5.100000e-01
     vertex  4.621470e+01 -2.943345e+01  5.100000e-01
     vertex  4.621470e+01 -2.943345e+01  5.450000e-01
   endloop
 endfacet
 facet normal  7.071068e-01 -7.071068e-01  0.000000e+00
   outer loop
     vertex  4.618723e+01 -2.946790e+01  5.100000e-01
     vertex  4.620290e+01 -2.945223e+01  5.450000e-01
     vertex  4.618723e+01 -2.946790e+01  5.450000e-01
   endloop
 endfacet
 facet normal  7.071068e-01 -7.071068e-01  0.000000e+00
   outer loop
     vertex  4.618723e+01 -2.946790e+01  5.100000e-01
     vertex  4.620290e+01 -2.945223e+01  5.100000e-01
     vertex  4.620290e+01 -2.945223e+01  5.450000e-01
   endloop
 endfacet
 facet normal  5.320296e-01 -8.467258e-01  0.000000e+00
   outer loop
     vertex  4.616845e+01 -2.947970e+01  5.100000e-01
     vertex  4.618723e+01 -2.946790e+01  5.450000e-01
     vertex  4.616845e+01 -2.947970e+01  5.450000e-01
   endloop
 endfacet
 facet normal  5.320296e-01 -8.467258e-01  0.000000e+00
   outer loop
     vertex  4.616845e+01 -2.947970e+01  5.100000e-01
     vertex  4.618723e+01 -2.946790e+01  5.100000e-01
     vertex  4.618723e+01 -2.946790e+01  5.450000e-01
   endloop
 endfacet
 facet normal  3.302734e-01 -9.438853e-01  0.000000e+00
   outer loop
     vertex  4.614753e+01 -2.948702e+01  5.100000e-01
     vertex  4.616845e+01 -2.947970e+01  5.450000e-01
     vertex  4.614753e+01 -2.948702e+01  5.450000e-01
   endloop
 endfacet
 facet normal  3.302734e-01 -9.438853e-01  0.000000e+00
   outer loop
     vertex  4.614753e+01 -2.948702e+01  5.100000e-01
     vertex  4.616845e+01 -2.947970e+01  5.100000e-01
     vertex  4.616845e+01 -2.947970e+01  5.450000e-01
   endloop
 endfacet
 facet normal  1.119556e-01 -9.937132e-01  0.000000e+00
   outer loop
     vertex  4.612550e+01 -2.948950e+01  5.100000e-01
     vertex  4.614753e+01 -2.948702e+01  5.450000e-01
     vertex  4.612550e+01 -2.948950e+01  5.450000e-01
   endloop
 endfacet
 facet normal  1.119556e-01 -9.937132e-01  0.000000e+00
   outer loop
     vertex  4.612550e+01 -2.948950e+01  5.100000e-01
     vertex  4.614753e+01 -2.948702e+01  5.100000e-01
     vertex  4.614753e+01 -2.948702e+01  5.450000e-01
   endloop
 endfacet
 facet normal  0.000000e+00 -1.000000e+00  0.000000e+00
   outer loop
     vertex  4.535246e+01 -2.948950e+01  5.100000e-01
     vertex  4.612550e+01 -2.948950e+01  5.100000e-01
     vertex  4.612550e+01 -2.948950e+01  5.450000e-01
   endloop
 endfacet
 facet normal  0.000000e+00 -1.000000e+00  0.000000e+00
   outer loop
     vertex  4.535246e+01 -2.948950e+01  5.100000e-01
     vertex  4.612550e+01 -2.948950e+01  5.450000e-01
     vertex  4.535246e+01 -2.948950e+01  5.450000e-01
   endloop
 endfacet
 facet normal -3.090111e-01 -9.510584e-01  0.000000e+00
   outer loop
     vertex  4.529427e+01 -2.947059e+01  5.100000e-01
     vertex  4.535246e+01 -2.948950e+01  5.100000e-01
     vertex  4.535246e+01 -2.948950e+01  5.450000e-01
   endloop
 endfacet
 facet normal -3.090111e-01 -9.510584e-01  0.000000e+00
   outer loop
     vertex  4.529427e+01 -2.947059e+01  5.100000e-01
     vertex  4.535246e+01 -2.948950e+01  5.450000e-01
     vertex  4.529427e+01 -2.947059e+01  5.450000e-01
   endloop
 endfacet
 facet normal -7.070416e-01 -7.071720e-01  0.000000e+00
   outer loop
     vertex  3.594196e+01 -2.012000e+01  5.100000e-01
     vertex  4.529427e+01 -2.947059e+01  5.100000e-01
     vertex  4.529427e+01 -2.947059e+01  5.450000e-01
   endloop
 endfacet
 facet normal -7.070416e-01 -7.071720e-01  0.000000e+00
   outer loop
     vertex  3.594196e+01 -2.012000e+01  5.100000e-01
     vertex  4.529427e+01 -2.947059e+01  5.450000e-01
     vertex  3.594196e+01 -2.012000e+01  5.450000e-01
   endloop
 endfacet
 facet normal -7.933631e-01 -6.087488e-01  0.000000e+00
   outer loop
     vertex  3.592623e+01 -2.009950e+01  5.100000e-01
     vertex  3.594196e+01 -2.012000e+01  5.100000e-01
     vertex  3.594196e+01 -2.012000e+01  5.450000e-01
   endloop
 endfacet
 facet normal -7.933631e-01 -6.087488e-01  0.000000e+00
   outer loop
     vertex  3.592623e+01 -2.009950e+01  5.100000e-01
     vertex  3.594196e+01 -2.012000e+01  5.450000e-01
     vertex  3.592623e+01 -2.009950e+01  5.450000e-01
   endloop
 endfacet
 facet normal -9.238832e-01 -3.826746e-01  0.000000e+00
   outer loop
     vertex  3.591634e+01 -2.007562e+01  5.100000e-01
     vertex  3.592623e+01 -2.009950e+01  5.450000e-01
     vertex  3.591634e+01 -2.007562e+01  5.450000e-01
   endloop
 endfacet
 facet normal -9.238832e-01 -3.826746e-01  0.000000e+00
   outer loop
     vertex  3.591634e+01 -2.007562e+01  5.100000e-01
     vertex  3.592623e+01 -2.009950e+01  5.100000e-01
     vertex  3.592623e+01 -2.009950e+01  5.450000e-01
   endloop
 endfacet
 facet normal -9.914453e-01 -1.305230e-01  0.000000e+00
   outer loop
     vertex  3.591296e+01 -2.005000e+01  5.100000e-01
     vertex  3.591634e+01 -2.007562e+01  5.450000e-01
     vertex  3.591296e+01 -2.005000e+01  5.450000e-01
   endloop
 endfacet
 facet normal -9.914453e-01 -1.305230e-01  0.000000e+00
   outer loop
     vertex  3.591296e+01 -2.005000e+01  5.100000e-01
     vertex  3.591634e+01 -2.007562e+01  5.100000e-01
     vertex  3.591634e+01 -2.007562e+01  5.450000e-01
   endloop
 endfacet
 facet normal -9.914453e-01  1.305230e-01  0.000000e+00
   outer loop
     vertex  3.591634e+01 -2.002438e+01  5.100000e-01
     vertex  3.591296e+01 -2.005000e+01  5.450000e-01
     vertex  3.591634e+01 -2.002438e+01  5.450000e-01
   endloop
 endfacet
 facet normal -9.914453e-01  1.305230e-01  0.000000e+00
   outer loop
     vertex  3.591634e+01 -2.002438e+01  5.100000e-01
     vertex  3.591296e+01 -2.005000e+01  5.100000e-01
     vertex  3.591296e+01 -2.005000e+01  5.450000e-01
   endloop
 endfacet
 facet normal -9.238832e-01  3.826746e-01  0.000000e+00
   outer loop
     vertex  3.592623e+01 -2.000050e+01  5.100000e-01
     vertex  3.591634e+01 -2.002438e+01  5.450000e-01
     vertex  3.592623e+01 -2.000050e+01  5.450000e-01
   endloop
 endfacet
 facet normal -9.238832e-01  3.826746e-01  0.000000e+00
   outer loop
     vertex  3.592623e+01 -2.000050e+01  5.100000e-01
     vertex  3.591634e+01 -2.002438e+01  5.100000e-01
     vertex  3.591634e+01 -2.002438e+01  5.450000e-01
   endloop
 endfacet
 facet normal -7.933631e-01  6.087488e-01  0.000000e+00
   outer loop
     vertex  3.594196e+01 -1.998000e+01  5.100000e-01
     vertex  3.592623e+01 -2.000050e+01  5.450000e-01
     vertex  3.594196e+01 -1.998000e+01  5.450000e-01
   endloop
 endfacet
 facet normal -7.933631e-01  6.087488e-01  0.000000e+00
   outer loop
     vertex  3.594196e+01 -1.998000e+01  5.100000e-01
     vertex  3.592623e+01 -2.000050e+01  5.100000e-01
     vertex  3.592623e+01 -2.000050e+01  5.450000e-01
   endloop
 endfacet
 facet normal -7.071068e-01  7.071068e-01  0.000000e+00
   outer loop
     vertex  4.538246e+01 -1.053950e+01  5.100000e-01
     vertex  3.594196e+01 -1.998000e+01  5.100000e-01
     vertex  3.594196e+01 -1.998000e+01  5.450000e-01
   endloop
 endfacet
 facet normal -7.071068e-01  7.071068e-01  0.000000e+00
   outer loop
     vertex  4.538246e+01 -1.053950e+01  5.100000e-01
     vertex  3.594196e+01 -1.998000e+01  5.450000e-01
     vertex  4.538246e+01 -1.053950e+01  5.450000e-01
   endloop
 endfacet
 facet normal -4.539801e-01  8.910118e-01  0.000000e+00
   outer loop
     vertex  4.543698e+01 -1.051172e+01  5.100000e-01
     vertex  4.538246e+01 -1.053950e+01  5.100000e-01
     vertex  4.538246e+01 -1.053950e+01  5.450000e-01
   endloop
 endfacet
 facet normal -4.539801e-01  8.910118e-01  0.000000e+00
   outer loop
     vertex  4.543698e+01 -1.051172e+01  5.100000e-01
     vertex  4.538246e+01 -1.053950e+01  5.450000e-01
     vertex  4.543698e+01 -1.051172e+01  5.450000e-01
   endloop
 endfacet
 facet normal -1.770454e-03  9.999984e-01  0.000000e+00
   outer loop
     vertex  4.612550e+01 -1.051050e+01  5.100000e-01
     vertex  4.543698e+01 -1.051172e+01  5.100000e-01
     vertex  4.543698e+01 -1.051172e+01  5.450000e-01
   endloop
 endfacet
 facet normal -1.770454e-03  9.999984e-01  0.000000e+00
   outer loop
     vertex  4.612550e+01 -1.051050e+01  5.100000e-01
     vertex  4.543698e+01 -1.051172e+01  5.450000e-01
     vertex  4.612550e+01 -1.051050e+01  5.450000e-01
   endloop
 endfacet
 facet normal  1.119556e-01  9.937132e-01  0.000000e+00
   outer loop
     vertex  4.614753e+01 -1.051298e+01  5.100000e-01
     vertex  4.612550e+01 -1.051050e+01  5.100000e-01
     vertex  4.612550e+01 -1.051050e+01  5.450000e-01
   endloop
 endfacet
 facet normal  1.119556e-01  9.937132e-01 -0.000000e+00
   outer loop
     vertex  4.614753e+01 -1.051298e+01  5.100000e-01
     vertex  4.612550e+01 -1.051050e+01  5.450000e-01
     vertex  4.614753e+01 -1.051298e+01  5.450000e-01
   endloop
 endfacet
 facet normal  3.302734e-01  9.438853e-01 -0.000000e+00
   outer loop
     vertex  4.616845e+01 -1.052030e+01  5.100000e-01
     vertex  4.614753e+01 -1.051298e+01  5.450000e-01
     vertex  4.616845e+01 -1.052030e+01  5.450000e-01
   endloop
 endfacet
 facet normal  3.302734e-01  9.438853e-01  0.000000e+00
   outer loop
     vertex  4.616845e+01 -1.052030e+01  5.100000e-01
     vertex  4.614753e+01 -1.051298e+01  5.100000e-01
     vertex  4.614753e+01 -1.051298e+01  5.450000e-01
   endloop
 endfacet
 facet normal  5.320296e-01  8.467258e-01 -0.000000e+00
   outer loop
     vertex  4.618723e+01 -1.053210e+01  5.100000e-01
     vertex  4.616845e+01 -1.052030e+01  5.450000e-01
     vertex  4.618723e+01 -1.053210e+01  5.450000e-01
   endloop
 endfacet
 facet normal  5.320296e-01  8.467258e-01  0.000000e+00
   outer loop
     vertex  4.618723e+01 -1.053210e+01  5.100000e-01
     vertex  4.616845e+01 -1.052030e+01  5.100000e-01
     vertex  4.616845e+01 -1.052030e+01  5.450000e-01
   endloop
 endfacet
 facet normal  7.071068e-01  7.071068e-01 -0.000000e+00
   outer loop
     vertex  4.620290e+01 -1.054777e+01  5.100000e-01
     vertex  4.618723e+01 -1.053210e+01  5.450000e-01
     vertex  4.620290e+01 -1.054777e+01  5.450000e-01
   endloop
 endfacet
 facet normal  7.071068e-01  7.071068e-01  0.000000e+00
   outer loop
     vertex  4.620290e+01 -1.054777e+01  5.100000e-01
     vertex  4.618723e+01 -1.053210e+01  5.100000e-01
     vertex  4.618723e+01 -1.053210e+01  5.450000e-01
   endloop
 endfacet
 facet normal  8.467258e-01  5.320296e-01 -0.000000e+00
   outer loop
     vertex  4.621470e+01 -1.056655e+01  5.100000e-01
     vertex  4.620290e+01 -1.054777e+01  5.450000e-01
     vertex  4.621470e+01 -1.056655e+01  5.450000e-01
   endloop
 endfacet
 facet normal  8.467258e-01  5.320296e-01  0.000000e+00
   outer loop
     vertex  4.621470e+01 -1.056655e+01  5.100000e-01
     vertex  4.620290e+01 -1.054777e+01  5.100000e-01
     vertex  4.620290e+01 -1.054777e+01  5.450000e-01
   endloop
 endfacet
 facet normal  9.438853e-01  3.302734e-01 -0.000000e+00
   outer loop
     vertex  4.622202e+01 -1.058747e+01  5.100000e-01
     vertex  4.621470e+01 -1.056655e+01  5.450000e-01
     vertex  4.622202e+01 -1.058747e+01  5.450000e-01
   endloop
 endfacet
 facet normal  9.438853e-01  3.302734e-01  0.000000e+00
   outer loop
     vertex  4.622202e+01 -1.058747e+01  5.100000e-01
     vertex  4.621470e+01 -1.056655e+01  5.100000e-01
     vertex  4.621470e+01 -1.056655e+01  5.450000e-01
   endloop
 endfacet
 facet normal  9.937132e-01  1.119556e-01 -0.000000e+00
   outer loop
     vertex  4.622450e+01 -1.060950e+01  5.100000e-01
     vertex  4.622202e+01 -1.058747e+01  5.450000e-01
     vertex  4.622450e+01 -1.060950e+01  5.450000e-01
   endloop
 endfacet
 facet normal  9.937132e-01  1.119556e-01  0.000000e+00
   outer loop
     vertex  4.622450e+01 -1.060950e+01  5.100000e-01
     vertex  4.622202e+01 -1.058747e+01  5.100000e-01
     vertex  4.622202e+01 -1.058747e+01  5.450000e-01
   endloop
 endfacet
 facet normal  9.999950e-01  3.171491e-03  0.000000e+00
   outer loop
     vertex  4.622736e+01 -1.150970e+01  5.100000e-01
     vertex  4.622450e+01 -1.060950e+01  5.100000e-01
     vertex  4.622450e+01 -1.060950e+01  5.450000e-01
   endloop
 endfacet
 facet normal  9.999950e-01  3.171491e-03 -0.000000e+00
   outer loop
     vertex  4.622736e+01 -1.150970e+01  5.100000e-01
     vertex  4.622450e+01 -1.060950e+01  5.450000e-01
     vertex  4.622736e+01 -1.150970e+01  5.450000e-01
   endloop
 endfacet
 facet normal  9.533400e-01  3.018987e-01  0.000000e+00
   outer loop
     vertex  4.626020e+01 -1.161342e+01  5.100000e-01
     vertex  4.622736e+01 -1.150970e+01  5.100000e-01
     vertex  4.622736e+01 -1.150970e+01  5.450000e-01
   endloop
 endfacet
 facet normal  9.533400e-01  3.018987e-01 -0.000000e+00
   outer loop
     vertex  4.626020e+01 -1.161342e+01  5.100000e-01
     vertex  4.622736e+01 -1.150970e+01  5.450000e-01
     vertex  4.626020e+01 -1.161342e+01  5.450000e-01
   endloop
 endfacet
 facet normal  8.545861e-01  5.193097e-01 -0.000000e+00
   outer loop
     vertex  4.631669e+01 -1.170638e+01  5.100000e-01
     vertex  4.626020e+01 -1.161342e+01  5.450000e-01
     vertex  4.631669e+01 -1.170638e+01  5.450000e-01
   endloop
 endfacet
 facet normal  8.545861e-01  5.193097e-01  0.000000e+00
   outer loop
     vertex  4.631669e+01 -1.170638e+01  5.100000e-01
     vertex  4.626020e+01 -1.161342e+01  5.100000e-01
     vertex  4.626020e+01 -1.161342e+01  5.450000e-01
   endloop
 endfacet
 facet normal  7.071039e-01  7.071097e-01 -0.000000e+00
   outer loop
     vertex  4.639362e+01 -1.178331e+01  5.100000e-01
     vertex  4.631669e+01 -1.170638e+01  5.450000e-01
     vertex  4.639362e+01 -1.178331e+01  5.450000e-01
   endloop
 endfacet
 facet normal  7.071039e-01  7.071097e-01  0.000000e+00
   outer loop
     vertex  4.639362e+01 -1.178331e+01  5.100000e-01
     vertex  4.631669e+01 -1.170638e+01  5.100000e-01
     vertex  4.631669e+01 -1.170638e+01  5.450000e-01
   endloop
 endfacet
 facet normal  5.193026e-01  8.545904e-01 -0.000000e+00
   outer loop
     vertex  4.648659e+01 -1.183980e+01  5.100000e-01
     vertex  4.639362e+01 -1.178331e+01  5.450000e-01
     vertex  4.648659e+01 -1.183980e+01  5.450000e-01
   endloop
 endfacet
 facet normal  5.193026e-01  8.545904e-01  0.000000e+00
   outer loop
     vertex  4.648659e+01 -1.183980e+01  5.100000e-01
     vertex  4.639362e+01 -1.178331e+01  5.100000e-01
     vertex  4.639362e+01 -1.178331e+01  5.450000e-01
   endloop
 endfacet
 facet normal  3.018908e-01  9.533425e-01 -0.000000e+00
   outer loop
     vertex  4.659030e+01 -1.187265e+01  5.100000e-01
     vertex  4.648659e+01 -1.183980e+01  5.450000e-01
     vertex  4.659030e+01 -1.187265e+01  5.450000e-01
   endloop
 endfacet
 facet normal  3.018908e-01  9.533425e-01  0.000000e+00
   outer loop
     vertex  4.659030e+01 -1.187265e+01  5.100000e-01
     vertex  4.648659e+01 -1.183980e+01  5.100000e-01
     vertex  4.648659e+01 -1.183980e+01  5.450000e-01
   endloop
 endfacet
 facet normal  0.000000e+00  1.000000e+00  0.000000e+00
   outer loop
     vertex  4.748470e+01 -1.187265e+01  5.100000e-01
     vertex  4.659030e+01 -1.187265e+01  5.100000e-01
     vertex  4.659030e+01 -1.187265e+01  5.450000e-01
   endloop
 endfacet
 facet normal  0.000000e+00  1.000000e+00 -0.000000e+00
   outer loop
     vertex  4.748470e+01 -1.187265e+01  5.100000e-01
     vertex  4.659030e+01 -1.187265e+01  5.450000e-01
     vertex  4.748470e+01 -1.187265e+01  5.450000e-01
   endloop
 endfacet
 facet normal -3.018919e-01  9.533422e-01  0.000000e+00
   outer loop
     vertex  4.758841e+01 -1.183980e+01  5.100000e-01
     vertex  4.748470e+01 -1.187265e+01  5.100000e-01
     vertex  4.748470e+01 -1.187265e+01  5.450000e-01
   endloop
 endfacet
 facet normal -3.018919e-01  9.533422e-01  0.000000e+00
   outer loop
     vertex  4.758841e+01 -1.183980e+01  5.100000e-01
     vertex  4.748470e+01 -1.187265e+01  5.450000e-01
     vertex  4.758841e+01 -1.183980e+01  5.450000e-01
   endloop
 endfacet
 facet normal -5.193049e-01  8.545890e-01  0.000000e+00
   outer loop
     vertex  4.768138e+01 -1.178331e+01  5.100000e-01
     vertex  4.758841e+01 -1.183980e+01  5.450000e-01
     vertex  4.768138e+01 -1.178331e+01  5.450000e-01
   endloop
 endfacet
 facet normal -5.193049e-01  8.545890e-01  0.000000e+00
   outer loop
     vertex  4.768138e+01 -1.178331e+01  5.100000e-01
     vertex  4.758841e+01 -1.183980e+01  5.100000e-01
     vertex  4.758841e+01 -1.183980e+01  5.450000e-01
   endloop
 endfacet
 facet normal -7.071068e-01  7.071068e-01  0.000000e+00
   outer loop
     vertex  4.775831e+01 -1.170638e+01  5.100000e-01
     vertex  4.768138e+01 -1.178331e+01  5.450000e-01
     vertex  4.775831e+01 -1.170638e+01  5.450000e-01
   endloop
 endfacet
 facet normal -7.071068e-01  7.071068e-01  0.000000e+00
   outer loop
     vertex  4.775831e+01 -1.170638e+01  5.100000e-01
     vertex  4.768138e+01 -1.178331e+01  5.100000e-01
     vertex  4.768138e+01 -1.178331e+01  5.450000e-01
   endloop
 endfacet
 facet normal -8.545890e-01  5.193049e-01  0.000000e+00
   outer loop
     vertex  4.781480e+01 -1.161341e+01  5.100000e-01
     vertex  4.775831e+01 -1.170638e+01  5.450000e-01
     vertex  4.781480e+01 -1.161341e+01  5.450000e-01
   endloop
 endfacet
 facet normal -8.545890e-01  5.193049e-01  0.000000e+00
   outer loop
     vertex  4.781480e+01 -1.161341e+01  5.100000e-01
     vertex  4.775831e+01 -1.170638e+01  5.100000e-01
     vertex  4.775831e+01 -1.170638e+01  5.450000e-01
   endloop
 endfacet
 facet normal -9.533422e-01  3.018919e-01  0.000000e+00
   outer loop
     vertex  4.784765e+01 -1.150970e+01  5.100000e-01
     vertex  4.781480e+01 -1.161341e+01  5.450000e-01
     vertex  4.784765e+01 -1.150970e+01  5.450000e-01
   endloop
 endfacet
 facet normal -9.533422e-01  3.018919e-01  0.000000e+00
   outer loop
     vertex  4.784765e+01 -1.150970e+01  5.100000e-01
     vertex  4.781480e+01 -1.161341e+01  5.100000e-01
     vertex  4.781480e+01 -1.161341e+01  5.450000e-01
   endloop
 endfacet
 facet normal -1.000000e+00  0.000000e+00  0.000000e+00
   outer loop
     vertex  4.784765e+01 -8.490301e+00  5.100000e-01
     vertex  4.784765e+01 -1.150970e+01  5.100000e-01
     vertex  4.784765e+01 -1.150970e+01  5.450000e-01
   endloop
 endfacet
 facet normal -1.000000e+00  0.000000e+00  0.000000e+00
   outer loop
     vertex  4.784765e+01 -8.490301e+00  5.100000e-01
     vertex  4.784765e+01 -1.150970e+01  5.450000e-01
     vertex  4.784765e+01 -8.490301e+00  5.450000e-01
   endloop
 endfacet
 facet normal  0.000000e+00  0.000000e+00 -1.000000e+00
   outer loop
     vertex  5.029819e-01 -3.942253e+01  5.100000e-01
     vertex  5.377742e-01 -3.947790e+01  5.100000e-01
     vertex  5.220984e-01 -3.946223e+01  5.100000e-01
   endloop
 endfacet
 facet normal  0.000000e+00  0.000000e+00 -1.000000e+00
   outer loop
     vertex  5.029819e-01 -3.942253e+01  5.100000e-01
     vertex  5.220984e-01 -3.946223e+01  5.100000e-01
     vertex  5.103038e-01 -3.944345e+01  5.100000e-01
   endloop
 endfacet
 facet normal  0.000000e+00  0.000000e+00 -1.000000e+00
   outer loop
     vertex  5.005000e-01 -3.940050e+01  5.100000e-01
     vertex  5.377742e-01 -3.947790e+01  5.100000e-01
     vertex  5.029819e-01 -3.942253e+01  5.100000e-01
   endloop
 endfacet
 facet normal  0.000000e+00  0.000000e+00 -1.000000e+00
   outer loop
     vertex  5.005000e-01 -3.940050e+01  5.100000e-01
     vertex  5.565453e-01 -3.948970e+01  5.100000e-01
     vertex  5.377742e-01 -3.947790e+01  5.100000e-01
   endloop
 endfacet
 facet normal  0.000000e+00  0.000000e+00 -1.000000e+00
   outer loop
     vertex  5.995000e-01 -3.949950e+01  5.100000e-01
     vertex  5.565453e-01 -3.948970e+01  5.100000e-01
     vertex  5.005000e-01 -3.940050e+01  5.100000e-01
   endloop
 endfacet
 facet normal  0.000000e+00  0.000000e+00 -1.000000e+00
   outer loop
     vertex  5.995000e-01 -3.949950e+01  5.100000e-01
     vertex  5.774703e-01 -3.949702e+01  5.100000e-01
     vertex  5.565453e-01 -3.948970e+01  5.100000e-01
   endloop
 endfacet
 facet normal  0.000000e+00  0.000000e+00 -1.000000e+00
   outer loop
     vertex  5.103038e-01 -2.056655e+01  5.100000e-01
     vertex  5.005000e-01 -2.060950e+01  5.100000e-01
     vertex  5.029819e-01 -2.058747e+01  5.100000e-01
   endloop
 endfacet
 facet normal  0.000000e+00  0.000000e+00 -1.000000e+00
   outer loop
     vertex  5.377742e-01 -2.053210e+01  5.100000e-01
     vertex  5.103038e-01 -2.056655e+01  5.100000e-01
     vertex  5.220984e-01 -2.054777e+01  5.100000e-01
   endloop
 endfacet
 facet normal  0.000000e+00  0.000000e+00 -1.000000e+00
   outer loop
     vertex  5.377742e-01 -2.053210e+01  5.100000e-01
     vertex  5.005000e-01 -2.060950e+01  5.100000e-01
     vertex  5.103038e-01 -2.056655e+01  5.100000e-01
   endloop
 endfacet
 facet normal  0.000000e+00  0.000000e+00 -1.000000e+00
   outer loop
     vertex  5.995000e-01 -2.051050e+01  5.100000e-01
     vertex  5.377742e-01 -2.053210e+01  5.100000e-01
     vertex  5.565453e-01 -2.052030e+01  5.100000e-01
   endloop
 endfacet
 facet normal  0.000000e+00  0.000000e+00 -1.000000e+00
   outer loop
     vertex  5.995000e-01 -2.051050e+01  5.100000e-01
     vertex  5.565453e-01 -2.052030e+01  5.100000e-01
     vertex  5.774703e-01 -2.051298e+01  5.100000e-01
   endloop
 endfacet
 facet normal  0.000000e+00  0.000000e+00 -1.000000e+00
   outer loop
     vertex  5.995000e-01 -2.051050e+01  5.100000e-01
     vertex  5.005000e-01 -2.060950e+01  5.100000e-01
     vertex  5.377742e-01 -2.053210e+01  5.100000e-01
   endloop
 endfacet
 facet normal  0.000000e+00  0.000000e+00 -1.000000e+00
   outer loop
     vertex  5.774703e-01 -1.948702e+01  5.100000e-01
     vertex  5.565453e-01 -1.947970e+01  5.100000e-01
     vertex  5.377742e-01 -1.946790e+01  5.100000e-01
   endloop
 endfacet
 facet normal  0.000000e+00  0.000000e+00 -1.000000e+00
   outer loop
     vertex  5.005000e-01 -1.939050e+01  5.100000e-01
     vertex  5.995000e-01 -1.948950e+01  5.100000e-01
     vertex  5.774703e-01 -1.948702e+01  5.100000e-01
   endloop
 endfacet
 facet normal  0.000000e+00  0.000000e+00 -1.000000e+00
   outer loop
     vertex  5.005000e-01 -1.939050e+01  5.100000e-01
     vertex  5.377742e-01 -1.946790e+01  5.100000e-01
     vertex  5.220984e-01 -1.945223e+01  5.100000e-01
   endloop
 endfacet
 facet normal  0.000000e+00  0.000000e+00 -1.000000e+00
   outer loop
     vertex  5.005000e-01 -1.939050e+01  5.100000e-01
     vertex  5.220984e-01 -1.945223e+01  5.100000e-01
     vertex  5.103038e-01 -1.943345e+01  5.100000e-01
   endloop
 endfacet
 facet normal  0.000000e+00  0.000000e+00 -1.000000e+00
   outer loop
     vertex  5.005000e-01 -1.939050e+01  5.100000e-01
     vertex  5.103038e-01 -1.943345e+01  5.100000e-01
     vertex  5.029819e-01 -1.941253e+01  5.100000e-01
   endloop
 endfacet
 facet normal  0.000000e+00  0.000000e+00 -1.000000e+00
   outer loop
     vertex  5.005000e-01 -1.939050e+01  5.100000e-01
     vertex  5.774703e-01 -1.948702e+01  5.100000e-01
     vertex  5.377742e-01 -1.946790e+01  5.100000e-01
   endloop
 endfacet
 facet normal  0.000000e+00  0.000000e+00 -1.000000e+00
   outer loop
     vertex  1.936669e+01 -2.170638e+01  5.100000e-01
     vertex  5.995000e-01 -3.949950e+01  5.100000e-01
     vertex  5.005000e-01 -3.940050e+01  5.100000e-01
   endloop
 endfacet
 facet normal -0.000000e+00  0.000000e+00 -1.000000e+00
   outer loop
     vertex  1.936669e+01 -2.170638e+01  5.100000e-01
     vertex  5.005000e-01 -3.940050e+01  5.100000e-01
     vertex  5.005000e-01 -2.060950e+01  5.100000e-01
   endloop
 endfacet
 facet normal  0.000000e+00  0.000000e+00 -1.000000e+00
   outer loop
     vertex  1.936669e+01 -2.170638e+01  5.100000e-01
     vertex  5.005000e-01 -2.060950e+01  5.100000e-01
     vertex  5.995000e-01 -2.051050e+01  5.100000e-01
   endloop
 endfacet
 facet normal -0.000000e+00  0.000000e+00 -1.000000e+00
   outer loop
     vertex  1.944362e+01 -2.178331e+01  5.100000e-01
     vertex  5.995000e-01 -3.949950e+01  5.100000e-01
     vertex  1.936669e+01 -2.170638e+01  5.100000e-01
   endloop
 endfacet
 facet normal -0.000000e+00 -0.000000e+00 -1.000000e+00
   outer loop
     vertex  1.931020e+01 -2.161342e+01  5.100000e-01
     vertex  1.936669e+01 -2.170638e+01  5.100000e-01
     vertex  5.995000e-01 -2.051050e+01  5.100000e-01
   endloop
 endfacet
 facet normal -0.000000e+00  0.000000e+00 -1.000000e+00
   outer loop
     vertex  1.953659e+01 -2.183980e+01  5.100000e-01
     vertex  5.995000e-01 -3.949950e+01  5.100000e-01
     vertex  1.944362e+01 -2.178331e+01  5.100000e-01
   endloop
 endfacet
 facet normal -0.000000e+00 -0.000000e+00 -1.000000e+00
   outer loop
     vertex  1.927736e+01 -2.150970e+01  5.100000e-01
     vertex  1.931020e+01 -2.161342e+01  5.100000e-01
     vertex  5.995000e-01 -2.051050e+01  5.100000e-01
   endloop
 endfacet
 facet normal -0.000000e+00  0.000000e+00 -1.000000e+00
   outer loop
     vertex  1.964030e+01 -2.187265e+01  5.100000e-01
     vertex  5.995000e-01 -3.949950e+01  5.100000e-01
     vertex  1.953659e+01 -2.183980e+01  5.100000e-01
   endloop
 endfacet
 facet normal -0.000000e+00  0.000000e+00 -1.000000e+00
   outer loop
     vertex  2.053470e+01 -2.187265e+01  5.100000e-01
     vertex  5.995000e-01 -3.949950e+01  5.100000e-01
     vertex  1.964030e+01 -2.187265e+01  5.100000e-01
   endloop
 endfacet
 facet normal -0.000000e+00 -0.000000e+00 -1.000000e+00
   outer loop
     vertex  1.917550e+01 -2.051050e+01  5.100000e-01
     vertex  1.927736e+01 -2.150970e+01  5.100000e-01
     vertex  5.995000e-01 -2.051050e+01  5.100000e-01
   endloop
 endfacet
 facet normal -0.000000e+00 -0.000000e+00 -1.000000e+00
   outer loop
     vertex  1.927450e+01 -2.060950e+01  5.100000e-01
     vertex  1.927736e+01 -2.150970e+01  5.100000e-01
     vertex  1.917550e+01 -2.051050e+01  5.100000e-01
   endloop
 endfacet
 facet normal  0.000000e+00  0.000000e+00 -1.000000e+00
   outer loop
     vertex  1.923723e+01 -2.053210e+01  5.100000e-01
     vertex  1.917550e+01 -2.051050e+01  5.100000e-01
     vertex  1.919753e+01 -2.051298e+01  5.100000e-01
   endloop
 endfacet
 facet normal  0.000000e+00  0.000000e+00 -1.000000e+00
   outer loop
     vertex  1.923723e+01 -2.053210e+01  5.100000e-01
     vertex  1.919753e+01 -2.051298e+01  5.100000e-01
     vertex  1.921845e+01 -2.052030e+01  5.100000e-01
   endloop
 endfacet
 facet normal -0.000000e+00 -0.000000e+00 -1.000000e+00
   outer loop
     vertex  1.925290e+01 -2.054777e+01  5.100000e-01
     vertex  1.927450e+01 -2.060950e+01  5.100000e-01
     vertex  1.917550e+01 -2.051050e+01  5.100000e-01
   endloop
 endfacet
 facet normal  0.000000e+00  0.000000e+00 -1.000000e+00
   outer loop
     vertex  1.925290e+01 -2.054777e+01  5.100000e-01
     vertex  1.917550e+01 -2.051050e+01  5.100000e-01
     vertex  1.923723e+01 -2.053210e+01  5.100000e-01
   endloop
 endfacet
 facet normal  0.000000e+00  0.000000e+00 -1.000000e+00
   outer loop
     vertex  1.925290e+01 -2.054777e+01  5.100000e-01
     vertex  1.926470e+01 -2.056655e+01  5.100000e-01
     vertex  1.927202e+01 -2.058747e+01  5.100000e-01
   endloop
 endfacet
 facet normal  0.000000e+00  0.000000e+00 -1.000000e+00
   outer loop
     vertex  1.925290e+01 -2.054777e+01  5.100000e-01
     vertex  1.927202e+01 -2.058747e+01  5.100000e-01
     vertex  1.927450e+01 -2.060950e+01  5.100000e-01
   endloop
 endfacet
 facet normal  0.000000e+00  0.000000e+00 -1.000000e+00
   outer loop
     vertex  1.921845e+01 -1.947970e+01  5.100000e-01
     vertex  1.919753e+01 -1.948702e+01  5.100000e-01
     vertex  1.917550e+01 -1.948950e+01  5.100000e-01
   endloop
 endfacet
 facet normal  0.000000e+00  0.000000e+00 -1.000000e+00
   outer loop
     vertex  1.923723e+01 -1.946790e+01  5.100000e-01
     vertex  1.921845e+01 -1.947970e+01  5.100000e-01
     vertex  1.917550e+01 -1.948950e+01  5.100000e-01
   endloop
 endfacet
 facet normal  0.000000e+00  0.000000e+00 -1.000000e+00
   outer loop
     vertex  1.926470e+01 -1.943345e+01  5.100000e-01
     vertex  1.925290e+01 -1.945223e+01  5.100000e-01
     vertex  1.923723e+01 -1.946790e+01  5.100000e-01
   endloop
 endfacet
 facet normal  0.000000e+00  0.000000e+00 -1.000000e+00
   outer loop
     vertex  1.926470e+01 -1.943345e+01  5.100000e-01
     vertex  1.923723e+01 -1.946790e+01  5.100000e-01
     vertex  1.917550e+01 -1.948950e+01  5.100000e-01
   endloop
 endfacet
 facet normal  0.000000e+00  0.000000e+00 -1.000000e+00
   outer loop
     vertex  1.927450e+01 -1.939050e+01  5.100000e-01
     vertex  1.927202e+01 -1.941253e+01  5.100000e-01
     vertex  1.926470e+01 -1.943345e+01  5.100000e-01
   endloop
 endfacet
 facet normal  0.000000e+00  0.000000e+00 -1.000000e+00
   outer loop
     vertex  1.927450e+01 -1.939050e+01  5.100000e-01
     vertex  1.926470e+01 -1.943345e+01  5.100000e-01
     vertex  1.917550e+01 -1.948950e+01  5.100000e-01
   endloop
 endfacet
 facet normal  0.000000e+00  0.000000e+00 -1.000000e+00
   outer loop
     vertex  5.220984e-01 -5.377742e-01  5.100000e-01
     vertex  5.029819e-01 -5.774703e-01  5.100000e-01
     vertex  5.103038e-01 -5.565453e-01  5.100000e-01
   endloop
 endfacet
 facet normal  0.000000e+00  0.000000e+00 -1.000000e+00
   outer loop
     vertex  5.377742e-01 -5.220984e-01  5.100000e-01
     vertex  5.029819e-01 -5.774703e-01  5.100000e-01
     vertex  5.220984e-01 -5.377742e-01  5.100000e-01
   endloop
 endfacet
 facet normal  0.000000e+00  0.000000e+00 -1.000000e+00
   outer loop
     vertex  5.565453e-01 -5.103038e-01  5.100000e-01
     vertex  5.029819e-01 -5.774703e-01  5.100000e-01
     vertex  5.377742e-01 -5.220984e-01  5.100000e-01
   endloop
 endfacet
 facet normal  0.000000e+00  0.000000e+00 -1.000000e+00
   outer loop
     vertex  5.774703e-01 -5.029819e-01  5.100000e-01
     vertex  5.029819e-01 -5.774703e-01  5.100000e-01
     vertex  5.565453e-01 -5.103038e-01  5.100000e-01
   endloop
 endfacet
 facet normal  0.000000e+00  0.000000e+00 -1.000000e+00
   outer loop
     vertex  5.995000e-01 -5.005000e-01  5.100000e-01
     vertex  5.029819e-01 -5.774703e-01  5.100000e-01
     vertex  5.774703e-01 -5.029819e-01  5.100000e-01
   endloop
 endfacet
 facet normal  0.000000e+00  0.000000e+00 -1.000000e+00
   outer loop
     vertex  5.995000e-01 -5.005000e-01  5.100000e-01
     vertex  5.005000e-01 -5.995000e-01  5.100000e-01
     vertex  5.029819e-01 -5.774703e-01  5.100000e-01
   endloop
 endfacet
 facet normal  0.000000e+00  0.000000e+00 -1.000000e+00
   outer loop
     vertex  1.927735e+01 -1.849030e+01  5.100000e-01
     vertex  1.917550e+01 -1.948950e+01  5.100000e-01
     vertex  5.995000e-01 -1.948950e+01  5.100000e-01
   endloop
 endfacet
 facet normal  0.000000e+00  0.000000e+00 -1.000000e+00
   outer loop
     vertex  1.927735e+01 -1.849030e+01  5.100000e-01
     vertex  1.927450e+01 -1.939050e+01  5.100000e-01
     vertex  1.917550e+01 -1.948950e+01  5.100000e-01
   endloop
 endfacet
 facet normal  0.000000e+00  0.000000e+00 -1.000000e+00
   outer loop
     vertex  1.931019e+01 -1.838659e+01  5.100000e-01
     vertex  1.927735e+01 -1.849030e+01  5.100000e-01
     vertex  5.995000e-01 -1.948950e+01  5.100000e-01
   endloop
 endfacet
 facet normal -0.000000e+00  0.000000e+00 -1.000000e+00
   outer loop
     vertex  1.936669e+01 -1.829362e+01  5.100000e-01
     vertex  5.005000e-01 -1.939050e+01  5.100000e-01
     vertex  5.005000e-01 -5.995000e-01  5.100000e-01
   endloop
 endfacet
 facet normal  0.000000e+00  0.000000e+00 -1.000000e+00
   outer loop
     vertex  1.936669e+01 -1.829362e+01  5.100000e-01
     vertex  5.005000e-01 -5.995000e-01  5.100000e-01
     vertex  5.995000e-01 -5.005000e-01  5.100000e-01
   endloop
 endfacet
 facet normal  0.000000e+00  0.000000e+00 -1.000000e+00
   outer loop
     vertex  1.936669e+01 -1.829362e+01  5.100000e-01
     vertex  1.931019e+01 -1.838659e+01  5.100000e-01
     vertex  5.995000e-01 -1.948950e+01  5.100000e-01
   endloop
 endfacet
 facet normal  0.000000e+00  0.000000e+00 -1.000000e+00
   outer loop
     vertex  1.936669e+01 -1.829362e+01  5.100000e-01
     vertex  5.995000e-01 -1.948950e+01  5.100000e-01
     vertex  5.005000e-01 -1.939050e+01  5.100000e-01
   endloop
 endfacet
 facet normal -0.000000e+00  0.000000e+00 -1.000000e+00
   outer loop
     vertex  1.944361e+01 -1.821669e+01  5.100000e-01
     vertex  1.936669e+01 -1.829362e+01  5.100000e-01
     vertex  5.995000e-01 -5.005000e-01  5.100000e-01
   endloop
 endfacet
 facet normal -0.000000e+00  0.000000e+00 -1.000000e+00
   outer loop
     vertex  1.953658e+01 -1.816020e+01  5.100000e-01
     vertex  1.944361e+01 -1.821669e+01  5.100000e-01
     vertex  5.995000e-01 -5.005000e-01  5.100000e-01
   endloop
 endfacet
 facet normal -0.000000e+00  0.000000e+00 -1.000000e+00
   outer loop
     vertex  1.964030e+01 -1.812736e+01  5.100000e-01
     vertex  1.953658e+01 -1.816020e+01  5.100000e-01
     vertex  5.995000e-01 -5.005000e-01  5.100000e-01
   endloop
 endfacet
 facet normal -0.000000e+00  0.000000e+00 -1.000000e+00
   outer loop
     vertex  2.053469e+01 -1.812735e+01  5.100000e-01
     vertex  1.964030e+01 -1.812736e+01  5.100000e-01
     vertex  5.995000e-01 -5.005000e-01  5.100000e-01
   endloop
 endfacet
 facet normal -0.000000e+00  0.000000e+00 -1.000000e+00
   outer loop
     vertex  2.529169e+01 -2.170638e+01  5.100000e-01
     vertex  2.073138e+01 -2.178331e+01  5.100000e-01
     vertex  2.080831e+01 -2.170638e+01  5.100000e-01
   endloop
 endfacet
 facet normal  0.000000e+00  0.000000e+00 -1.000000e+00
   outer loop
     vertex  2.536862e+01 -2.178331e+01  5.100000e-01
     vertex  2.073138e+01 -2.178331e+01  5.100000e-01
     vertex  2.529169e+01 -2.170638e+01  5.100000e-01
   endloop
 endfacet
 facet normal -0.000000e+00  0.000000e+00 -1.000000e+00
   outer loop
     vertex  2.536862e+01 -2.178331e+01  5.100000e-01
     vertex  2.063841e+01 -2.183980e+01  5.100000e-01
     vertex  2.073138e+01 -2.178331e+01  5.100000e-01
   endloop
 endfacet
 facet normal  0.000000e+00 -0.000000e+00 -1.000000e+00
   outer loop
     vertex  2.523520e+01 -2.161342e+01  5.100000e-01
     vertex  2.529169e+01 -2.170638e+01  5.100000e-01
     vertex  2.080831e+01 -2.170638e+01  5.100000e-01
   endloop
 endfacet
 facet normal -0.000000e+00  0.000000e+00 -1.000000e+00
   outer loop
     vertex  2.523520e+01 -2.161342e+01  5.100000e-01
     vertex  2.080831e+01 -2.170638e+01  5.100000e-01
     vertex  2.086480e+01 -2.161341e+01  5.100000e-01
   endloop
 endfacet
 facet normal -0.000000e+00  0.000000e+00 -1.000000e+00
   outer loop
     vertex  2.546159e+01 -2.183980e+01  5.100000e-01
     vertex  2.053470e+01 -2.187265e+01  5.100000e-01
     vertex  2.063841e+01 -2.183980e+01  5.100000e-01
   endloop
 endfacet
 facet normal  0.000000e+00  0.000000e+00 -1.000000e+00
   outer loop
     vertex  2.546159e+01 -2.183980e+01  5.100000e-01
     vertex  2.063841e+01 -2.183980e+01  5.100000e-01
     vertex  2.536862e+01 -2.178331e+01  5.100000e-01
   endloop
 endfacet
 facet normal  0.000000e+00 -0.000000e+00 -1.000000e+00
   outer loop
     vertex  2.520236e+01 -2.150970e+01  5.100000e-01
     vertex  2.523520e+01 -2.161342e+01  5.100000e-01
     vertex  2.086480e+01 -2.161341e+01  5.100000e-01
   endloop
 endfacet
 facet normal -0.000000e+00  0.000000e+00 -1.000000e+00
   outer loop
     vertex  2.520236e+01 -2.150970e+01  5.100000e-01
     vertex  2.086480e+01 -2.161341e+01  5.100000e-01
     vertex  2.089765e+01 -2.150970e+01  5.100000e-01
   endloop
 endfacet
 facet normal  0.000000e+00  0.000000e+00 -1.000000e+00
   outer loop
     vertex  2.556530e+01 -2.187265e+01  5.100000e-01
     vertex  2.053470e+01 -2.187265e+01  5.100000e-01
     vertex  2.546159e+01 -2.183980e+01  5.100000e-01
   endloop
 endfacet
 facet normal -0.000000e+00  0.000000e+00 -1.000000e+00
   outer loop
     vertex  2.556530e+01 -2.187265e+01  5.100000e-01
     vertex  5.995000e-01 -3.949950e+01  5.100000e-01
     vertex  2.053470e+01 -2.187265e+01  5.100000e-01
   endloop
 endfacet
 facet normal  0.000000e+00  0.000000e+00 -1.000000e+00
   outer loop
     vertex  2.684710e+01 -2.054777e+01  5.100000e-01
     vertex  2.682550e+01 -2.060950e+01  5.100000e-01
     vertex  2.682798e+01 -2.058747e+01  5.100000e-01
   endloop
 endfacet
 facet normal  0.000000e+00  0.000000e+00 -1.000000e+00
   outer loop
     vertex  2.684710e+01 -2.054777e+01  5.100000e-01
     vertex  2.682798e+01 -2.058747e+01  5.100000e-01
     vertex  2.683530e+01 -2.056655e+01  5.100000e-01
   endloop
 endfacet
 facet normal  0.000000e+00  0.000000e+00 -1.000000e+00
   outer loop
     vertex  2.690247e+01 -2.051298e+01  5.100000e-01
     vertex  2.684710e+01 -2.054777e+01  5.100000e-01
     vertex  2.686277e+01 -2.053210e+01  5.100000e-01
   endloop
 endfacet
 facet normal  0.000000e+00  0.000000e+00 -1.000000e+00
   outer loop
     vertex  2.690247e+01 -2.051298e+01  5.100000e-01
     vertex  2.686277e+01 -2.053210e+01  5.100000e-01
     vertex  2.688155e+01 -2.052030e+01  5.100000e-01
   endloop
 endfacet
 facet normal  0.000000e+00  0.000000e+00 -1.000000e+00
   outer loop
     vertex  2.692450e+01 -2.051050e+01  5.100000e-01
     vertex  2.684710e+01 -2.054777e+01  5.100000e-01
     vertex  2.690247e+01 -2.051298e+01  5.100000e-01
   endloop
 endfacet
 facet normal  0.000000e+00  0.000000e+00 -1.000000e+00
   outer loop
     vertex  2.692450e+01 -2.051050e+01  5.100000e-01
     vertex  2.682550e+01 -2.060950e+01  5.100000e-01
     vertex  2.684710e+01 -2.054777e+01  5.100000e-01
   endloop
 endfacet
 facet normal  0.000000e+00  0.000000e+00 -1.000000e+00
   outer loop
     vertex  2.692450e+01 -2.051050e+01  5.100000e-01
     vertex  2.682265e+01 -2.150970e+01  5.100000e-01
     vertex  2.682550e+01 -2.060950e+01  5.100000e-01
   endloop
 endfacet
 facet normal -0.000000e+00  0.000000e+00 -1.000000e+00
   outer loop
     vertex  2.520235e+01 -1.849030e+01  5.100000e-01
     vertex  2.089765e+01 -2.150970e+01  5.100000e-01
     vertex  2.089765e+01 -1.849030e+01  5.100000e-01
   endloop
 endfacet
 facet normal  0.000000e+00 -0.000000e+00 -1.000000e+00
   outer loop
     vertex  2.520235e+01 -1.849030e+01  5.100000e-01
     vertex  2.520236e+01 -2.150970e+01  5.100000e-01
     vertex  2.089765e+01 -2.150970e+01  5.100000e-01
   endloop
 endfacet
 facet normal  0.000000e+00  0.000000e+00 -1.000000e+00
   outer loop
     vertex  2.523519e+01 -1.838659e+01  5.100000e-01
     vertex  2.520235e+01 -1.849030e+01  5.100000e-01
     vertex  2.089765e+01 -1.849030e+01  5.100000e-01
   endloop
 endfacet
 facet normal -0.000000e+00  0.000000e+00 -1.000000e+00
   outer loop
     vertex  2.523519e+01 -1.838659e+01  5.100000e-01
     vertex  2.089765e+01 -1.849030e+01  5.100000e-01
     vertex  2.086480e+01 -1.838659e+01  5.100000e-01
   endloop
 endfacet
 facet normal -0.000000e+00  0.000000e+00 -1.000000e+00
   outer loop
     vertex  2.529169e+01 -1.829362e+01  5.100000e-01
     vertex  2.086480e+01 -1.838659e+01  5.100000e-01
     vertex  2.080831e+01 -1.829362e+01  5.100000e-01
   endloop
 endfacet
 facet normal  0.000000e+00  0.000000e+00 -1.000000e+00
   outer loop
     vertex  2.529169e+01 -1.829362e+01  5.100000e-01
     vertex  2.523519e+01 -1.838659e+01  5.100000e-01
     vertex  2.086480e+01 -1.838659e+01  5.100000e-01
   endloop
 endfacet
 facet normal -0.000000e+00  0.000000e+00 -1.000000e+00
   outer loop
     vertex  2.536861e+01 -1.821669e+01  5.100000e-01
     vertex  2.080831e+01 -1.829362e+01  5.100000e-01
     vertex  2.073138e+01 -1.821669e+01  5.100000e-01
   endloop
 endfacet
 facet normal  0.000000e+00  0.000000e+00 -1.000000e+00
   outer loop
     vertex  2.536861e+01 -1.821669e+01  5.100000e-01
     vertex  2.529169e+01 -1.829362e+01  5.100000e-01
     vertex  2.080831e+01 -1.829362e+01  5.100000e-01
   endloop
 endfacet
 facet normal -0.000000e+00  0.000000e+00 -1.000000e+00
   outer loop
     vertex  2.546158e+01 -1.816020e+01  5.100000e-01
     vertex  2.073138e+01 -1.821669e+01  5.100000e-01
     vertex  2.063841e+01 -1.816019e+01  5.100000e-01
   endloop
 endfacet
 facet normal  0.000000e+00  0.000000e+00 -1.000000e+00
   outer loop
     vertex  2.546158e+01 -1.816020e+01  5.100000e-01
     vertex  2.536861e+01 -1.821669e+01  5.100000e-01
     vertex  2.073138e+01 -1.821669e+01  5.100000e-01
   endloop
 endfacet
 facet normal  0.000000e+00  0.000000e+00 -1.000000e+00
   outer loop
     vertex  2.682798e+01 -1.941253e+01  5.100000e-01
     vertex  2.690247e+01 -1.948702e+01  5.100000e-01
     vertex  2.688155e+01 -1.947970e+01  5.100000e-01
   endloop
 endfacet
 facet normal  0.000000e+00  0.000000e+00 -1.000000e+00
   outer loop
     vertex  2.682798e+01 -1.941253e+01  5.100000e-01
     vertex  2.688155e+01 -1.947970e+01  5.100000e-01
     vertex  2.686277e+01 -1.946790e+01  5.100000e-01
   endloop
 endfacet
 facet normal  0.000000e+00  0.000000e+00 -1.000000e+00
   outer loop
     vertex  2.682798e+01 -1.941253e+01  5.100000e-01
     vertex  2.686277e+01 -1.946790e+01  5.100000e-01
     vertex  2.684710e+01 -1.945223e+01  5.100000e-01
   endloop
 endfacet
 facet normal  0.000000e+00  0.000000e+00 -1.000000e+00
   outer loop
     vertex  2.682798e+01 -1.941253e+01  5.100000e-01
     vertex  2.684710e+01 -1.945223e+01  5.100000e-01
     vertex  2.683530e+01 -1.943345e+01  5.100000e-01
   endloop
 endfacet
 facet normal  0.000000e+00  0.000000e+00 -1.000000e+00
   outer loop
     vertex  2.692450e+01 -1.948950e+01  5.100000e-01
     vertex  2.690247e+01 -1.948702e+01  5.100000e-01
     vertex  2.682798e+01 -1.941253e+01  5.100000e-01
   endloop
 endfacet
 facet normal  0.000000e+00  0.000000e+00 -1.000000e+00
   outer loop
     vertex  2.682550e+01 -1.939050e+01  5.100000e-01
     vertex  2.692450e+01 -1.948950e+01  5.100000e-01
     vertex  2.682798e+01 -1.941253e+01  5.100000e-01
   endloop
 endfacet
 facet normal  0.000000e+00  0.000000e+00 -1.000000e+00
   outer loop
     vertex  2.556530e+01 -1.812736e+01  5.100000e-01
     vertex  2.546158e+01 -1.816020e+01  5.100000e-01
     vertex  2.063841e+01 -1.816019e+01  5.100000e-01
   endloop
 endfacet
 facet normal -0.000000e+00  0.000000e+00 -1.000000e+00
   outer loop
     vertex  2.556530e+01 -1.812736e+01  5.100000e-01
     vertex  2.063841e+01 -1.816019e+01  5.100000e-01
     vertex  2.053469e+01 -1.812735e+01  5.100000e-01
   endloop
 endfacet
 facet normal  0.000000e+00  0.000000e+00 -1.000000e+00
   outer loop
     vertex  2.556530e+01 -1.812736e+01  5.100000e-01
     vertex  2.053469e+01 -1.812735e+01  5.100000e-01
     vertex  5.995000e-01 -5.005000e-01  5.100000e-01
   endloop
 endfacet
 facet normal  0.000000e+00  0.000000e+00 -1.000000e+00
   outer loop
     vertex  2.682265e+01 -1.849030e+01  5.100000e-01
     vertex  2.692450e+01 -1.948950e+01  5.100000e-01
     vertex  2.682550e+01 -1.939050e+01  5.100000e-01
   endloop
 endfacet
 facet normal -0.000000e+00  0.000000e+00 -1.000000e+00
   outer loop
     vertex  3.484754e+01 -2.051050e+01  5.100000e-01
     vertex  2.682265e+01 -2.150970e+01  5.100000e-01
     vertex  2.692450e+01 -2.051050e+01  5.100000e-01
   endloop
 endfacet
 facet normal  0.000000e+00  0.000000e+00 -1.000000e+00
   outer loop
     vertex  3.484754e+01 -2.051050e+01  5.100000e-01
     vertex  2.665638e+01 -2.178331e+01  5.100000e-01
     vertex  2.673331e+01 -2.170638e+01  5.100000e-01
   endloop
 endfacet
 facet normal  0.000000e+00  0.000000e+00 -1.000000e+00
   outer loop
     vertex  3.484754e+01 -2.051050e+01  5.100000e-01
     vertex  2.673331e+01 -2.170638e+01  5.100000e-01
     vertex  2.678980e+01 -2.161341e+01  5.100000e-01
   endloop
 endfacet
 facet normal  0.000000e+00  0.000000e+00 -1.000000e+00
   outer loop
     vertex  3.484754e+01 -2.051050e+01  5.100000e-01
     vertex  2.678980e+01 -2.161341e+01  5.100000e-01
     vertex  2.682265e+01 -2.150970e+01  5.100000e-01
   endloop
 endfacet
 facet normal -0.000000e+00  0.000000e+00 -1.000000e+00
   outer loop
     vertex  3.490573e+01 -2.052941e+01  5.100000e-01
     vertex  2.665638e+01 -2.178331e+01  5.100000e-01
     vertex  3.484754e+01 -2.051050e+01  5.100000e-01
   endloop
 endfacet
 facet normal  0.000000e+00  0.000000e+00 -1.000000e+00
   outer loop
     vertex  3.490573e+01 -2.052941e+01  5.100000e-01
     vertex  2.656341e+01 -2.183980e+01  5.100000e-01
     vertex  2.665638e+01 -2.178331e+01  5.100000e-01
   endloop
 endfacet
 facet normal -0.000000e+00  0.000000e+00 -1.000000e+00
   outer loop
     vertex  4.478655e+01 -3.040850e+01  5.100000e-01
     vertex  5.995000e-01 -3.949950e+01  5.100000e-01
     vertex  2.556530e+01 -2.187265e+01  5.100000e-01
   endloop
 endfacet
 facet normal  0.000000e+00  0.000000e+00 -1.000000e+00
   outer loop
     vertex  4.478655e+01 -3.040850e+01  5.100000e-01
     vertex  2.656341e+01 -2.183980e+01  5.100000e-01
     vertex  3.490573e+01 -2.052941e+01  5.100000e-01
   endloop
 endfacet
 facet normal  0.000000e+00  0.000000e+00 -1.000000e+00
   outer loop
     vertex  4.478655e+01 -3.040850e+01  5.100000e-01
     vertex  2.645970e+01 -2.187265e+01  5.100000e-01
     vertex  2.656341e+01 -2.183980e+01  5.100000e-01
   endloop
 endfacet
 facet normal  0.000000e+00  0.000000e+00 -1.000000e+00
   outer loop
     vertex  4.478655e+01 -3.040850e+01  5.100000e-01
     vertex  2.556530e+01 -2.187265e+01  5.100000e-01
     vertex  2.645970e+01 -2.187265e+01  5.100000e-01
   endloop
 endfacet
 facet normal  0.000000e+00  0.000000e+00 -1.000000e+00
   outer loop
     vertex  4.631669e+01 -3.170638e+01  5.100000e-01
     vertex  4.478655e+01 -3.040850e+01  5.100000e-01
     vertex  4.490295e+01 -3.047571e+01  5.100000e-01
   endloop
 endfacet
 facet normal -0.000000e+00  0.000000e+00 -1.000000e+00
   outer loop
     vertex  4.639362e+01 -3.178331e+01  5.100000e-01
     vertex  5.995000e-01 -3.949950e+01  5.100000e-01
     vertex  4.478655e+01 -3.040850e+01  5.100000e-01
   endloop
 endfacet
 facet normal  0.000000e+00  0.000000e+00 -1.000000e+00
   outer loop
     vertex  4.639362e+01 -3.178331e+01  5.100000e-01
     vertex  4.478655e+01 -3.040850e+01  5.100000e-01
     vertex  4.631669e+01 -3.170638e+01  5.100000e-01
   endloop
 endfacet
 facet normal  0.000000e+00  0.000000e+00 -1.000000e+00
   outer loop
     vertex  4.626020e+01 -3.161342e+01  5.100000e-01
     vertex  4.490295e+01 -3.047571e+01  5.100000e-01
     vertex  4.503279e+01 -3.051050e+01  5.100000e-01
   endloop
 endfacet
 facet normal -0.000000e+00 -0.000000e+00 -1.000000e+00
   outer loop
     vertex  4.626020e+01 -3.161342e+01  5.100000e-01
     vertex  4.631669e+01 -3.170638e+01  5.100000e-01
     vertex  4.490295e+01 -3.047571e+01  5.100000e-01
   endloop
 endfacet
 facet normal -0.000000e+00  0.000000e+00 -1.000000e+00
   outer loop
     vertex  4.648659e+01 -3.183980e+01  5.100000e-01
     vertex  5.995000e-01 -3.949950e+01  5.100000e-01
     vertex  4.639362e+01 -3.178331e+01  5.100000e-01
   endloop
 endfacet
 facet normal -0.000000e+00 -0.000000e+00 -1.000000e+00
   outer loop
     vertex  4.622736e+01 -3.150970e+01  5.100000e-01
     vertex  4.626020e+01 -3.161342e+01  5.100000e-01
     vertex  4.503279e+01 -3.051050e+01  5.100000e-01
   endloop
 endfacet
 facet normal -0.000000e+00  0.000000e+00 -1.000000e+00
   outer loop
     vertex  4.659030e+01 -3.187265e+01  5.100000e-01
     vertex  5.995000e-01 -3.949950e+01  5.100000e-01
     vertex  4.648659e+01 -3.183980e+01  5.100000e-01
   endloop
 endfacet
 facet normal  0.000000e+00  0.000000e+00 -1.000000e+00
   outer loop
     vertex  3.496302e+01 -1.948828e+01  5.100000e-01
     vertex  2.682265e+01 -1.849030e+01  5.100000e-01
     vertex  2.678980e+01 -1.838659e+01  5.100000e-01
   endloop
 endfacet
 facet normal  0.000000e+00  0.000000e+00 -1.000000e+00
   outer loop
     vertex  3.496302e+01 -1.948828e+01  5.100000e-01
     vertex  2.678980e+01 -1.838659e+01  5.100000e-01
     vertex  2.673331e+01 -1.829362e+01  5.100000e-01
   endloop
 endfacet
 facet normal  0.000000e+00  0.000000e+00 -1.000000e+00
   outer loop
     vertex  3.496302e+01 -1.948828e+01  5.100000e-01
     vertex  2.673331e+01 -1.829362e+01  5.100000e-01
     vertex  2.665638e+01 -1.821669e+01  5.100000e-01
   endloop
 endfacet
 facet normal -0.000000e+00  0.000000e+00 -1.000000e+00
   outer loop
     vertex  3.496302e+01 -1.948828e+01  5.100000e-01
     vertex  2.692450e+01 -1.948950e+01  5.100000e-01
     vertex  2.682265e+01 -1.849030e+01  5.100000e-01
   endloop
 endfacet
 facet normal -0.000000e+00  0.000000e+00 -1.000000e+00
   outer loop
     vertex  3.501754e+01 -1.946050e+01  5.100000e-01
     vertex  3.496302e+01 -1.948828e+01  5.100000e-01
     vertex  2.665638e+01 -1.821669e+01  5.100000e-01
   endloop
 endfacet
 facet normal  0.000000e+00  0.000000e+00 -1.000000e+00
   outer loop
     vertex  3.501754e+01 -1.946050e+01  5.100000e-01
     vertex  2.665638e+01 -1.821669e+01  5.100000e-01
     vertex  2.656341e+01 -1.816019e+01  5.100000e-01
   endloop
 endfacet
 facet normal  0.000000e+00  0.000000e+00 -1.000000e+00
   outer loop
     vertex  4.612550e+01 -3.051050e+01  5.100000e-01
     vertex  4.622450e+01 -3.060950e+01  5.100000e-01
     vertex  4.622736e+01 -3.150970e+01  5.100000e-01
   endloop
 endfacet
 facet normal -0.000000e+00 -0.000000e+00 -1.000000e+00
   outer loop
     vertex  4.612550e+01 -3.051050e+01  5.100000e-01
     vertex  4.622736e+01 -3.150970e+01  5.100000e-01
     vertex  4.503279e+01 -3.051050e+01  5.100000e-01
   endloop
 endfacet
 facet normal  0.000000e+00  0.000000e+00 -1.000000e+00
   outer loop
     vertex  4.621470e+01 -3.056655e+01  5.100000e-01
     vertex  4.622202e+01 -3.058747e+01  5.100000e-01
     vertex  4.622450e+01 -3.060950e+01  5.100000e-01
   endloop
 endfacet
 facet normal  0.000000e+00  0.000000e+00 -1.000000e+00
   outer loop
     vertex  4.620290e+01 -3.054777e+01  5.100000e-01
     vertex  4.621470e+01 -3.056655e+01  5.100000e-01
     vertex  4.622450e+01 -3.060950e+01  5.100000e-01
   endloop
 endfacet
 facet normal  0.000000e+00  0.000000e+00 -1.000000e+00
   outer loop
     vertex  4.618723e+01 -3.053210e+01  5.100000e-01
     vertex  4.620290e+01 -3.054777e+01  5.100000e-01
     vertex  4.622450e+01 -3.060950e+01  5.100000e-01
   endloop
 endfacet
 facet normal  0.000000e+00  0.000000e+00 -1.000000e+00
   outer loop
     vertex  4.618723e+01 -3.053210e+01  5.100000e-01
     vertex  4.612550e+01 -3.051050e+01  5.100000e-01
     vertex  4.614753e+01 -3.051298e+01  5.100000e-01
   endloop
 endfacet
 facet normal  0.000000e+00  0.000000e+00 -1.000000e+00
   outer loop
     vertex  4.618723e+01 -3.053210e+01  5.100000e-01
     vertex  4.614753e+01 -3.051298e+01  5.100000e-01
     vertex  4.616845e+01 -3.052030e+01  5.100000e-01
   endloop
 endfacet
 facet normal -0.000000e+00 -0.000000e+00 -1.000000e+00
   outer loop
     vertex  4.618723e+01 -3.053210e+01  5.100000e-01
     vertex  4.622450e+01 -3.060950e+01  5.100000e-01
     vertex  4.612550e+01 -3.051050e+01  5.100000e-01
   endloop
 endfacet
 facet normal  0.000000e+00  0.000000e+00 -1.000000e+00
   outer loop
     vertex  3.591296e+01 -2.005000e+01  5.100000e-01
     vertex  3.594196e+01 -2.012000e+01  5.100000e-01
     vertex  3.592623e+01 -2.009950e+01  5.100000e-01
   endloop
 endfacet
 facet normal  0.000000e+00  0.000000e+00 -1.000000e+00
   outer loop
     vertex  3.591296e+01 -2.005000e+01  5.100000e-01
     vertex  3.592623e+01 -2.009950e+01  5.100000e-01
     vertex  3.591634e+01 -2.007562e+01  5.100000e-01
   endloop
 endfacet
 facet normal  0.000000e+00  0.000000e+00 -1.000000e+00
   outer loop
     vertex  3.592623e+01 -2.000050e+01  5.100000e-01
     vertex  3.591296e+01 -2.005000e+01  5.100000e-01
     vertex  3.591634e+01 -2.002438e+01  5.100000e-01
   endloop
 endfacet
 facet normal  0.000000e+00 -0.000000e+00 -1.000000e+00
   outer loop
     vertex  3.592623e+01 -2.000050e+01  5.100000e-01
     vertex  3.594196e+01 -2.012000e+01  5.100000e-01
     vertex  3.591296e+01 -2.005000e+01  5.100000e-01
   endloop
 endfacet
 facet normal  0.000000e+00 -0.000000e+00 -1.000000e+00
   outer loop
     vertex  3.594196e+01 -1.998000e+01  5.100000e-01
     vertex  3.594196e+01 -2.012000e+01  5.100000e-01
     vertex  3.592623e+01 -2.000050e+01  5.100000e-01
   endloop
 endfacet
 facet normal  0.000000e+00  0.000000e+00 -1.000000e+00
   outer loop
     vertex  4.616845e+01 -2.947970e+01  5.100000e-01
     vertex  4.614753e+01 -2.948702e+01  5.100000e-01
     vertex  4.612550e+01 -2.948950e+01  5.100000e-01
   endloop
 endfacet
 facet normal  0.000000e+00  0.000000e+00 -1.000000e+00
   outer loop
     vertex  4.622202e+01 -2.941253e+01  5.100000e-01
     vertex  4.621470e+01 -2.943345e+01  5.100000e-01
     vertex  4.620290e+01 -2.945223e+01  5.100000e-01
   endloop
 endfacet
 facet normal  0.000000e+00  0.000000e+00 -1.000000e+00
   outer loop
     vertex  4.622202e+01 -2.941253e+01  5.100000e-01
     vertex  4.620290e+01 -2.945223e+01  5.100000e-01
     vertex  4.618723e+01 -2.946790e+01  5.100000e-01
   endloop
 endfacet
 facet normal  0.000000e+00  0.000000e+00 -1.000000e+00
   outer loop
     vertex  4.622450e+01 -2.939050e+01  5.100000e-01
     vertex  4.612550e+01 -2.948950e+01  5.100000e-01
     vertex  4.535246e+01 -2.948950e+01  5.100000e-01
   endloop
 endfacet
 facet normal  0.000000e+00  0.000000e+00 -1.000000e+00
   outer loop
     vertex  4.622450e+01 -2.939050e+01  5.100000e-01
     vertex  4.618723e+01 -2.946790e+01  5.100000e-01
     vertex  4.616845e+01 -2.947970e+01  5.100000e-01
   endloop
 endfacet
 facet normal  0.000000e+00  0.000000e+00 -1.000000e+00
   outer loop
     vertex  4.622450e+01 -2.939050e+01  5.100000e-01
     vertex  4.616845e+01 -2.947970e+01  5.100000e-01
     vertex  4.612550e+01 -2.948950e+01  5.100000e-01
   endloop
 endfacet
 facet normal  0.000000e+00  0.000000e+00 -1.000000e+00
   outer loop
     vertex  4.622450e+01 -2.939050e+01  5.100000e-01
     vertex  4.622202e+01 -2.941253e+01  5.100000e-01
     vertex  4.618723e+01 -2.946790e+01  5.100000e-01
   endloop
 endfacet
 facet normal  0.000000e+00  0.000000e+00 -1.000000e+00
   outer loop
     vertex  4.622735e+01 -2.849030e+01  5.100000e-01
     vertex  4.622450e+01 -2.939050e+01  5.100000e-01
     vertex  4.535246e+01 -2.948950e+01  5.100000e-01
   endloop
 endfacet
 facet normal  0.000000e+00  0.000000e+00 -1.000000e+00
   outer loop
     vertex  4.622735e+01 -2.849030e+01  5.100000e-01
     vertex  4.535246e+01 -2.948950e+01  5.100000e-01
     vertex  4.529427e+01 -2.947059e+01  5.100000e-01
   endloop
 endfacet
 facet normal  0.000000e+00  0.000000e+00 -1.000000e+00
   outer loop
     vertex  4.626019e+01 -2.838659e+01  5.100000e-01
     vertex  4.622735e+01 -2.849030e+01  5.100000e-01
     vertex  4.529427e+01 -2.947059e+01  5.100000e-01
   endloop
 endfacet
 facet normal -0.000000e+00  0.000000e+00 -1.000000e+00
   outer loop
     vertex  4.631669e+01 -2.829362e+01  5.100000e-01
     vertex  4.529427e+01 -2.947059e+01  5.100000e-01
     vertex  3.594196e+01 -2.012000e+01  5.100000e-01
   endloop
 endfacet
 facet normal  0.000000e+00  0.000000e+00 -1.000000e+00
   outer loop
     vertex  4.631669e+01 -2.829362e+01  5.100000e-01
     vertex  4.626019e+01 -2.838659e+01  5.100000e-01
     vertex  4.529427e+01 -2.947059e+01  5.100000e-01
   endloop
 endfacet
 facet normal -0.000000e+00  0.000000e+00 -1.000000e+00
   outer loop
     vertex  4.639361e+01 -2.821669e+01  5.100000e-01
     vertex  4.631669e+01 -2.829362e+01  5.100000e-01
     vertex  3.594196e+01 -2.012000e+01  5.100000e-01
   endloop
 endfacet
 facet normal -0.000000e+00  0.000000e+00 -1.000000e+00
   outer loop
     vertex  4.648658e+01 -2.816020e+01  5.100000e-01
     vertex  4.639361e+01 -2.821669e+01  5.100000e-01
     vertex  3.594196e+01 -2.012000e+01  5.100000e-01
   endloop
 endfacet
 facet normal  0.000000e+00  0.000000e+00 -1.000000e+00
   outer loop
     vertex  4.659030e+01 -2.812736e+01  5.100000e-01
     vertex  3.594196e+01 -2.012000e+01  5.100000e-01
     vertex  3.594196e+01 -1.998000e+01  5.100000e-01
   endloop
 endfacet
 facet normal -0.000000e+00  0.000000e+00 -1.000000e+00
   outer loop
     vertex  4.659030e+01 -2.812736e+01  5.100000e-01
     vertex  4.648658e+01 -2.816020e+01  5.100000e-01
     vertex  3.594196e+01 -2.012000e+01  5.100000e-01
   endloop
 endfacet
 facet normal -0.000000e+00  0.000000e+00 -1.000000e+00
   outer loop
     vertex  5.224169e+01 -3.170638e+01  5.100000e-01
     vertex  4.768138e+01 -3.178331e+01  5.100000e-01
     vertex  4.775831e+01 -3.170638e+01  5.100000e-01
   endloop
 endfacet
 facet normal -0.000000e+00  0.000000e+00 -1.000000e+00
   outer loop
     vertex  5.231862e+01 -3.178331e+01  5.100000e-01
     vertex  4.758841e+01 -3.183980e+01  5.100000e-01
     vertex  4.768138e+01 -3.178331e+01  5.100000e-01
   endloop
 endfacet
 facet normal  0.000000e+00  0.000000e+00 -1.000000e+00
   outer loop
     vertex  5.231862e+01 -3.178331e+01  5.100000e-01
     vertex  4.768138e+01 -3.178331e+01  5.100000e-01
     vertex  5.224169e+01 -3.170638e+01  5.100000e-01
   endloop
 endfacet
 facet normal -0.000000e+00  0.000000e+00 -1.000000e+00
   outer loop
     vertex  5.218520e+01 -3.161342e+01  5.100000e-01
     vertex  4.775831e+01 -3.170638e+01  5.100000e-01
     vertex  4.781480e+01 -3.161341e+01  5.100000e-01
   endloop
 endfacet
 facet normal  0.000000e+00 -0.000000e+00 -1.000000e+00
   outer loop
     vertex  5.218520e+01 -3.161342e+01  5.100000e-01
     vertex  5.224169e+01 -3.170638e+01  5.100000e-01
     vertex  4.775831e+01 -3.170638e+01  5.100000e-01
   endloop
 endfacet
 facet normal -0.000000e+00  0.000000e+00 -1.000000e+00
   outer loop
     vertex  5.241159e+01 -3.183980e+01  5.100000e-01
     vertex  4.748470e+01 -3.187265e+01  5.100000e-01
     vertex  4.758841e+01 -3.183980e+01  5.100000e-01
   endloop
 endfacet
 facet normal  0.000000e+00  0.000000e+00 -1.000000e+00
   outer loop
     vertex  5.241159e+01 -3.183980e+01  5.100000e-01
     vertex  4.758841e+01 -3.183980e+01  5.100000e-01
     vertex  5.231862e+01 -3.178331e+01  5.100000e-01
   endloop
 endfacet
 facet normal  0.000000e+00 -0.000000e+00 -1.000000e+00
   outer loop
     vertex  5.215236e+01 -3.150970e+01  5.100000e-01
     vertex  5.218520e+01 -3.161342e+01  5.100000e-01
     vertex  4.781480e+01 -3.161341e+01  5.100000e-01
   endloop
 endfacet
 facet normal -0.000000e+00  0.000000e+00 -1.000000e+00
   outer loop
     vertex  5.215236e+01 -3.150970e+01  5.100000e-01
     vertex  4.781480e+01 -3.161341e+01  5.100000e-01
     vertex  4.784765e+01 -3.150970e+01  5.100000e-01
   endloop
 endfacet
 facet normal  0.000000e+00  0.000000e+00 -1.000000e+00
   outer loop
     vertex  5.251530e+01 -3.187265e+01  5.100000e-01
     vertex  4.748470e+01 -3.187265e+01  5.100000e-01
     vertex  5.241159e+01 -3.183980e+01  5.100000e-01
   endloop
 endfacet
 facet normal  0.000000e+00  0.000000e+00 -1.000000e+00
   outer loop
     vertex  5.381277e+01 -3.053210e+01  5.100000e-01
     vertex  5.377550e+01 -3.060950e+01  5.100000e-01
     vertex  5.377798e+01 -3.058747e+01  5.100000e-01
   endloop
 endfacet
 facet normal  0.000000e+00  0.000000e+00 -1.000000e+00
   outer loop
     vertex  5.381277e+01 -3.053210e+01  5.100000e-01
     vertex  5.377798e+01 -3.058747e+01  5.100000e-01
     vertex  5.378530e+01 -3.056655e+01  5.100000e-01
   endloop
 endfacet
 facet normal  0.000000e+00  0.000000e+00 -1.000000e+00
   outer loop
     vertex  5.381277e+01 -3.053210e+01  5.100000e-01
     vertex  5.378530e+01 -3.056655e+01  5.100000e-01
     vertex  5.379710e+01 -3.054777e+01  5.100000e-01
   endloop
 endfacet
 facet normal  0.000000e+00  0.000000e+00 -1.000000e+00
   outer loop
     vertex  5.383155e+01 -3.052030e+01  5.100000e-01
     vertex  5.377550e+01 -3.060950e+01  5.100000e-01
     vertex  5.381277e+01 -3.053210e+01  5.100000e-01
   endloop
 endfacet
 facet normal  0.000000e+00  0.000000e+00 -1.000000e+00
   outer loop
     vertex  5.385247e+01 -3.051298e+01  5.100000e-01
     vertex  5.377550e+01 -3.060950e+01  5.100000e-01
     vertex  5.383155e+01 -3.052030e+01  5.100000e-01
   endloop
 endfacet
 facet normal  0.000000e+00  0.000000e+00 -1.000000e+00
   outer loop
     vertex  5.387450e+01 -3.051050e+01  5.100000e-01
     vertex  5.377265e+01 -3.150970e+01  5.100000e-01
     vertex  5.377550e+01 -3.060950e+01  5.100000e-01
   endloop
 endfacet
 facet normal  0.000000e+00  0.000000e+00 -1.000000e+00
   outer loop
     vertex  5.387450e+01 -3.051050e+01  5.100000e-01
     vertex  5.377550e+01 -3.060950e+01  5.100000e-01
     vertex  5.385247e+01 -3.051298e+01  5.100000e-01
   endloop
 endfacet
 facet normal  0.000000e+00 -0.000000e+00 -1.000000e+00
   outer loop
     vertex  5.215235e+01 -2.849030e+01  5.100000e-01
     vertex  5.215236e+01 -3.150970e+01  5.100000e-01
     vertex  4.784765e+01 -3.150970e+01  5.100000e-01
   endloop
 endfacet
 facet normal -0.000000e+00  0.000000e+00 -1.000000e+00
   outer loop
     vertex  5.215235e+01 -2.849030e+01  5.100000e-01
     vertex  4.784765e+01 -3.150970e+01  5.100000e-01
     vertex  4.784765e+01 -2.849030e+01  5.100000e-01
   endloop
 endfacet
 facet normal  0.000000e+00  0.000000e+00 -1.000000e+00
   outer loop
     vertex  5.218519e+01 -2.838659e+01  5.100000e-01
     vertex  5.215235e+01 -2.849030e+01  5.100000e-01
     vertex  4.784765e+01 -2.849030e+01  5.100000e-01
   endloop
 endfacet
 facet normal -0.000000e+00  0.000000e+00 -1.000000e+00
   outer loop
     vertex  5.218519e+01 -2.838659e+01  5.100000e-01
     vertex  4.784765e+01 -2.849030e+01  5.100000e-01
     vertex  4.781480e+01 -2.838659e+01  5.100000e-01
   endloop
 endfacet
 facet normal  0.000000e+00  0.000000e+00 -1.000000e+00
   outer loop
     vertex  5.224169e+01 -2.829362e+01  5.100000e-01
     vertex  5.218519e+01 -2.838659e+01  5.100000e-01
     vertex  4.781480e+01 -2.838659e+01  5.100000e-01
   endloop
 endfacet
 facet normal -0.000000e+00  0.000000e+00 -1.000000e+00
   outer loop
     vertex  5.224169e+01 -2.829362e+01  5.100000e-01
     vertex  4.781480e+01 -2.838659e+01  5.100000e-01
     vertex  4.775831e+01 -2.829362e+01  5.100000e-01
   endloop
 endfacet
 facet normal -0.000000e+00  0.000000e+00 -1.000000e+00
   outer loop
     vertex  5.231861e+01 -2.821669e+01  5.100000e-01
     vertex  4.775831e+01 -2.829362e+01  5.100000e-01
     vertex  4.768138e+01 -2.821669e+01  5.100000e-01
   endloop
 endfacet
 facet normal  0.000000e+00  0.000000e+00 -1.000000e+00
   outer loop
     vertex  5.231861e+01 -2.821669e+01  5.100000e-01
     vertex  5.224169e+01 -2.829362e+01  5.100000e-01
     vertex  4.775831e+01 -2.829362e+01  5.100000e-01
   endloop
 endfacet
 facet normal  0.000000e+00  0.000000e+00 -1.000000e+00
   outer loop
     vertex  5.241158e+01 -2.816020e+01  5.100000e-01
     vertex  5.231861e+01 -2.821669e+01  5.100000e-01
     vertex  4.768138e+01 -2.821669e+01  5.100000e-01
   endloop
 endfacet
 facet normal -0.000000e+00  0.000000e+00 -1.000000e+00
   outer loop
     vertex  5.241158e+01 -2.816020e+01  5.100000e-01
     vertex  4.768138e+01 -2.821669e+01  5.100000e-01
     vertex  4.758841e+01 -2.816019e+01  5.100000e-01
   endloop
 endfacet
 facet normal  0.000000e+00  0.000000e+00 -1.000000e+00
   outer loop
     vertex  5.378530e+01 -2.943345e+01  5.100000e-01
     vertex  5.383155e+01 -2.947970e+01  5.100000e-01
     vertex  5.381277e+01 -2.946790e+01  5.100000e-01
   endloop
 endfacet
 facet normal  0.000000e+00  0.000000e+00 -1.000000e+00
   outer loop
     vertex  5.378530e+01 -2.943345e+01  5.100000e-01
     vertex  5.381277e+01 -2.946790e+01  5.100000e-01
     vertex  5.379710e+01 -2.945223e+01  5.100000e-01
   endloop
 endfacet
 facet normal  0.000000e+00  0.000000e+00 -1.000000e+00
   outer loop
     vertex  5.387450e+01 -2.948950e+01  5.100000e-01
     vertex  5.385247e+01 -2.948702e+01  5.100000e-01
     vertex  5.383155e+01 -2.947970e+01  5.100000e-01
   endloop
 endfacet
 facet normal  0.000000e+00  0.000000e+00 -1.000000e+00
   outer loop
     vertex  5.387450e+01 -2.948950e+01  5.100000e-01
     vertex  5.378530e+01 -2.943345e+01  5.100000e-01
     vertex  5.377798e+01 -2.941253e+01  5.100000e-01
   endloop
 endfacet
 facet normal  0.000000e+00  0.000000e+00 -1.000000e+00
   outer loop
     vertex  5.387450e+01 -2.948950e+01  5.100000e-01
     vertex  5.377798e+01 -2.941253e+01  5.100000e-01
     vertex  5.377550e+01 -2.939050e+01  5.100000e-01
   endloop
 endfacet
 facet normal  0.000000e+00  0.000000e+00 -1.000000e+00
   outer loop
     vertex  5.387450e+01 -2.948950e+01  5.100000e-01
     vertex  5.383155e+01 -2.947970e+01  5.100000e-01
     vertex  5.378530e+01 -2.943345e+01  5.100000e-01
   endloop
 endfacet
 facet normal  0.000000e+00  0.000000e+00 -1.000000e+00
   outer loop
     vertex  5.251530e+01 -2.812736e+01  5.100000e-01
     vertex  5.241158e+01 -2.816020e+01  5.100000e-01
     vertex  4.758841e+01 -2.816019e+01  5.100000e-01
   endloop
 endfacet
 facet normal -0.000000e+00  0.000000e+00 -1.000000e+00
   outer loop
     vertex  5.251530e+01 -2.812736e+01  5.100000e-01
     vertex  4.758841e+01 -2.816019e+01  5.100000e-01
     vertex  4.748469e+01 -2.812735e+01  5.100000e-01
   endloop
 endfacet
 facet normal  0.000000e+00  0.000000e+00 -1.000000e+00
   outer loop
     vertex  5.377265e+01 -2.849030e+01  5.100000e-01
     vertex  5.387450e+01 -2.948950e+01  5.100000e-01
     vertex  5.377550e+01 -2.939050e+01  5.100000e-01
   endloop
 endfacet
 facet normal -0.000000e+00  0.000000e+00 -1.000000e+00
   outer loop
     vertex  4.639362e+01 -1.178331e+01  5.100000e-01
     vertex  3.594196e+01 -1.998000e+01  5.100000e-01
     vertex  4.631669e+01 -1.170638e+01  5.100000e-01
   endloop
 endfacet
 facet normal -0.000000e+00  0.000000e+00 -1.000000e+00
   outer loop
     vertex  4.648659e+01 -1.183980e+01  5.100000e-01
     vertex  3.594196e+01 -1.998000e+01  5.100000e-01
     vertex  4.639362e+01 -1.178331e+01  5.100000e-01
   endloop
 endfacet
 facet normal  0.000000e+00 -0.000000e+00 -1.000000e+00
   outer loop
     vertex  4.659030e+01 -1.187265e+01  5.100000e-01
     vertex  4.748469e+01 -2.812735e+01  5.100000e-01
     vertex  4.659030e+01 -2.812736e+01  5.100000e-01
   endloop
 endfacet
 facet normal  0.000000e+00  0.000000e+00 -1.000000e+00
   outer loop
     vertex  4.659030e+01 -1.187265e+01  5.100000e-01
     vertex  4.659030e+01 -2.812736e+01  5.100000e-01
     vertex  3.594196e+01 -1.998000e+01  5.100000e-01
   endloop
 endfacet
 facet normal -0.000000e+00  0.000000e+00 -1.000000e+00
   outer loop
     vertex  4.659030e+01 -1.187265e+01  5.100000e-01
     vertex  3.594196e+01 -1.998000e+01  5.100000e-01
     vertex  4.648659e+01 -1.183980e+01  5.100000e-01
   endloop
 endfacet
 facet normal  0.000000e+00  0.000000e+00 -1.000000e+00
   outer loop
     vertex  4.538246e+01 -1.053950e+01  5.100000e-01
     vertex  4.622736e+01 -1.150970e+01  5.100000e-01
     vertex  4.626020e+01 -1.161342e+01  5.100000e-01
   endloop
 endfacet
 facet normal  0.000000e+00  0.000000e+00 -1.000000e+00
   outer loop
     vertex  4.538246e+01 -1.053950e+01  5.100000e-01
     vertex  4.626020e+01 -1.161342e+01  5.100000e-01
     vertex  4.631669e+01 -1.170638e+01  5.100000e-01
   endloop
 endfacet
 facet normal  0.000000e+00 -0.000000e+00 -1.000000e+00
   outer loop
     vertex  4.538246e+01 -1.053950e+01  5.100000e-01
     vertex  4.631669e+01 -1.170638e+01  5.100000e-01
     vertex  3.594196e+01 -1.998000e+01  5.100000e-01
   endloop
 endfacet
 facet normal  0.000000e+00  0.000000e+00 -1.000000e+00
   outer loop
     vertex  7.440050e+01 -3.949950e+01  5.100000e-01
     vertex  4.659030e+01 -3.187265e+01  5.100000e-01
     vertex  4.748470e+01 -3.187265e+01  5.100000e-01
   endloop
 endfacet
 facet normal  0.000000e+00  0.000000e+00 -1.000000e+00
   outer loop
     vertex  7.440050e+01 -3.949950e+01  5.100000e-01
     vertex  4.748470e+01 -3.187265e+01  5.100000e-01
     vertex  5.251530e+01 -3.187265e+01  5.100000e-01
   endloop
 endfacet
 facet normal  0.000000e+00  0.000000e+00 -1.000000e+00
   outer loop
     vertex  7.440050e+01 -3.949950e+01  5.100000e-01
     vertex  5.995000e-01 -3.949950e+01  5.100000e-01
     vertex  4.659030e+01 -3.187265e+01  5.100000e-01
   endloop
 endfacet
 facet normal  0.000000e+00  0.000000e+00 -1.000000e+00
   outer loop
     vertex  7.440050e+01 -3.949950e+01  5.100000e-01
     vertex  5.340970e+01 -3.187265e+01  5.100000e-01
     vertex  5.351341e+01 -3.183980e+01  5.100000e-01
   endloop
 endfacet
 facet normal  0.000000e+00  0.000000e+00 -1.000000e+00
   outer loop
     vertex  7.440050e+01 -3.949950e+01  5.100000e-01
     vertex  5.351341e+01 -3.183980e+01  5.100000e-01
     vertex  5.360638e+01 -3.178331e+01  5.100000e-01
   endloop
 endfacet
 facet normal  0.000000e+00  0.000000e+00 -1.000000e+00
   outer loop
     vertex  7.440050e+01 -3.949950e+01  5.100000e-01
     vertex  5.360638e+01 -3.178331e+01  5.100000e-01
     vertex  5.368331e+01 -3.170638e+01  5.100000e-01
   endloop
 endfacet
 facet normal  0.000000e+00  0.000000e+00 -1.000000e+00
   outer loop
     vertex  7.440050e+01 -3.949950e+01  5.100000e-01
     vertex  5.368331e+01 -3.170638e+01  5.100000e-01
     vertex  5.373980e+01 -3.161341e+01  5.100000e-01
   endloop
 endfacet
 facet normal  0.000000e+00  0.000000e+00 -1.000000e+00
   outer loop
     vertex  7.440050e+01 -3.949950e+01  5.100000e-01
     vertex  5.251530e+01 -3.187265e+01  5.100000e-01
     vertex  5.340970e+01 -3.187265e+01  5.100000e-01
   endloop
 endfacet
 facet normal  0.000000e+00 -0.000000e+00 -1.000000e+00
   outer loop
     vertex  4.543698e+01 -1.051172e+01  5.100000e-01
     vertex  4.622736e+01 -1.150970e+01  5.100000e-01
     vertex  4.538246e+01 -1.053950e+01  5.100000e-01
   endloop
 endfacet
 facet normal  0.000000e+00  0.000000e+00 -1.000000e+00
   outer loop
     vertex  7.447790e+01 -3.946223e+01  5.100000e-01
     vertex  7.446223e+01 -3.947790e+01  5.100000e-01
     vertex  7.444345e+01 -3.948970e+01  5.100000e-01
   endloop
 endfacet
 facet normal  0.000000e+00  0.000000e+00 -1.000000e+00
   outer loop
     vertex  7.447790e+01 -3.946223e+01  5.100000e-01
     vertex  7.444345e+01 -3.948970e+01  5.100000e-01
     vertex  7.442253e+01 -3.949702e+01  5.100000e-01
   endloop
 endfacet
 facet normal  0.000000e+00  0.000000e+00 -1.000000e+00
   outer loop
     vertex  7.447790e+01 -3.946223e+01  5.100000e-01
     vertex  7.442253e+01 -3.949702e+01  5.100000e-01
     vertex  7.440050e+01 -3.949950e+01  5.100000e-01
   endloop
 endfacet
 facet normal  0.000000e+00  0.000000e+00 -1.000000e+00
   outer loop
     vertex  7.448970e+01 -3.944345e+01  5.100000e-01
     vertex  7.447790e+01 -3.946223e+01  5.100000e-01
     vertex  7.440050e+01 -3.949950e+01  5.100000e-01
   endloop
 endfacet
 facet normal  0.000000e+00  0.000000e+00 -1.000000e+00
   outer loop
     vertex  7.449950e+01 -3.940050e+01  5.100000e-01
     vertex  7.449702e+01 -3.942253e+01  5.100000e-01
     vertex  7.448970e+01 -3.944345e+01  5.100000e-01
   endloop
 endfacet
 facet normal  0.000000e+00  0.000000e+00 -1.000000e+00
   outer loop
     vertex  7.449950e+01 -3.940050e+01  5.100000e-01
     vertex  7.448970e+01 -3.944345e+01  5.100000e-01
     vertex  7.440050e+01 -3.949950e+01  5.100000e-01
   endloop
 endfacet
 facet normal  0.000000e+00  0.000000e+00 -1.000000e+00
   outer loop
     vertex  4.488655e+01 -9.591494e+00  5.100000e-01
     vertex  2.645969e+01 -1.812735e+01  5.100000e-01
     vertex  2.556530e+01 -1.812736e+01  5.100000e-01
   endloop
 endfacet
 facet normal  0.000000e+00  0.000000e+00 -1.000000e+00
   outer loop
     vertex  4.488655e+01 -9.591494e+00  5.100000e-01
     vertex  2.656341e+01 -1.816019e+01  5.100000e-01
     vertex  2.645969e+01 -1.812735e+01  5.100000e-01
   endloop
 endfacet
 facet normal -0.000000e+00  0.000000e+00 -1.000000e+00
   outer loop
     vertex  4.488655e+01 -9.591494e+00  5.100000e-01
     vertex  2.556530e+01 -1.812736e+01  5.100000e-01
     vertex  5.995000e-01 -5.005000e-01  5.100000e-01
   endloop
 endfacet
 facet normal  0.000000e+00  0.000000e+00 -1.000000e+00
   outer loop
     vertex  4.488655e+01 -9.591494e+00  5.100000e-01
     vertex  3.501754e+01 -1.946050e+01  5.100000e-01
     vertex  2.656341e+01 -1.816019e+01  5.100000e-01
   endloop
 endfacet
 facet normal  0.000000e+00 -0.000000e+00 -1.000000e+00
   outer loop
     vertex  4.748470e+01 -1.187265e+01  5.100000e-01
     vertex  5.251530e+01 -2.812736e+01  5.100000e-01
     vertex  4.748469e+01 -2.812735e+01  5.100000e-01
   endloop
 endfacet
 facet normal -0.000000e+00  0.000000e+00 -1.000000e+00
   outer loop
     vertex  4.748470e+01 -1.187265e+01  5.100000e-01
     vertex  4.748469e+01 -2.812735e+01  5.100000e-01
     vertex  4.659030e+01 -1.187265e+01  5.100000e-01
   endloop
 endfacet
 facet normal -0.000000e+00 -0.000000e+00 -1.000000e+00
   outer loop
     vertex  4.622450e+01 -1.060950e+01  5.100000e-01
     vertex  4.622736e+01 -1.150970e+01  5.100000e-01
     vertex  4.543698e+01 -1.051172e+01  5.100000e-01
   endloop
 endfacet
 facet normal  0.000000e+00 -0.000000e+00 -1.000000e+00
   outer loop
     vertex  4.612550e+01 -1.051050e+01  5.100000e-01
     vertex  4.622450e+01 -1.060950e+01  5.100000e-01
     vertex  4.543698e+01 -1.051172e+01  5.100000e-01
   endloop
 endfacet
 facet normal  0.000000e+00  0.000000e+00 -1.000000e+00
   outer loop
     vertex  4.616845e+01 -1.052030e+01  5.100000e-01
     vertex  4.612550e+01 -1.051050e+01  5.100000e-01
     vertex  4.614753e+01 -1.051298e+01  5.100000e-01
   endloop
 endfacet
 facet normal  0.000000e+00  0.000000e+00 -1.000000e+00
   outer loop
     vertex  4.620290e+01 -1.054777e+01  5.100000e-01
     vertex  4.612550e+01 -1.051050e+01  5.100000e-01
     vertex  4.616845e+01 -1.052030e+01  5.100000e-01
   endloop
 endfacet
 facet normal  0.000000e+00  0.000000e+00 -1.000000e+00
   outer loop
     vertex  4.620290e+01 -1.054777e+01  5.100000e-01
     vertex  4.616845e+01 -1.052030e+01  5.100000e-01
     vertex  4.618723e+01 -1.053210e+01  5.100000e-01
   endloop
 endfacet
 facet normal  0.000000e+00  0.000000e+00 -1.000000e+00
   outer loop
     vertex  4.620290e+01 -1.054777e+01  5.100000e-01
     vertex  4.621470e+01 -1.056655e+01  5.100000e-01
     vertex  4.622202e+01 -1.058747e+01  5.100000e-01
   endloop
 endfacet
 facet normal  0.000000e+00  0.000000e+00 -1.000000e+00
   outer loop
     vertex  4.620290e+01 -1.054777e+01  5.100000e-01
     vertex  4.622202e+01 -1.058747e+01  5.100000e-01
     vertex  4.622450e+01 -1.060950e+01  5.100000e-01
   endloop
 endfacet
 facet normal -0.000000e+00 -0.000000e+00 -1.000000e+00
   outer loop
     vertex  4.620290e+01 -1.054777e+01  5.100000e-01
     vertex  4.622450e+01 -1.060950e+01  5.100000e-01
     vertex  4.612550e+01 -1.051050e+01  5.100000e-01
   endloop
 endfacet
 facet normal  0.000000e+00  0.000000e+00 -1.000000e+00
   outer loop
     vertex  4.618723e+01 -9.467902e+00  5.100000e-01
     vertex  4.616845e+01 -9.479696e+00  5.100000e-01
     vertex  4.614753e+01 -9.487018e+00  5.100000e-01
   endloop
 endfacet
 facet normal  0.000000e+00  0.000000e+00 -1.000000e+00
   outer loop
     vertex  4.620290e+01 -9.452226e+00  5.100000e-01
     vertex  4.614753e+01 -9.487018e+00  5.100000e-01
     vertex  4.612550e+01 -9.489500e+00  5.100000e-01
   endloop
 endfacet
 facet normal  0.000000e+00  0.000000e+00 -1.000000e+00
   outer loop
     vertex  4.620290e+01 -9.452226e+00  5.100000e-01
     vertex  4.618723e+01 -9.467902e+00  5.100000e-01
     vertex  4.614753e+01 -9.487018e+00  5.100000e-01
   endloop
 endfacet
 facet normal  0.000000e+00  0.000000e+00 -1.000000e+00
   outer loop
     vertex  4.621470e+01 -9.433455e+00  5.100000e-01
     vertex  4.620290e+01 -9.452226e+00  5.100000e-01
     vertex  4.612550e+01 -9.489500e+00  5.100000e-01
   endloop
 endfacet
 facet normal  0.000000e+00  0.000000e+00 -1.000000e+00
   outer loop
     vertex  4.622450e+01 -9.390500e+00  5.100000e-01
     vertex  4.622202e+01 -9.412530e+00  5.100000e-01
     vertex  4.621470e+01 -9.433455e+00  5.100000e-01
   endloop
 endfacet
 facet normal  0.000000e+00  0.000000e+00 -1.000000e+00
   outer loop
     vertex  4.622450e+01 -9.390500e+00  5.100000e-01
     vertex  4.621470e+01 -9.433455e+00  5.100000e-01
     vertex  4.612550e+01 -9.489500e+00  5.100000e-01
   endloop
 endfacet
 facet normal  0.000000e+00  0.000000e+00 -1.000000e+00
   outer loop
     vertex  4.622735e+01 -8.490305e+00  5.100000e-01
     vertex  4.612550e+01 -9.489500e+00  5.100000e-01
     vertex  4.513279e+01 -9.489500e+00  5.100000e-01
   endloop
 endfacet
 facet normal  0.000000e+00  0.000000e+00 -1.000000e+00
   outer loop
     vertex  4.622735e+01 -8.490305e+00  5.100000e-01
     vertex  4.622450e+01 -9.390500e+00  5.100000e-01
     vertex  4.612550e+01 -9.489500e+00  5.100000e-01
   endloop
 endfacet
 facet normal  0.000000e+00  0.000000e+00 -1.000000e+00
   outer loop
     vertex  4.626019e+01 -8.386591e+00  5.100000e-01
     vertex  4.513279e+01 -9.489500e+00  5.100000e-01
     vertex  4.500295e+01 -9.524290e+00  5.100000e-01
   endloop
 endfacet
 facet normal  0.000000e+00  0.000000e+00 -1.000000e+00
   outer loop
     vertex  4.626019e+01 -8.386591e+00  5.100000e-01
     vertex  4.622735e+01 -8.490305e+00  5.100000e-01
     vertex  4.513279e+01 -9.489500e+00  5.100000e-01
   endloop
 endfacet
 facet normal  0.000000e+00  0.000000e+00 -1.000000e+00
   outer loop
     vertex  4.631669e+01 -8.293621e+00  5.100000e-01
     vertex  4.500295e+01 -9.524290e+00  5.100000e-01
     vertex  4.488655e+01 -9.591494e+00  5.100000e-01
   endloop
 endfacet
 facet normal  0.000000e+00  0.000000e+00 -1.000000e+00
   outer loop
     vertex  4.631669e+01 -8.293621e+00  5.100000e-01
     vertex  4.626019e+01 -8.386591e+00  5.100000e-01
     vertex  4.500295e+01 -9.524290e+00  5.100000e-01
   endloop
 endfacet
 facet normal  0.000000e+00  0.000000e+00 -1.000000e+00
   outer loop
     vertex  4.639361e+01 -8.216694e+00  5.100000e-01
     vertex  4.631669e+01 -8.293621e+00  5.100000e-01
     vertex  4.488655e+01 -9.591494e+00  5.100000e-01
   endloop
 endfacet
 facet normal -0.000000e+00  0.000000e+00 -1.000000e+00
   outer loop
     vertex  4.639361e+01 -8.216694e+00  5.100000e-01
     vertex  4.488655e+01 -9.591494e+00  5.100000e-01
     vertex  5.995000e-01 -5.005000e-01  5.100000e-01
   endloop
 endfacet
 facet normal -0.000000e+00  0.000000e+00 -1.000000e+00
   outer loop
     vertex  4.648658e+01 -8.160199e+00  5.100000e-01
     vertex  4.639361e+01 -8.216694e+00  5.100000e-01
     vertex  5.995000e-01 -5.005000e-01  5.100000e-01
   endloop
 endfacet
 facet normal -0.000000e+00  0.000000e+00 -1.000000e+00
   outer loop
     vertex  5.224169e+01 -1.170638e+01  5.100000e-01
     vertex  4.768138e+01 -1.178331e+01  5.100000e-01
     vertex  4.775831e+01 -1.170638e+01  5.100000e-01
   endloop
 endfacet
 facet normal -0.000000e+00  0.000000e+00 -1.000000e+00
   outer loop
     vertex  5.231862e+01 -1.178331e+01  5.100000e-01
     vertex  4.758841e+01 -1.183980e+01  5.100000e-01
     vertex  4.768138e+01 -1.178331e+01  5.100000e-01
   endloop
 endfacet
 facet normal  0.000000e+00  0.000000e+00 -1.000000e+00
   outer loop
     vertex  5.231862e+01 -1.178331e+01  5.100000e-01
     vertex  4.768138e+01 -1.178331e+01  5.100000e-01
     vertex  5.224169e+01 -1.170638e+01  5.100000e-01
   endloop
 endfacet
 facet normal -0.000000e+00  0.000000e+00 -1.000000e+00
   outer loop
     vertex  5.218520e+01 -1.161342e+01  5.100000e-01
     vertex  4.775831e+01 -1.170638e+01  5.100000e-01
     vertex  4.781480e+01 -1.161341e+01  5.100000e-01
   endloop
 endfacet
 facet normal  0.000000e+00 -0.000000e+00 -1.000000e+00
   outer loop
     vertex  5.218520e+01 -1.161342e+01  5.100000e-01
     vertex  5.224169e+01 -1.170638e+01  5.100000e-01
     vertex  4.775831e+01 -1.170638e+01  5.100000e-01
   endloop
 endfacet
 facet normal -0.000000e+00  0.000000e+00 -1.000000e+00
   outer loop
     vertex  5.241159e+01 -1.183980e+01  5.100000e-01
     vertex  4.748470e+01 -1.187265e+01  5.100000e-01
     vertex  4.758841e+01 -1.183980e+01  5.100000e-01
   endloop
 endfacet
 facet normal  0.000000e+00  0.000000e+00 -1.000000e+00
   outer loop
     vertex  5.241159e+01 -1.183980e+01  5.100000e-01
     vertex  4.758841e+01 -1.183980e+01  5.100000e-01
     vertex  5.231862e+01 -1.178331e+01  5.100000e-01
   endloop
 endfacet
 facet normal -0.000000e+00  0.000000e+00 -1.000000e+00
   outer loop
     vertex  5.215236e+01 -1.150970e+01  5.100000e-01
     vertex  4.781480e+01 -1.161341e+01  5.100000e-01
     vertex  4.784765e+01 -1.150970e+01  5.100000e-01
   endloop
 endfacet
 facet normal  0.000000e+00 -0.000000e+00 -1.000000e+00
   outer loop
     vertex  5.215236e+01 -1.150970e+01  5.100000e-01
     vertex  5.218520e+01 -1.161342e+01  5.100000e-01
     vertex  4.781480e+01 -1.161341e+01  5.100000e-01
   endloop
 endfacet
 facet normal  0.000000e+00 -0.000000e+00 -1.000000e+00
   outer loop
     vertex  5.251530e+01 -1.187265e+01  5.100000e-01
     vertex  5.340969e+01 -2.812735e+01  5.100000e-01
     vertex  5.251530e+01 -2.812736e+01  5.100000e-01
   endloop
 endfacet
 facet normal -0.000000e+00  0.000000e+00 -1.000000e+00
   outer loop
     vertex  5.251530e+01 -1.187265e+01  5.100000e-01
     vertex  5.251530e+01 -2.812736e+01  5.100000e-01
     vertex  4.748470e+01 -1.187265e+01  5.100000e-01
   endloop
 endfacet
 facet normal  0.000000e+00  0.000000e+00 -1.000000e+00
   outer loop
     vertex  5.251530e+01 -1.187265e+01  5.100000e-01
     vertex  4.748470e+01 -1.187265e+01  5.100000e-01
     vertex  5.241159e+01 -1.183980e+01  5.100000e-01
   endloop
 endfacet
 facet normal  0.000000e+00 -0.000000e+00 -1.000000e+00
   outer loop
     vertex  5.340970e+01 -1.187265e+01  5.100000e-01
     vertex  5.351341e+01 -2.816019e+01  5.100000e-01
     vertex  5.340969e+01 -2.812735e+01  5.100000e-01
   endloop
 endfacet
 facet normal -0.000000e+00  0.000000e+00 -1.000000e+00
   outer loop
     vertex  5.340970e+01 -1.187265e+01  5.100000e-01
     vertex  5.340969e+01 -2.812735e+01  5.100000e-01
     vertex  5.251530e+01 -1.187265e+01  5.100000e-01
   endloop
 endfacet
 facet normal  0.000000e+00 -0.000000e+00 -1.000000e+00
   outer loop
     vertex  5.351341e+01 -1.183980e+01  5.100000e-01
     vertex  5.360638e+01 -2.821669e+01  5.100000e-01
     vertex  5.351341e+01 -2.816019e+01  5.100000e-01
   endloop
 endfacet
 facet normal  0.000000e+00  0.000000e+00 -1.000000e+00
   outer loop
     vertex  5.351341e+01 -1.183980e+01  5.100000e-01
     vertex  5.351341e+01 -2.816019e+01  5.100000e-01
     vertex  5.340970e+01 -1.187265e+01  5.100000e-01
   endloop
 endfacet
 facet normal  0.000000e+00 -0.000000e+00 -1.000000e+00
   outer loop
     vertex  5.360638e+01 -1.178331e+01  5.100000e-01
     vertex  5.368331e+01 -2.829362e+01  5.100000e-01
     vertex  5.360638e+01 -2.821669e+01  5.100000e-01
   endloop
 endfacet
 facet normal  0.000000e+00  0.000000e+00 -1.000000e+00
   outer loop
     vertex  5.360638e+01 -1.178331e+01  5.100000e-01
     vertex  5.360638e+01 -2.821669e+01  5.100000e-01
     vertex  5.351341e+01 -1.183980e+01  5.100000e-01
   endloop
 endfacet
 facet normal  0.000000e+00  0.000000e+00 -1.000000e+00
   outer loop
     vertex  5.368331e+01 -1.170638e+01  5.100000e-01
     vertex  5.368331e+01 -2.829362e+01  5.100000e-01
     vertex  5.360638e+01 -1.178331e+01  5.100000e-01
   endloop
 endfacet
 facet normal  0.000000e+00  0.000000e+00 -1.000000e+00
   outer loop
     vertex  5.381277e+01 -1.053210e+01  5.100000e-01
     vertex  5.377550e+01 -1.060950e+01  5.100000e-01
     vertex  5.377798e+01 -1.058747e+01  5.100000e-01
   endloop
 endfacet
 facet normal  0.000000e+00  0.000000e+00 -1.000000e+00
   outer loop
     vertex  5.381277e+01 -1.053210e+01  5.100000e-01
     vertex  5.377798e+01 -1.058747e+01  5.100000e-01
     vertex  5.378530e+01 -1.056655e+01  5.100000e-01
   endloop
 endfacet
 facet normal  0.000000e+00  0.000000e+00 -1.000000e+00
   outer loop
     vertex  5.381277e+01 -1.053210e+01  5.100000e-01
     vertex  5.378530e+01 -1.056655e+01  5.100000e-01
     vertex  5.379710e+01 -1.054777e+01  5.100000e-01
   endloop
 endfacet
 facet normal  0.000000e+00  0.000000e+00 -1.000000e+00
   outer loop
     vertex  5.383155e+01 -1.052030e+01  5.100000e-01
     vertex  5.377550e+01 -1.060950e+01  5.100000e-01
     vertex  5.381277e+01 -1.053210e+01  5.100000e-01
   endloop
 endfacet
 facet normal  0.000000e+00  0.000000e+00 -1.000000e+00
   outer loop
     vertex  5.385247e+01 -1.051298e+01  5.100000e-01
     vertex  5.377550e+01 -1.060950e+01  5.100000e-01
     vertex  5.383155e+01 -1.052030e+01  5.100000e-01
   endloop
 endfacet
 facet normal  0.000000e+00  0.000000e+00 -1.000000e+00
   outer loop
     vertex  5.387450e+01 -1.051050e+01  5.100000e-01
     vertex  5.377550e+01 -1.060950e+01  5.100000e-01
     vertex  5.385247e+01 -1.051298e+01  5.100000e-01
   endloop
 endfacet
 facet normal  0.000000e+00  0.000000e+00 -1.000000e+00
   outer loop
     vertex  5.387450e+01 -1.051050e+01  5.100000e-01
     vertex  5.377265e+01 -1.150970e+01  5.100000e-01
     vertex  5.377550e+01 -1.060950e+01  5.100000e-01
   endloop
 endfacet
 facet normal  0.000000e+00 -0.000000e+00 -1.000000e+00
   outer loop
     vertex  5.215235e+01 -8.490305e+00  5.100000e-01
     vertex  5.215236e+01 -1.150970e+01  5.100000e-01
     vertex  4.784765e+01 -1.150970e+01  5.100000e-01
   endloop
 endfacet
 facet normal -0.000000e+00  0.000000e+00 -1.000000e+00
   outer loop
     vertex  5.215235e+01 -8.490305e+00  5.100000e-01
     vertex  4.784765e+01 -1.150970e+01  5.100000e-01
     vertex  4.784765e+01 -8.490301e+00  5.100000e-01
   endloop
 endfacet
 facet normal -0.000000e+00  0.000000e+00 -1.000000e+00
   outer loop
     vertex  5.218519e+01 -8.386591e+00  5.100000e-01
     vertex  4.784765e+01 -8.490301e+00  5.100000e-01
     vertex  4.781480e+01 -8.386587e+00  5.100000e-01
   endloop
 endfacet
 facet normal  0.000000e+00  0.000000e+00 -1.000000e+00
   outer loop
     vertex  5.218519e+01 -8.386591e+00  5.100000e-01
     vertex  5.215235e+01 -8.490305e+00  5.100000e-01
     vertex  4.784765e+01 -8.490301e+00  5.100000e-01
   endloop
 endfacet
 facet normal -0.000000e+00  0.000000e+00 -1.000000e+00
   outer loop
     vertex  7.440050e+01 -3.051050e+01  5.100000e-01
     vertex  5.377265e+01 -3.150970e+01  5.100000e-01
     vertex  5.387450e+01 -3.051050e+01  5.100000e-01
   endloop
 endfacet
 facet normal  0.000000e+00  0.000000e+00 -1.000000e+00
   outer loop
     vertex  7.440050e+01 -3.051050e+01  5.100000e-01
     vertex  7.449950e+01 -3.060950e+01  5.100000e-01
     vertex  7.449950e+01 -3.940050e+01  5.100000e-01
   endloop
 endfacet
 facet normal  0.000000e+00 -0.000000e+00 -1.000000e+00
   outer loop
     vertex  7.440050e+01 -3.051050e+01  5.100000e-01
     vertex  7.440050e+01 -3.949950e+01  5.100000e-01
     vertex  5.373980e+01 -3.161341e+01  5.100000e-01
   endloop
 endfacet
 facet normal  0.000000e+00  0.000000e+00 -1.000000e+00
   outer loop
     vertex  7.440050e+01 -3.051050e+01  5.100000e-01
     vertex  7.449950e+01 -3.940050e+01  5.100000e-01
     vertex  7.440050e+01 -3.949950e+01  5.100000e-01
   endloop
 endfacet
 facet normal  0.000000e+00  0.000000e+00 -1.000000e+00
   outer loop
     vertex  7.440050e+01 -3.051050e+01  5.100000e-01
     vertex  5.373980e+01 -3.161341e+01  5.100000e-01
     vertex  5.377265e+01 -3.150970e+01  5.100000e-01
   endloop
 endfacet
 facet normal -0.000000e+00 -0.000000e+00 -1.000000e+00
   outer loop
     vertex  7.449702e+01 -3.058747e+01  5.100000e-01
     vertex  7.449950e+01 -3.060950e+01  5.100000e-01
     vertex  7.440050e+01 -3.051050e+01  5.100000e-01
   endloop
 endfacet
 facet normal -0.000000e+00 -0.000000e+00 -1.000000e+00
   outer loop
     vertex  7.447790e+01 -3.054777e+01  5.100000e-01
     vertex  7.449702e+01 -3.058747e+01  5.100000e-01
     vertex  7.440050e+01 -3.051050e+01  5.100000e-01
   endloop
 endfacet
 facet normal  0.000000e+00  0.000000e+00 -1.000000e+00
   outer loop
     vertex  7.447790e+01 -3.054777e+01  5.100000e-01
     vertex  7.440050e+01 -3.051050e+01  5.100000e-01
     vertex  7.442253e+01 -3.051298e+01  5.100000e-01
   endloop
 endfacet
 facet normal  0.000000e+00  0.000000e+00 -1.000000e+00
   outer loop
     vertex  7.447790e+01 -3.054777e+01  5.100000e-01
     vertex  7.442253e+01 -3.051298e+01  5.100000e-01
     vertex  7.444345e+01 -3.052030e+01  5.100000e-01
   endloop
 endfacet
 facet normal  0.000000e+00  0.000000e+00 -1.000000e+00
   outer loop
     vertex  7.447790e+01 -3.054777e+01  5.100000e-01
     vertex  7.444345e+01 -3.052030e+01  5.100000e-01
     vertex  7.446223e+01 -3.053210e+01  5.100000e-01
   endloop
 endfacet
 facet normal  0.000000e+00  0.000000e+00 -1.000000e+00
   outer loop
     vertex  7.447790e+01 -3.054777e+01  5.100000e-01
     vertex  7.448970e+01 -3.056655e+01  5.100000e-01
     vertex  7.449702e+01 -3.058747e+01  5.100000e-01
   endloop
 endfacet
 facet normal  0.000000e+00  0.000000e+00 -1.000000e+00
   outer loop
     vertex  5.224169e+01 -8.293621e+00  5.100000e-01
     vertex  5.218519e+01 -8.386591e+00  5.100000e-01
     vertex  4.781480e+01 -8.386587e+00  5.100000e-01
   endloop
 endfacet
 facet normal -0.000000e+00  0.000000e+00 -1.000000e+00
   outer loop
     vertex  5.224169e+01 -8.293621e+00  5.100000e-01
     vertex  4.781480e+01 -8.386587e+00  5.100000e-01
     vertex  4.775831e+01 -8.293616e+00  5.100000e-01
   endloop
 endfacet
 facet normal -0.000000e+00  0.000000e+00 -1.000000e+00
   outer loop
     vertex  5.231861e+01 -8.216694e+00  5.100000e-01
     vertex  4.775831e+01 -8.293616e+00  5.100000e-01
     vertex  4.768138e+01 -8.216690e+00  5.100000e-01
   endloop
 endfacet
 facet normal  0.000000e+00  0.000000e+00 -1.000000e+00
   outer loop
     vertex  5.231861e+01 -8.216694e+00  5.100000e-01
     vertex  5.224169e+01 -8.293621e+00  5.100000e-01
     vertex  4.775831e+01 -8.293616e+00  5.100000e-01
   endloop
 endfacet
 facet normal  0.000000e+00  0.000000e+00 -1.000000e+00
   outer loop
     vertex  5.241158e+01 -8.160199e+00  5.100000e-01
     vertex  5.231861e+01 -8.216694e+00  5.100000e-01
     vertex  4.768138e+01 -8.216690e+00  5.100000e-01
   endloop
 endfacet
 facet normal -0.000000e+00  0.000000e+00 -1.000000e+00
   outer loop
     vertex  5.241158e+01 -8.160199e+00  5.100000e-01
     vertex  4.768138e+01 -8.216690e+00  5.100000e-01
     vertex  4.758841e+01 -8.160195e+00  5.100000e-01
   endloop
 endfacet
 facet normal  0.000000e+00  0.000000e+00 -1.000000e+00
   outer loop
     vertex  5.383155e+01 -9.479696e+00  5.100000e-01
     vertex  5.381277e+01 -9.467902e+00  5.100000e-01
     vertex  5.379710e+01 -9.452226e+00  5.100000e-01
   endloop
 endfacet
 facet normal  0.000000e+00  0.000000e+00 -1.000000e+00
   outer loop
     vertex  5.385247e+01 -9.487018e+00  5.100000e-01
     vertex  5.383155e+01 -9.479696e+00  5.100000e-01
     vertex  5.379710e+01 -9.452226e+00  5.100000e-01
   endloop
 endfacet
 facet normal  0.000000e+00  0.000000e+00 -1.000000e+00
   outer loop
     vertex  5.377550e+01 -9.390500e+00  5.100000e-01
     vertex  5.385247e+01 -9.487018e+00  5.100000e-01
     vertex  5.379710e+01 -9.452226e+00  5.100000e-01
   endloop
 endfacet
 facet normal  0.000000e+00  0.000000e+00 -1.000000e+00
   outer loop
     vertex  5.377550e+01 -9.390500e+00  5.100000e-01
     vertex  5.387450e+01 -9.489500e+00  5.100000e-01
     vertex  5.385247e+01 -9.487018e+00  5.100000e-01
   endloop
 endfacet
 facet normal  0.000000e+00  0.000000e+00 -1.000000e+00
   outer loop
     vertex  5.377550e+01 -9.390500e+00  5.100000e-01
     vertex  5.379710e+01 -9.452226e+00  5.100000e-01
     vertex  5.378530e+01 -9.433455e+00  5.100000e-01
   endloop
 endfacet
 facet normal  0.000000e+00  0.000000e+00 -1.000000e+00
   outer loop
     vertex  5.377550e+01 -9.390500e+00  5.100000e-01
     vertex  5.378530e+01 -9.433455e+00  5.100000e-01
     vertex  5.377798e+01 -9.412530e+00  5.100000e-01
   endloop
 endfacet
 facet normal -0.000000e+00  0.000000e+00 -1.000000e+00
   outer loop
     vertex  5.251530e+01 -8.127355e+00  5.100000e-01
     vertex  4.758841e+01 -8.160195e+00  5.100000e-01
     vertex  4.748469e+01 -8.127353e+00  5.100000e-01
   endloop
 endfacet
 facet normal  0.000000e+00  0.000000e+00 -1.000000e+00
   outer loop
     vertex  5.251530e+01 -8.127355e+00  5.100000e-01
     vertex  5.241158e+01 -8.160199e+00  5.100000e-01
     vertex  4.758841e+01 -8.160195e+00  5.100000e-01
   endloop
 endfacet
 facet normal  0.000000e+00  0.000000e+00 -1.000000e+00
   outer loop
     vertex  7.440050e+01 -2.948950e+01  5.100000e-01
     vertex  5.377265e+01 -2.849030e+01  5.100000e-01
     vertex  5.373980e+01 -2.838659e+01  5.100000e-01
   endloop
 endfacet
 facet normal  0.000000e+00  0.000000e+00 -1.000000e+00
   outer loop
     vertex  7.440050e+01 -2.948950e+01  5.100000e-01
     vertex  5.373980e+01 -2.838659e+01  5.100000e-01
     vertex  5.368331e+01 -2.829362e+01  5.100000e-01
   endloop
 endfacet
 facet normal  0.000000e+00  0.000000e+00 -1.000000e+00
   outer loop
     vertex  7.440050e+01 -2.948950e+01  5.100000e-01
     vertex  5.387450e+01 -2.948950e+01  5.100000e-01
     vertex  5.377265e+01 -2.849030e+01  5.100000e-01
   endloop
 endfacet
 facet normal  0.000000e+00  0.000000e+00 -1.000000e+00
   outer loop
     vertex  7.440050e+01 -2.948950e+01  5.100000e-01
     vertex  5.368331e+01 -2.829362e+01  5.100000e-01
     vertex  5.368331e+01 -1.170638e+01  5.100000e-01
   endloop
 endfacet
 facet normal  0.000000e+00  0.000000e+00 -1.000000e+00
   outer loop
     vertex  7.444345e+01 -2.947970e+01  5.100000e-01
     vertex  7.442253e+01 -2.948702e+01  5.100000e-01
     vertex  7.440050e+01 -2.948950e+01  5.100000e-01
   endloop
 endfacet
 facet normal  0.000000e+00  0.000000e+00 -1.000000e+00
   outer loop
     vertex  7.447790e+01 -2.945223e+01  5.100000e-01
     vertex  7.446223e+01 -2.946790e+01  5.100000e-01
     vertex  7.444345e+01 -2.947970e+01  5.100000e-01
   endloop
 endfacet
 facet normal  0.000000e+00  0.000000e+00 -1.000000e+00
   outer loop
     vertex  7.447790e+01 -2.945223e+01  5.100000e-01
     vertex  7.444345e+01 -2.947970e+01  5.100000e-01
     vertex  7.440050e+01 -2.948950e+01  5.100000e-01
   endloop
 endfacet
 facet normal  0.000000e+00  0.000000e+00 -1.000000e+00
   outer loop
     vertex  7.448970e+01 -2.943345e+01  5.100000e-01
     vertex  7.447790e+01 -2.945223e+01  5.100000e-01
     vertex  7.440050e+01 -2.948950e+01  5.100000e-01
   endloop
 endfacet
 facet normal  0.000000e+00  0.000000e+00 -1.000000e+00
   outer loop
     vertex  7.449702e+01 -2.941253e+01  5.100000e-01
     vertex  7.448970e+01 -2.943345e+01  5.100000e-01
     vertex  7.440050e+01 -2.948950e+01  5.100000e-01
   endloop
 endfacet
 facet normal  0.000000e+00  0.000000e+00 -1.000000e+00
   outer loop
     vertex  7.449950e+01 -2.939050e+01  5.100000e-01
     vertex  7.449702e+01 -2.941253e+01  5.100000e-01
     vertex  7.440050e+01 -2.948950e+01  5.100000e-01
   endloop
 endfacet
 facet normal  0.000000e+00  0.000000e+00 -1.000000e+00
   outer loop
     vertex  5.377265e+01 -8.490301e+00  5.100000e-01
     vertex  5.387450e+01 -9.489500e+00  5.100000e-01
     vertex  5.377550e+01 -9.390500e+00  5.100000e-01
   endloop
 endfacet
 facet normal  0.000000e+00 -0.000000e+00 -1.000000e+00
   outer loop
     vertex  7.440050e+01 -1.051050e+01  5.100000e-01
     vertex  7.440050e+01 -2.948950e+01  5.100000e-01
     vertex  5.368331e+01 -1.170638e+01  5.100000e-01
   endloop
 endfacet
 facet normal  0.000000e+00  0.000000e+00 -1.000000e+00
   outer loop
     vertex  7.440050e+01 -1.051050e+01  5.100000e-01
     vertex  7.449950e+01 -1.060950e+01  5.100000e-01
     vertex  7.449950e+01 -2.939050e+01  5.100000e-01
   endloop
 endfacet
 facet normal  0.000000e+00  0.000000e+00 -1.000000e+00
   outer loop
     vertex  7.440050e+01 -1.051050e+01  5.100000e-01
     vertex  5.368331e+01 -1.170638e+01  5.100000e-01
     vertex  5.373980e+01 -1.161341e+01  5.100000e-01
   endloop
 endfacet
 facet normal  0.000000e+00  0.000000e+00 -1.000000e+00
   outer loop
     vertex  7.440050e+01 -1.051050e+01  5.100000e-01
     vertex  5.373980e+01 -1.161341e+01  5.100000e-01
     vertex  5.377265e+01 -1.150970e+01  5.100000e-01
   endloop
 endfacet
 facet normal  0.000000e+00  0.000000e+00 -1.000000e+00
   outer loop
     vertex  7.440050e+01 -1.051050e+01  5.100000e-01
     vertex  7.449950e+01 -2.939050e+01  5.100000e-01
     vertex  7.440050e+01 -2.948950e+01  5.100000e-01
   endloop
 endfacet
 facet normal -0.000000e+00  0.000000e+00 -1.000000e+00
   outer loop
     vertex  7.440050e+01 -1.051050e+01  5.100000e-01
     vertex  5.377265e+01 -1.150970e+01  5.100000e-01
     vertex  5.387450e+01 -1.051050e+01  5.100000e-01
   endloop
 endfacet
 facet normal  0.000000e+00  0.000000e+00 -1.000000e+00
   outer loop
     vertex  7.448970e+01 -1.056655e+01  5.100000e-01
     vertex  7.449702e+01 -1.058747e+01  5.100000e-01
     vertex  7.449950e+01 -1.060950e+01  5.100000e-01
   endloop
 endfacet
 facet normal -0.000000e+00 -0.000000e+00 -1.000000e+00
   outer loop
     vertex  7.448970e+01 -1.056655e+01  5.100000e-01
     vertex  7.449950e+01 -1.060950e+01  5.100000e-01
     vertex  7.440050e+01 -1.051050e+01  5.100000e-01
   endloop
 endfacet
 facet normal  0.000000e+00  0.000000e+00 -1.000000e+00
   outer loop
     vertex  7.446223e+01 -1.053210e+01  5.100000e-01
     vertex  7.442253e+01 -1.051298e+01  5.100000e-01
     vertex  7.444345e+01 -1.052030e+01  5.100000e-01
   endloop
 endfacet
 facet normal  0.000000e+00  0.000000e+00 -1.000000e+00
   outer loop
     vertex  7.447790e+01 -1.054777e+01  5.100000e-01
     vertex  7.440050e+01 -1.051050e+01  5.100000e-01
     vertex  7.442253e+01 -1.051298e+01  5.100000e-01
   endloop
 endfacet
 facet normal  0.000000e+00  0.000000e+00 -1.000000e+00
   outer loop
     vertex  7.447790e+01 -1.054777e+01  5.100000e-01
     vertex  7.442253e+01 -1.051298e+01  5.100000e-01
     vertex  7.446223e+01 -1.053210e+01  5.100000e-01
   endloop
 endfacet
 facet normal -0.000000e+00 -0.000000e+00 -1.000000e+00
   outer loop
     vertex  7.447790e+01 -1.054777e+01  5.100000e-01
     vertex  7.448970e+01 -1.056655e+01  5.100000e-01
     vertex  7.440050e+01 -1.051050e+01  5.100000e-01
   endloop
 endfacet
 facet normal -0.000000e+00  0.000000e+00 -1.000000e+00
   outer loop
     vertex  7.440050e+01 -9.489500e+00  5.100000e-01
     vertex  5.387450e+01 -9.489500e+00  5.100000e-01
     vertex  5.377265e+01 -8.490301e+00  5.100000e-01
   endloop
 endfacet
 facet normal  0.000000e+00  0.000000e+00 -1.000000e+00
   outer loop
     vertex  7.440050e+01 -9.489500e+00  5.100000e-01
     vertex  5.377265e+01 -8.490301e+00  5.100000e-01
     vertex  5.373980e+01 -8.386587e+00  5.100000e-01
   endloop
 endfacet
 facet normal  0.000000e+00  0.000000e+00 -1.000000e+00
   outer loop
     vertex  7.446223e+01 -9.467902e+00  5.100000e-01
     vertex  7.444345e+01 -9.479696e+00  5.100000e-01
     vertex  7.442253e+01 -9.487018e+00  5.100000e-01
   endloop
 endfacet
 facet normal  0.000000e+00  0.000000e+00 -1.000000e+00
   outer loop
     vertex  7.447790e+01 -9.452226e+00  5.100000e-01
     vertex  7.442253e+01 -9.487018e+00  5.100000e-01
     vertex  7.440050e+01 -9.489500e+00  5.100000e-01
   endloop
 endfacet
 facet normal  0.000000e+00  0.000000e+00 -1.000000e+00
   outer loop
     vertex  7.447790e+01 -9.452226e+00  5.100000e-01
     vertex  7.446223e+01 -9.467902e+00  5.100000e-01
     vertex  7.442253e+01 -9.487018e+00  5.100000e-01
   endloop
 endfacet
 facet normal  0.000000e+00  0.000000e+00 -1.000000e+00
   outer loop
     vertex  7.449950e+01 -9.390500e+00  5.100000e-01
     vertex  7.449702e+01 -9.412530e+00  5.100000e-01
     vertex  7.448970e+01 -9.433455e+00  5.100000e-01
   endloop
 endfacet
 facet normal  0.000000e+00  0.000000e+00 -1.000000e+00
   outer loop
     vertex  7.449950e+01 -9.390500e+00  5.100000e-01
     vertex  7.448970e+01 -9.433455e+00  5.100000e-01
     vertex  7.447790e+01 -9.452226e+00  5.100000e-01
   endloop
 endfacet
 facet normal  0.000000e+00  0.000000e+00 -1.000000e+00
   outer loop
     vertex  7.449950e+01 -9.390500e+00  5.100000e-01
     vertex  7.447790e+01 -9.452226e+00  5.100000e-01
     vertex  7.440050e+01 -9.489500e+00  5.100000e-01
   endloop
 endfacet
 facet normal  0.000000e+00 -0.000000e+00 -1.000000e+00
   outer loop
     vertex  7.440050e+01 -5.005000e-01  5.100000e-01
     vertex  7.440050e+01 -9.489500e+00  5.100000e-01
     vertex  5.373980e+01 -8.386587e+00  5.100000e-01
   endloop
 endfacet
 facet normal  0.000000e+00  0.000000e+00 -1.000000e+00
   outer loop
     vertex  7.440050e+01 -5.005000e-01  5.100000e-01
     vertex  5.340969e+01 -8.127353e+00  5.100000e-01
     vertex  5.251530e+01 -8.127355e+00  5.100000e-01
   endloop
 endfacet
 facet normal  0.000000e+00  0.000000e+00 -1.000000e+00
   outer loop
     vertex  7.440050e+01 -5.005000e-01  5.100000e-01
     vertex  5.373980e+01 -8.386587e+00  5.100000e-01
     vertex  5.368331e+01 -8.293616e+00  5.100000e-01
   endloop
 endfacet
 facet normal  0.000000e+00  0.000000e+00 -1.000000e+00
   outer loop
     vertex  7.440050e+01 -5.005000e-01  5.100000e-01
     vertex  5.368331e+01 -8.293616e+00  5.100000e-01
     vertex  5.360638e+01 -8.216690e+00  5.100000e-01
   endloop
 endfacet
 facet normal  0.000000e+00  0.000000e+00 -1.000000e+00
   outer loop
     vertex  7.440050e+01 -5.005000e-01  5.100000e-01
     vertex  5.360638e+01 -8.216690e+00  5.100000e-01
     vertex  5.351341e+01 -8.160195e+00  5.100000e-01
   endloop
 endfacet
 facet normal  0.000000e+00  0.000000e+00 -1.000000e+00
   outer loop
     vertex  7.440050e+01 -5.005000e-01  5.100000e-01
     vertex  5.351341e+01 -8.160195e+00  5.100000e-01
     vertex  5.340969e+01 -8.127353e+00  5.100000e-01
   endloop
 endfacet
 facet normal  0.000000e+00  0.000000e+00 -1.000000e+00
   outer loop
     vertex  7.440050e+01 -5.005000e-01  5.100000e-01
     vertex  7.449950e+01 -5.995000e-01  5.100000e-01
     vertex  7.449950e+01 -9.390500e+00  5.100000e-01
   endloop
 endfacet
 facet normal  0.000000e+00  0.000000e+00 -1.000000e+00
   outer loop
     vertex  7.440050e+01 -5.005000e-01  5.100000e-01
     vertex  7.449950e+01 -9.390500e+00  5.100000e-01
     vertex  7.440050e+01 -9.489500e+00  5.100000e-01
   endloop
 endfacet
 facet normal -0.000000e+00 -0.000000e+00 -1.000000e+00
   outer loop
     vertex  7.444345e+01 -5.103038e-01  5.100000e-01
     vertex  7.449950e+01 -5.995000e-01  5.100000e-01
     vertex  7.440050e+01 -5.005000e-01  5.100000e-01
   endloop
 endfacet
 facet normal  0.000000e+00  0.000000e+00 -1.000000e+00
   outer loop
     vertex  7.444345e+01 -5.103038e-01  5.100000e-01
     vertex  7.440050e+01 -5.005000e-01  5.100000e-01
     vertex  7.442253e+01 -5.029819e-01  5.100000e-01
   endloop
 endfacet
 facet normal -0.000000e+00 -0.000000e+00 -1.000000e+00
   outer loop
     vertex  7.447790e+01 -5.377742e-01  5.100000e-01
     vertex  7.449950e+01 -5.995000e-01  5.100000e-01
     vertex  7.444345e+01 -5.103038e-01  5.100000e-01
   endloop
 endfacet
 facet normal  0.000000e+00  0.000000e+00 -1.000000e+00
   outer loop
     vertex  7.447790e+01 -5.377742e-01  5.100000e-01
     vertex  7.444345e+01 -5.103038e-01  5.100000e-01
     vertex  7.446223e+01 -5.220984e-01  5.100000e-01
   endloop
 endfacet
 facet normal  0.000000e+00  0.000000e+00 -1.000000e+00
   outer loop
     vertex  7.447790e+01 -5.377742e-01  5.100000e-01
     vertex  7.448970e+01 -5.565453e-01  5.100000e-01
     vertex  7.449702e+01 -5.774703e-01  5.100000e-01
   endloop
 endfacet
 facet normal  0.000000e+00  0.000000e+00 -1.000000e+00
   outer loop
     vertex  7.447790e+01 -5.377742e-01  5.100000e-01
     vertex  7.449702e+01 -5.774703e-01  5.100000e-01
     vertex  7.449950e+01 -5.995000e-01  5.100000e-01
   endloop
 endfacet
 facet normal  0.000000e+00  0.000000e+00 -1.000000e+00
   outer loop
     vertex  7.440050e+01 -5.005000e-01  5.100000e-01
     vertex  4.748469e+01 -8.127353e+00  5.100000e-01
     vertex  5.995000e-01 -5.005000e-01  5.100000e-01
   endloop
 endfacet
 facet normal -0.000000e+00  0.000000e+00 -1.000000e+00
   outer loop
     vertex  4.748469e+01 -8.127353e+00  5.100000e-01
     vertex  4.659030e+01 -8.127355e+00  5.100000e-01
     vertex  5.995000e-01 -5.005000e-01  5.100000e-01
   endloop
 endfacet
 facet normal -0.000000e+00  0.000000e+00 -1.000000e+00
   outer loop
     vertex  4.659030e+01 -8.127355e+00  5.100000e-01
     vertex  4.648658e+01 -8.160199e+00  5.100000e-01
     vertex  5.995000e-01 -5.005000e-01  5.100000e-01
   endloop
 endfacet
 facet normal  0.000000e+00  0.000000e+00 -1.000000e+00
   outer loop
     vertex  7.440050e+01 -5.005000e-01  5.100000e-01
     vertex  5.251530e+01 -8.127355e+00  5.100000e-01
     vertex  4.748469e+01 -8.127353e+00  5.100000e-01
   endloop
 endfacet
 facet normal  0.000000e+00  0.000000e+00  1.000000e+00
   outer loop
     vertex  5.029819e-01 -3.942253e+01  5.450000e-01
     vertex  5.220984e-01 -3.946223e+01  5.450000e-01
     vertex  5.377742e-01 -3.947790e+01  5.450000e-01
   endloop
 endfacet
 facet normal  0.000000e+00  0.000000e+00  1.000000e+00
   outer loop
     vertex  5.029819e-01 -3.942253e+01  5.450000e-01
     vertex  5.103038e-01 -3.944345e+01  5.450000e-01
     vertex  5.220984e-01 -3.946223e+01  5.450000e-01
   endloop
 endfacet
 facet normal  0.000000e+00  0.000000e+00  1.000000e+00
   outer loop
     vertex  5.005000e-01 -3.940050e+01  5.450000e-01
     vertex  5.029819e-01 -3.942253e+01  5.450000e-01
     vertex  5.377742e-01 -3.947790e+01  5.450000e-01
   endloop
 endfacet
 facet normal  0.000000e+00  0.000000e+00  1.000000e+00
   outer loop
     vertex  5.005000e-01 -3.940050e+01  5.450000e-01
     vertex  5.377742e-01 -3.947790e+01  5.450000e-01
     vertex  5.565453e-01 -3.948970e+01  5.450000e-01
   endloop
 endfacet
 facet normal  0.000000e+00  0.000000e+00  1.000000e+00
   outer loop
     vertex  5.995000e-01 -3.949950e+01  5.450000e-01
     vertex  5.005000e-01 -3.940050e+01  5.450000e-01
     vertex  5.565453e-01 -3.948970e+01  5.450000e-01
   endloop
 endfacet
 facet normal  0.000000e+00  0.000000e+00  1.000000e+00
   outer loop
     vertex  5.995000e-01 -3.949950e+01  5.450000e-01
     vertex  5.565453e-01 -3.948970e+01  5.450000e-01
     vertex  5.774703e-01 -3.949702e+01  5.450000e-01
   endloop
 endfacet
 facet normal  0.000000e+00  0.000000e+00  1.000000e+00
   outer loop
     vertex  5.103038e-01 -2.056655e+01  5.450000e-01
     vertex  5.029819e-01 -2.058747e+01  5.450000e-01
     vertex  5.005000e-01 -2.060950e+01  5.450000e-01
   endloop
 endfacet
 facet normal  0.000000e+00  0.000000e+00  1.000000e+00
   outer loop
     vertex  5.377742e-01 -2.053210e+01  5.450000e-01
     vertex  5.220984e-01 -2.054777e+01  5.450000e-01
     vertex  5.103038e-01 -2.056655e+01  5.450000e-01
   endloop
 endfacet
 facet normal  0.000000e+00  0.000000e+00  1.000000e+00
   outer loop
     vertex  5.377742e-01 -2.053210e+01  5.450000e-01
     vertex  5.103038e-01 -2.056655e+01  5.450000e-01
     vertex  5.005000e-01 -2.060950e+01  5.450000e-01
   endloop
 endfacet
 facet normal  0.000000e+00  0.000000e+00  1.000000e+00
   outer loop
     vertex  5.995000e-01 -2.051050e+01  5.450000e-01
     vertex  5.565453e-01 -2.052030e+01  5.450000e-01
     vertex  5.377742e-01 -2.053210e+01  5.450000e-01
   endloop
 endfacet
 facet normal  0.000000e+00  0.000000e+00  1.000000e+00
   outer loop
     vertex  5.995000e-01 -2.051050e+01  5.450000e-01
     vertex  5.774703e-01 -2.051298e+01  5.450000e-01
     vertex  5.565453e-01 -2.052030e+01  5.450000e-01
   endloop
 endfacet
 facet normal  0.000000e+00  0.000000e+00  1.000000e+00
   outer loop
     vertex  5.995000e-01 -2.051050e+01  5.450000e-01
     vertex  5.377742e-01 -2.053210e+01  5.450000e-01
     vertex  5.005000e-01 -2.060950e+01  5.450000e-01
   endloop
 endfacet
 facet normal  0.000000e+00  0.000000e+00  1.000000e+00
   outer loop
     vertex  5.774703e-01 -1.948702e+01  5.450000e-01
     vertex  5.377742e-01 -1.946790e+01  5.450000e-01
     vertex  5.565453e-01 -1.947970e+01  5.450000e-01
   endloop
 endfacet
 facet normal  0.000000e+00  0.000000e+00  1.000000e+00
   outer loop
     vertex  5.005000e-01 -1.939050e+01  5.450000e-01
     vertex  5.774703e-01 -1.948702e+01  5.450000e-01
     vertex  5.995000e-01 -1.948950e+01  5.450000e-01
   endloop
 endfacet
 facet normal  0.000000e+00  0.000000e+00  1.000000e+00
   outer loop
     vertex  5.005000e-01 -1.939050e+01  5.450000e-01
     vertex  5.220984e-01 -1.945223e+01  5.450000e-01
     vertex  5.377742e-01 -1.946790e+01  5.450000e-01
   endloop
 endfacet
 facet normal  0.000000e+00  0.000000e+00  1.000000e+00
   outer loop
     vertex  5.005000e-01 -1.939050e+01  5.450000e-01
     vertex  5.103038e-01 -1.943345e+01  5.450000e-01
     vertex  5.220984e-01 -1.945223e+01  5.450000e-01
   endloop
 endfacet
 facet normal  0.000000e+00  0.000000e+00  1.000000e+00
   outer loop
     vertex  5.005000e-01 -1.939050e+01  5.450000e-01
     vertex  5.029819e-01 -1.941253e+01  5.450000e-01
     vertex  5.103038e-01 -1.943345e+01  5.450000e-01
   endloop
 endfacet
 facet normal  0.000000e+00  0.000000e+00  1.000000e+00
   outer loop
     vertex  5.005000e-01 -1.939050e+01  5.450000e-01
     vertex  5.377742e-01 -1.946790e+01  5.450000e-01
     vertex  5.774703e-01 -1.948702e+01  5.450000e-01
   endloop
 endfacet
 facet normal  0.000000e+00  0.000000e+00  1.000000e+00
   outer loop
     vertex  1.936669e+01 -2.170638e+01  5.450000e-01
     vertex  5.005000e-01 -3.940050e+01  5.450000e-01
     vertex  5.995000e-01 -3.949950e+01  5.450000e-01
   endloop
 endfacet
 facet normal  0.000000e+00  0.000000e+00  1.000000e+00
   outer loop
     vertex  1.936669e+01 -2.170638e+01  5.450000e-01
     vertex  5.005000e-01 -2.060950e+01  5.450000e-01
     vertex  5.005000e-01 -3.940050e+01  5.450000e-01
   endloop
 endfacet
 facet normal  0.000000e+00  0.000000e+00  1.000000e+00
   outer loop
     vertex  1.936669e+01 -2.170638e+01  5.450000e-01
     vertex  5.995000e-01 -2.051050e+01  5.450000e-01
     vertex  5.005000e-01 -2.060950e+01  5.450000e-01
   endloop
 endfacet
 facet normal  0.000000e+00  0.000000e+00  1.000000e+00
   outer loop
     vertex  1.944362e+01 -2.178331e+01  5.450000e-01
     vertex  1.936669e+01 -2.170638e+01  5.450000e-01
     vertex  5.995000e-01 -3.949950e+01  5.450000e-01
   endloop
 endfacet
 facet normal  0.000000e+00  0.000000e+00  1.000000e+00
   outer loop
     vertex  1.931020e+01 -2.161342e+01  5.450000e-01
     vertex  5.995000e-01 -2.051050e+01  5.450000e-01
     vertex  1.936669e+01 -2.170638e+01  5.450000e-01
   endloop
 endfacet
 facet normal  0.000000e+00  0.000000e+00  1.000000e+00
   outer loop
     vertex  1.953659e+01 -2.183980e+01  5.450000e-01
     vertex  1.944362e+01 -2.178331e+01  5.450000e-01
     vertex  5.995000e-01 -3.949950e+01  5.450000e-01
   endloop
 endfacet
 facet normal  0.000000e+00  0.000000e+00  1.000000e+00
   outer loop
     vertex  1.927736e+01 -2.150970e+01  5.450000e-01
     vertex  5.995000e-01 -2.051050e+01  5.450000e-01
     vertex  1.931020e+01 -2.161342e+01  5.450000e-01
   endloop
 endfacet
 facet normal  0.000000e+00  0.000000e+00  1.000000e+00
   outer loop
     vertex  1.964030e+01 -2.187265e+01  5.450000e-01
     vertex  1.953659e+01 -2.183980e+01  5.450000e-01
     vertex  5.995000e-01 -3.949950e+01  5.450000e-01
   endloop
 endfacet
 facet normal  0.000000e+00  0.000000e+00  1.000000e+00
   outer loop
     vertex  2.053470e+01 -2.187265e+01  5.450000e-01
     vertex  1.964030e+01 -2.187265e+01  5.450000e-01
     vertex  5.995000e-01 -3.949950e+01  5.450000e-01
   endloop
 endfacet
 facet normal  0.000000e+00  0.000000e+00  1.000000e+00
   outer loop
     vertex  1.917550e+01 -2.051050e+01  5.450000e-01
     vertex  5.995000e-01 -2.051050e+01  5.450000e-01
     vertex  1.927736e+01 -2.150970e+01  5.450000e-01
   endloop
 endfacet
 facet normal  0.000000e+00  0.000000e+00  1.000000e+00
   outer loop
     vertex  1.927450e+01 -2.060950e+01  5.450000e-01
     vertex  1.917550e+01 -2.051050e+01  5.450000e-01
     vertex  1.927736e+01 -2.150970e+01  5.450000e-01
   endloop
 endfacet
 facet normal  0.000000e+00  0.000000e+00  1.000000e+00
   outer loop
     vertex  1.923723e+01 -2.053210e+01  5.450000e-01
     vertex  1.919753e+01 -2.051298e+01  5.450000e-01
     vertex  1.917550e+01 -2.051050e+01  5.450000e-01
   endloop
 endfacet
 facet normal  0.000000e+00  0.000000e+00  1.000000e+00
   outer loop
     vertex  1.923723e+01 -2.053210e+01  5.450000e-01
     vertex  1.921845e+01 -2.052030e+01  5.450000e-01
     vertex  1.919753e+01 -2.051298e+01  5.450000e-01
   endloop
 endfacet
 facet normal  0.000000e+00  0.000000e+00  1.000000e+00
   outer loop
     vertex  1.925290e+01 -2.054777e+01  5.450000e-01
     vertex  1.917550e+01 -2.051050e+01  5.450000e-01
     vertex  1.927450e+01 -2.060950e+01  5.450000e-01
   endloop
 endfacet
 facet normal  0.000000e+00  0.000000e+00  1.000000e+00
   outer loop
     vertex  1.925290e+01 -2.054777e+01  5.450000e-01
     vertex  1.923723e+01 -2.053210e+01  5.450000e-01
     vertex  1.917550e+01 -2.051050e+01  5.450000e-01
   endloop
 endfacet
 facet normal  0.000000e+00  0.000000e+00  1.000000e+00
   outer loop
     vertex  1.925290e+01 -2.054777e+01  5.450000e-01
     vertex  1.927202e+01 -2.058747e+01  5.450000e-01
     vertex  1.926470e+01 -2.056655e+01  5.450000e-01
   endloop
 endfacet
 facet normal  0.000000e+00  0.000000e+00  1.000000e+00
   outer loop
     vertex  1.925290e+01 -2.054777e+01  5.450000e-01
     vertex  1.927450e+01 -2.060950e+01  5.450000e-01
     vertex  1.927202e+01 -2.058747e+01  5.450000e-01
   endloop
 endfacet
 facet normal  0.000000e+00  0.000000e+00  1.000000e+00
   outer loop
     vertex  1.921845e+01 -1.947970e+01  5.450000e-01
     vertex  1.917550e+01 -1.948950e+01  5.450000e-01
     vertex  1.919753e+01 -1.948702e+01  5.450000e-01
   endloop
 endfacet
 facet normal  0.000000e+00  0.000000e+00  1.000000e+00
   outer loop
     vertex  1.923723e+01 -1.946790e+01  5.450000e-01
     vertex  1.917550e+01 -1.948950e+01  5.450000e-01
     vertex  1.921845e+01 -1.947970e+01  5.450000e-01
   endloop
 endfacet
 facet normal  0.000000e+00  0.000000e+00  1.000000e+00
   outer loop
     vertex  1.926470e+01 -1.943345e+01  5.450000e-01
     vertex  1.923723e+01 -1.946790e+01  5.450000e-01
     vertex  1.925290e+01 -1.945223e+01  5.450000e-01
   endloop
 endfacet
 facet normal  0.000000e+00  0.000000e+00  1.000000e+00
   outer loop
     vertex  1.926470e+01 -1.943345e+01  5.450000e-01
     vertex  1.917550e+01 -1.948950e+01  5.450000e-01
     vertex  1.923723e+01 -1.946790e+01  5.450000e-01
   endloop
 endfacet
 facet normal  0.000000e+00  0.000000e+00  1.000000e+00
   outer loop
     vertex  1.927450e+01 -1.939050e+01  5.450000e-01
     vertex  1.926470e+01 -1.943345e+01  5.450000e-01
     vertex  1.927202e+01 -1.941253e+01  5.450000e-01
   endloop
 endfacet
 facet normal  0.000000e+00  0.000000e+00  1.000000e+00
   outer loop
     vertex  1.927450e+01 -1.939050e+01  5.450000e-01
     vertex  1.917550e+01 -1.948950e+01  5.450000e-01
     vertex  1.926470e+01 -1.943345e+01  5.450000e-01
   endloop
 endfacet
 facet normal  0.000000e+00  0.000000e+00  1.000000e+00
   outer loop
     vertex  5.220984e-01 -5.377742e-01  5.450000e-01
     vertex  5.103038e-01 -5.565453e-01  5.450000e-01
     vertex  5.029819e-01 -5.774703e-01  5.450000e-01
   endloop
 endfacet
 facet normal  0.000000e+00  0.000000e+00  1.000000e+00
   outer loop
     vertex  5.377742e-01 -5.220984e-01  5.450000e-01
     vertex  5.220984e-01 -5.377742e-01  5.450000e-01
     vertex  5.029819e-01 -5.774703e-01  5.450000e-01
   endloop
 endfacet
 facet normal  0.000000e+00  0.000000e+00  1.000000e+00
   outer loop
     vertex  5.565453e-01 -5.103038e-01  5.450000e-01
     vertex  5.377742e-01 -5.220984e-01  5.450000e-01
     vertex  5.029819e-01 -5.774703e-01  5.450000e-01
   endloop
 endfacet
 facet normal  0.000000e+00  0.000000e+00  1.000000e+00
   outer loop
     vertex  5.774703e-01 -5.029819e-01  5.450000e-01
     vertex  5.565453e-01 -5.103038e-01  5.450000e-01
     vertex  5.029819e-01 -5.774703e-01  5.450000e-01
   endloop
 endfacet
 facet normal  0.000000e+00  0.000000e+00  1.000000e+00
   outer loop
     vertex  5.995000e-01 -5.005000e-01  5.450000e-01
     vertex  5.774703e-01 -5.029819e-01  5.450000e-01
     vertex  5.029819e-01 -5.774703e-01  5.450000e-01
   endloop
 endfacet
 facet normal  0.000000e+00  0.000000e+00  1.000000e+00
   outer loop
     vertex  5.995000e-01 -5.005000e-01  5.450000e-01
     vertex  5.029819e-01 -5.774703e-01  5.450000e-01
     vertex  5.005000e-01 -5.995000e-01  5.450000e-01
   endloop
 endfacet
 facet normal  0.000000e+00  0.000000e+00  1.000000e+00
   outer loop
     vertex  1.927735e+01 -1.849030e+01  5.450000e-01
     vertex  5.995000e-01 -1.948950e+01  5.450000e-01
     vertex  1.917550e+01 -1.948950e+01  5.450000e-01
   endloop
 endfacet
 facet normal  0.000000e+00  0.000000e+00  1.000000e+00
   outer loop
     vertex  1.927735e+01 -1.849030e+01  5.450000e-01
     vertex  1.917550e+01 -1.948950e+01  5.450000e-01
     vertex  1.927450e+01 -1.939050e+01  5.450000e-01
   endloop
 endfacet
 facet normal  0.000000e+00  0.000000e+00  1.000000e+00
   outer loop
     vertex  1.931019e+01 -1.838659e+01  5.450000e-01
     vertex  5.995000e-01 -1.948950e+01  5.450000e-01
     vertex  1.927735e+01 -1.849030e+01  5.450000e-01
   endloop
 endfacet
 facet normal  0.000000e+00  0.000000e+00  1.000000e+00
   outer loop
     vertex  1.936669e+01 -1.829362e+01  5.450000e-01
     vertex  5.005000e-01 -5.995000e-01  5.450000e-01
     vertex  5.005000e-01 -1.939050e+01  5.450000e-01
   endloop
 endfacet
 facet normal  0.000000e+00  0.000000e+00  1.000000e+00
   outer loop
     vertex  1.936669e+01 -1.829362e+01  5.450000e-01
     vertex  5.995000e-01 -5.005000e-01  5.450000e-01
     vertex  5.005000e-01 -5.995000e-01  5.450000e-01
   endloop
 endfacet
 facet normal  0.000000e+00  0.000000e+00  1.000000e+00
   outer loop
     vertex  1.936669e+01 -1.829362e+01  5.450000e-01
     vertex  5.995000e-01 -1.948950e+01  5.450000e-01
     vertex  1.931019e+01 -1.838659e+01  5.450000e-01
   endloop
 endfacet
 facet normal  0.000000e+00  0.000000e+00  1.000000e+00
   outer loop
     vertex  1.936669e+01 -1.829362e+01  5.450000e-01
     vertex  5.005000e-01 -1.939050e+01  5.450000e-01
     vertex  5.995000e-01 -1.948950e+01  5.450000e-01
   endloop
 endfacet
 facet normal  0.000000e+00  0.000000e+00  1.000000e+00
   outer loop
     vertex  1.944361e+01 -1.821669e+01  5.450000e-01
     vertex  5.995000e-01 -5.005000e-01  5.450000e-01
     vertex  1.936669e+01 -1.829362e+01  5.450000e-01
   endloop
 endfacet
 facet normal  0.000000e+00  0.000000e+00  1.000000e+00
   outer loop
     vertex  1.953658e+01 -1.816020e+01  5.450000e-01
     vertex  5.995000e-01 -5.005000e-01  5.450000e-01
     vertex  1.944361e+01 -1.821669e+01  5.450000e-01
   endloop
 endfacet
 facet normal  0.000000e+00  0.000000e+00  1.000000e+00
   outer loop
     vertex  1.964030e+01 -1.812736e+01  5.450000e-01
     vertex  5.995000e-01 -5.005000e-01  5.450000e-01
     vertex  1.953658e+01 -1.816020e+01  5.450000e-01
   endloop
 endfacet
 facet normal  0.000000e+00  0.000000e+00  1.000000e+00
   outer loop
     vertex  2.053469e+01 -1.812735e+01  5.450000e-01
     vertex  5.995000e-01 -5.005000e-01  5.450000e-01
     vertex  1.964030e+01 -1.812736e+01  5.450000e-01
   endloop
 endfacet
 facet normal  0.000000e+00  0.000000e+00  1.000000e+00
   outer loop
     vertex  2.529169e+01 -2.170638e+01  5.450000e-01
     vertex  2.080831e+01 -2.170638e+01  5.450000e-01
     vertex  2.073138e+01 -2.178331e+01  5.450000e-01
   endloop
 endfacet
 facet normal  0.000000e+00  0.000000e+00  1.000000e+00
   outer loop
     vertex  2.536862e+01 -2.178331e+01  5.450000e-01
     vertex  2.529169e+01 -2.170638e+01  5.450000e-01
     vertex  2.073138e+01 -2.178331e+01  5.450000e-01
   endloop
 endfacet
 facet normal  0.000000e+00  0.000000e+00  1.000000e+00
   outer loop
     vertex  2.536862e+01 -2.178331e+01  5.450000e-01
     vertex  2.073138e+01 -2.178331e+01  5.450000e-01
     vertex  2.063841e+01 -2.183980e+01  5.450000e-01
   endloop
 endfacet
 facet normal  0.000000e+00  0.000000e+00  1.000000e+00
   outer loop
     vertex  2.523520e+01 -2.161342e+01  5.450000e-01
     vertex  2.080831e+01 -2.170638e+01  5.450000e-01
     vertex  2.529169e+01 -2.170638e+01  5.450000e-01
   endloop
 endfacet
 facet normal  0.000000e+00  0.000000e+00  1.000000e+00
   outer loop
     vertex  2.523520e+01 -2.161342e+01  5.450000e-01
     vertex  2.086480e+01 -2.161341e+01  5.450000e-01
     vertex  2.080831e+01 -2.170638e+01  5.450000e-01
   endloop
 endfacet
 facet normal  0.000000e+00  0.000000e+00  1.000000e+00
   outer loop
     vertex  2.546159e+01 -2.183980e+01  5.450000e-01
     vertex  2.063841e+01 -2.183980e+01  5.450000e-01
     vertex  2.053470e+01 -2.187265e+01  5.450000e-01
   endloop
 endfacet
 facet normal  0.000000e+00  0.000000e+00  1.000000e+00
   outer loop
     vertex  2.546159e+01 -2.183980e+01  5.450000e-01
     vertex  2.536862e+01 -2.178331e+01  5.450000e-01
     vertex  2.063841e+01 -2.183980e+01  5.450000e-01
   endloop
 endfacet
 facet normal  0.000000e+00  0.000000e+00  1.000000e+00
   outer loop
     vertex  2.520236e+01 -2.150970e+01  5.450000e-01
     vertex  2.086480e+01 -2.161341e+01  5.450000e-01
     vertex  2.523520e+01 -2.161342e+01  5.450000e-01
   endloop
 endfacet
 facet normal  0.000000e+00  0.000000e+00  1.000000e+00
   outer loop
     vertex  2.520236e+01 -2.150970e+01  5.450000e-01
     vertex  2.089765e+01 -2.150970e+01  5.450000e-01
     vertex  2.086480e+01 -2.161341e+01  5.450000e-01
   endloop
 endfacet
 facet normal  0.000000e+00  0.000000e+00  1.000000e+00
   outer loop
     vertex  2.556530e+01 -2.187265e+01  5.450000e-01
     vertex  2.546159e+01 -2.183980e+01  5.450000e-01
     vertex  2.053470e+01 -2.187265e+01  5.450000e-01
   endloop
 endfacet
 facet normal  0.000000e+00  0.000000e+00  1.000000e+00
   outer loop
     vertex  2.556530e+01 -2.187265e+01  5.450000e-01
     vertex  2.053470e+01 -2.187265e+01  5.450000e-01
     vertex  5.995000e-01 -3.949950e+01  5.450000e-01
   endloop
 endfacet
 facet normal  0.000000e+00  0.000000e+00  1.000000e+00
   outer loop
     vertex  2.684710e+01 -2.054777e+01  5.450000e-01
     vertex  2.682798e+01 -2.058747e+01  5.450000e-01
     vertex  2.682550e+01 -2.060950e+01  5.450000e-01
   endloop
 endfacet
 facet normal  0.000000e+00  0.000000e+00  1.000000e+00
   outer loop
     vertex  2.684710e+01 -2.054777e+01  5.450000e-01
     vertex  2.683530e+01 -2.056655e+01  5.450000e-01
     vertex  2.682798e+01 -2.058747e+01  5.450000e-01
   endloop
 endfacet
 facet normal  0.000000e+00  0.000000e+00  1.000000e+00
   outer loop
     vertex  2.690247e+01 -2.051298e+01  5.450000e-01
     vertex  2.686277e+01 -2.053210e+01  5.450000e-01
     vertex  2.684710e+01 -2.054777e+01  5.450000e-01
   endloop
 endfacet
 facet normal  0.000000e+00  0.000000e+00  1.000000e+00
   outer loop
     vertex  2.690247e+01 -2.051298e+01  5.450000e-01
     vertex  2.688155e+01 -2.052030e+01  5.450000e-01
     vertex  2.686277e+01 -2.053210e+01  5.450000e-01
   endloop
 endfacet
 facet normal  0.000000e+00  0.000000e+00  1.000000e+00
   outer loop
     vertex  2.692450e+01 -2.051050e+01  5.450000e-01
     vertex  2.690247e+01 -2.051298e+01  5.450000e-01
     vertex  2.684710e+01 -2.054777e+01  5.450000e-01
   endloop
 endfacet
 facet normal  0.000000e+00  0.000000e+00  1.000000e+00
   outer loop
     vertex  2.692450e+01 -2.051050e+01  5.450000e-01
     vertex  2.684710e+01 -2.054777e+01  5.450000e-01
     vertex  2.682550e+01 -2.060950e+01  5.450000e-01
   endloop
 endfacet
 facet normal  0.000000e+00  0.000000e+00  1.000000e+00
   outer loop
     vertex  2.692450e+01 -2.051050e+01  5.450000e-01
     vertex  2.682550e+01 -2.060950e+01  5.450000e-01
     vertex  2.682265e+01 -2.150970e+01  5.450000e-01
   endloop
 endfacet
 facet normal  0.000000e+00  0.000000e+00  1.000000e+00
   outer loop
     vertex  2.520235e+01 -1.849030e+01  5.450000e-01
     vertex  2.089765e+01 -1.849030e+01  5.450000e-01
     vertex  2.089765e+01 -2.150970e+01  5.450000e-01
   endloop
 endfacet
 facet normal  0.000000e+00  0.000000e+00  1.000000e+00
   outer loop
     vertex  2.520235e+01 -1.849030e+01  5.450000e-01
     vertex  2.089765e+01 -2.150970e+01  5.450000e-01
     vertex  2.520236e+01 -2.150970e+01  5.450000e-01
   endloop
 endfacet
 facet normal  0.000000e+00  0.000000e+00  1.000000e+00
   outer loop
     vertex  2.523519e+01 -1.838659e+01  5.450000e-01
     vertex  2.089765e+01 -1.849030e+01  5.450000e-01
     vertex  2.520235e+01 -1.849030e+01  5.450000e-01
   endloop
 endfacet
 facet normal  0.000000e+00  0.000000e+00  1.000000e+00
   outer loop
     vertex  2.523519e+01 -1.838659e+01  5.450000e-01
     vertex  2.086480e+01 -1.838659e+01  5.450000e-01
     vertex  2.089765e+01 -1.849030e+01  5.450000e-01
   endloop
 endfacet
 facet normal  0.000000e+00  0.000000e+00  1.000000e+00
   outer loop
     vertex  2.529169e+01 -1.829362e+01  5.450000e-01
     vertex  2.080831e+01 -1.829362e+01  5.450000e-01
     vertex  2.086480e+01 -1.838659e+01  5.450000e-01
   endloop
 endfacet
 facet normal  0.000000e+00  0.000000e+00  1.000000e+00
   outer loop
     vertex  2.529169e+01 -1.829362e+01  5.450000e-01
     vertex  2.086480e+01 -1.838659e+01  5.450000e-01
     vertex  2.523519e+01 -1.838659e+01  5.450000e-01
   endloop
 endfacet
 facet normal  0.000000e+00  0.000000e+00  1.000000e+00
   outer loop
     vertex  2.536861e+01 -1.821669e+01  5.450000e-01
     vertex  2.073138e+01 -1.821669e+01  5.450000e-01
     vertex  2.080831e+01 -1.829362e+01  5.450000e-01
   endloop
 endfacet
 facet normal  0.000000e+00  0.000000e+00  1.000000e+00
   outer loop
     vertex  2.536861e+01 -1.821669e+01  5.450000e-01
     vertex  2.080831e+01 -1.829362e+01  5.450000e-01
     vertex  2.529169e+01 -1.829362e+01  5.450000e-01
   endloop
 endfacet
 facet normal  0.000000e+00  0.000000e+00  1.000000e+00
   outer loop
     vertex  2.546158e+01 -1.816020e+01  5.450000e-01
     vertex  2.063841e+01 -1.816019e+01  5.450000e-01
     vertex  2.073138e+01 -1.821669e+01  5.450000e-01
   endloop
 endfacet
 facet normal  0.000000e+00  0.000000e+00  1.000000e+00
   outer loop
     vertex  2.546158e+01 -1.816020e+01  5.450000e-01
     vertex  2.073138e+01 -1.821669e+01  5.450000e-01
     vertex  2.536861e+01 -1.821669e+01  5.450000e-01
   endloop
 endfacet
 facet normal  0.000000e+00  0.000000e+00  1.000000e+00
   outer loop
     vertex  2.682798e+01 -1.941253e+01  5.450000e-01
     vertex  2.688155e+01 -1.947970e+01  5.450000e-01
     vertex  2.690247e+01 -1.948702e+01  5.450000e-01
   endloop
 endfacet
 facet normal  0.000000e+00  0.000000e+00  1.000000e+00
   outer loop
     vertex  2.682798e+01 -1.941253e+01  5.450000e-01
     vertex  2.686277e+01 -1.946790e+01  5.450000e-01
     vertex  2.688155e+01 -1.947970e+01  5.450000e-01
   endloop
 endfacet
 facet normal  0.000000e+00  0.000000e+00  1.000000e+00
   outer loop
     vertex  2.682798e+01 -1.941253e+01  5.450000e-01
     vertex  2.684710e+01 -1.945223e+01  5.450000e-01
     vertex  2.686277e+01 -1.946790e+01  5.450000e-01
   endloop
 endfacet
 facet normal  0.000000e+00  0.000000e+00  1.000000e+00
   outer loop
     vertex  2.682798e+01 -1.941253e+01  5.450000e-01
     vertex  2.683530e+01 -1.943345e+01  5.450000e-01
     vertex  2.684710e+01 -1.945223e+01  5.450000e-01
   endloop
 endfacet
 facet normal  0.000000e+00  0.000000e+00  1.000000e+00
   outer loop
     vertex  2.692450e+01 -1.948950e+01  5.450000e-01
     vertex  2.682798e+01 -1.941253e+01  5.450000e-01
     vertex  2.690247e+01 -1.948702e+01  5.450000e-01
   endloop
 endfacet
 facet normal  0.000000e+00  0.000000e+00  1.000000e+00
   outer loop
     vertex  2.682550e+01 -1.939050e+01  5.450000e-01
     vertex  2.682798e+01 -1.941253e+01  5.450000e-01
     vertex  2.692450e+01 -1.948950e+01  5.450000e-01
   endloop
 endfacet
 facet normal  0.000000e+00  0.000000e+00  1.000000e+00
   outer loop
     vertex  2.556530e+01 -1.812736e+01  5.450000e-01
     vertex  2.063841e+01 -1.816019e+01  5.450000e-01
     vertex  2.546158e+01 -1.816020e+01  5.450000e-01
   endloop
 endfacet
 facet normal  0.000000e+00  0.000000e+00  1.000000e+00
   outer loop
     vertex  2.556530e+01 -1.812736e+01  5.450000e-01
     vertex  2.053469e+01 -1.812735e+01  5.450000e-01
     vertex  2.063841e+01 -1.816019e+01  5.450000e-01
   endloop
 endfacet
 facet normal  0.000000e+00  0.000000e+00  1.000000e+00
   outer loop
     vertex  2.556530e+01 -1.812736e+01  5.450000e-01
     vertex  5.995000e-01 -5.005000e-01  5.450000e-01
     vertex  2.053469e+01 -1.812735e+01  5.450000e-01
   endloop
 endfacet
 facet normal  0.000000e+00  0.000000e+00  1.000000e+00
   outer loop
     vertex  2.682265e+01 -1.849030e+01  5.450000e-01
     vertex  2.682550e+01 -1.939050e+01  5.450000e-01
     vertex  2.692450e+01 -1.948950e+01  5.450000e-01
   endloop
 endfacet
 facet normal  0.000000e+00  0.000000e+00  1.000000e+00
   outer loop
     vertex  3.484754e+01 -2.051050e+01  5.450000e-01
     vertex  2.692450e+01 -2.051050e+01  5.450000e-01
     vertex  2.682265e+01 -2.150970e+01  5.450000e-01
   endloop
 endfacet
 facet normal  0.000000e+00  0.000000e+00  1.000000e+00
   outer loop
     vertex  3.484754e+01 -2.051050e+01  5.450000e-01
     vertex  2.673331e+01 -2.170638e+01  5.450000e-01
     vertex  2.665638e+01 -2.178331e+01  5.450000e-01
   endloop
 endfacet
 facet normal  0.000000e+00  0.000000e+00  1.000000e+00
   outer loop
     vertex  3.484754e+01 -2.051050e+01  5.450000e-01
     vertex  2.678980e+01 -2.161341e+01  5.450000e-01
     vertex  2.673331e+01 -2.170638e+01  5.450000e-01
   endloop
 endfacet
 facet normal  0.000000e+00  0.000000e+00  1.000000e+00
   outer loop
     vertex  3.484754e+01 -2.051050e+01  5.450000e-01
     vertex  2.682265e+01 -2.150970e+01  5.450000e-01
     vertex  2.678980e+01 -2.161341e+01  5.450000e-01
   endloop
 endfacet
 facet normal  0.000000e+00  0.000000e+00  1.000000e+00
   outer loop
     vertex  3.490573e+01 -2.052941e+01  5.450000e-01
     vertex  3.484754e+01 -2.051050e+01  5.450000e-01
     vertex  2.665638e+01 -2.178331e+01  5.450000e-01
   endloop
 endfacet
 facet normal  0.000000e+00  0.000000e+00  1.000000e+00
   outer loop
     vertex  3.490573e+01 -2.052941e+01  5.450000e-01
     vertex  2.665638e+01 -2.178331e+01  5.450000e-01
     vertex  2.656341e+01 -2.183980e+01  5.450000e-01
   endloop
 endfacet
 facet normal  0.000000e+00  0.000000e+00  1.000000e+00
   outer loop
     vertex  4.478655e+01 -3.040850e+01  5.450000e-01
     vertex  2.556530e+01 -2.187265e+01  5.450000e-01
     vertex  5.995000e-01 -3.949950e+01  5.450000e-01
   endloop
 endfacet
 facet normal  0.000000e+00  0.000000e+00  1.000000e+00
   outer loop
     vertex  4.478655e+01 -3.040850e+01  5.450000e-01
     vertex  3.490573e+01 -2.052941e+01  5.450000e-01
     vertex  2.656341e+01 -2.183980e+01  5.450000e-01
   endloop
 endfacet
 facet normal  0.000000e+00  0.000000e+00  1.000000e+00
   outer loop
     vertex  4.478655e+01 -3.040850e+01  5.450000e-01
     vertex  2.656341e+01 -2.183980e+01  5.450000e-01
     vertex  2.645970e+01 -2.187265e+01  5.450000e-01
   endloop
 endfacet
 facet normal  0.000000e+00  0.000000e+00  1.000000e+00
   outer loop
     vertex  4.478655e+01 -3.040850e+01  5.450000e-01
     vertex  2.645970e+01 -2.187265e+01  5.450000e-01
     vertex  2.556530e+01 -2.187265e+01  5.450000e-01
   endloop
 endfacet
 facet normal  0.000000e+00  0.000000e+00  1.000000e+00
   outer loop
     vertex  4.631669e+01 -3.170638e+01  5.450000e-01
     vertex  4.490295e+01 -3.047571e+01  5.450000e-01
     vertex  4.478655e+01 -3.040850e+01  5.450000e-01
   endloop
 endfacet
 facet normal  0.000000e+00  0.000000e+00  1.000000e+00
   outer loop
     vertex  4.639362e+01 -3.178331e+01  5.450000e-01
     vertex  4.478655e+01 -3.040850e+01  5.450000e-01
     vertex  5.995000e-01 -3.949950e+01  5.450000e-01
   endloop
 endfacet
 facet normal  0.000000e+00  0.000000e+00  1.000000e+00
   outer loop
     vertex  4.639362e+01 -3.178331e+01  5.450000e-01
     vertex  4.631669e+01 -3.170638e+01  5.450000e-01
     vertex  4.478655e+01 -3.040850e+01  5.450000e-01
   endloop
 endfacet
 facet normal  0.000000e+00  0.000000e+00  1.000000e+00
   outer loop
     vertex  4.626020e+01 -3.161342e+01  5.450000e-01
     vertex  4.503279e+01 -3.051050e+01  5.450000e-01
     vertex  4.490295e+01 -3.047571e+01  5.450000e-01
   endloop
 endfacet
 facet normal  0.000000e+00  0.000000e+00  1.000000e+00
   outer loop
     vertex  4.626020e+01 -3.161342e+01  5.450000e-01
     vertex  4.490295e+01 -3.047571e+01  5.450000e-01
     vertex  4.631669e+01 -3.170638e+01  5.450000e-01
   endloop
 endfacet
 facet normal  0.000000e+00  0.000000e+00  1.000000e+00
   outer loop
     vertex  4.648659e+01 -3.183980e+01  5.450000e-01
     vertex  4.639362e+01 -3.178331e+01  5.450000e-01
     vertex  5.995000e-01 -3.949950e+01  5.450000e-01
   endloop
 endfacet
 facet normal  0.000000e+00  0.000000e+00  1.000000e+00
   outer loop
     vertex  4.622736e+01 -3.150970e+01  5.450000e-01
     vertex  4.503279e+01 -3.051050e+01  5.450000e-01
     vertex  4.626020e+01 -3.161342e+01  5.450000e-01
   endloop
 endfacet
 facet normal  0.000000e+00  0.000000e+00  1.000000e+00
   outer loop
     vertex  4.659030e+01 -3.187265e+01  5.450000e-01
     vertex  4.648659e+01 -3.183980e+01  5.450000e-01
     vertex  5.995000e-01 -3.949950e+01  5.450000e-01
   endloop
 endfacet
 facet normal  0.000000e+00  0.000000e+00  1.000000e+00
   outer loop
     vertex  3.496302e+01 -1.948828e+01  5.450000e-01
     vertex  2.678980e+01 -1.838659e+01  5.450000e-01
     vertex  2.682265e+01 -1.849030e+01  5.450000e-01
   endloop
 endfacet
 facet normal  0.000000e+00  0.000000e+00  1.000000e+00
   outer loop
     vertex  3.496302e+01 -1.948828e+01  5.450000e-01
     vertex  2.673331e+01 -1.829362e+01  5.450000e-01
     vertex  2.678980e+01 -1.838659e+01  5.450000e-01
   endloop
 endfacet
 facet normal  0.000000e+00  0.000000e+00  1.000000e+00
   outer loop
     vertex  3.496302e+01 -1.948828e+01  5.450000e-01
     vertex  2.665638e+01 -1.821669e+01  5.450000e-01
     vertex  2.673331e+01 -1.829362e+01  5.450000e-01
   endloop
 endfacet
 facet normal  0.000000e+00  0.000000e+00  1.000000e+00
   outer loop
     vertex  3.496302e+01 -1.948828e+01  5.450000e-01
     vertex  2.682265e+01 -1.849030e+01  5.450000e-01
     vertex  2.692450e+01 -1.948950e+01  5.450000e-01
   endloop
 endfacet
 facet normal  0.000000e+00  0.000000e+00  1.000000e+00
   outer loop
     vertex  3.501754e+01 -1.946050e+01  5.450000e-01
     vertex  2.665638e+01 -1.821669e+01  5.450000e-01
     vertex  3.496302e+01 -1.948828e+01  5.450000e-01
   endloop
 endfacet
 facet normal  0.000000e+00  0.000000e+00  1.000000e+00
   outer loop
     vertex  3.501754e+01 -1.946050e+01  5.450000e-01
     vertex  2.656341e+01 -1.816019e+01  5.450000e-01
     vertex  2.665638e+01 -1.821669e+01  5.450000e-01
   endloop
 endfacet
 facet normal  0.000000e+00  0.000000e+00  1.000000e+00
   outer loop
     vertex  4.612550e+01 -3.051050e+01  5.450000e-01
     vertex  4.622736e+01 -3.150970e+01  5.450000e-01
     vertex  4.622450e+01 -3.060950e+01  5.450000e-01
   endloop
 endfacet
 facet normal  0.000000e+00  0.000000e+00  1.000000e+00
   outer loop
     vertex  4.612550e+01 -3.051050e+01  5.450000e-01
     vertex  4.503279e+01 -3.051050e+01  5.450000e-01
     vertex  4.622736e+01 -3.150970e+01  5.450000e-01
   endloop
 endfacet
 facet normal  0.000000e+00  0.000000e+00  1.000000e+00
   outer loop
     vertex  4.621470e+01 -3.056655e+01  5.450000e-01
     vertex  4.622450e+01 -3.060950e+01  5.450000e-01
     vertex  4.622202e+01 -3.058747e+01  5.450000e-01
   endloop
 endfacet
 facet normal  0.000000e+00  0.000000e+00  1.000000e+00
   outer loop
     vertex  4.620290e+01 -3.054777e+01  5.450000e-01
     vertex  4.622450e+01 -3.060950e+01  5.450000e-01
     vertex  4.621470e+01 -3.056655e+01  5.450000e-01
   endloop
 endfacet
 facet normal  0.000000e+00  0.000000e+00  1.000000e+00
   outer loop
     vertex  4.618723e+01 -3.053210e+01  5.450000e-01
     vertex  4.622450e+01 -3.060950e+01  5.450000e-01
     vertex  4.620290e+01 -3.054777e+01  5.450000e-01
   endloop
 endfacet
 facet normal  0.000000e+00  0.000000e+00  1.000000e+00
   outer loop
     vertex  4.618723e+01 -3.053210e+01  5.450000e-01
     vertex  4.614753e+01 -3.051298e+01  5.450000e-01
     vertex  4.612550e+01 -3.051050e+01  5.450000e-01
   endloop
 endfacet
 facet normal  0.000000e+00  0.000000e+00  1.000000e+00
   outer loop
     vertex  4.618723e+01 -3.053210e+01  5.450000e-01
     vertex  4.616845e+01 -3.052030e+01  5.450000e-01
     vertex  4.614753e+01 -3.051298e+01  5.450000e-01
   endloop
 endfacet
 facet normal  0.000000e+00  0.000000e+00  1.000000e+00
   outer loop
     vertex  4.618723e+01 -3.053210e+01  5.450000e-01
     vertex  4.612550e+01 -3.051050e+01  5.450000e-01
     vertex  4.622450e+01 -3.060950e+01  5.450000e-01
   endloop
 endfacet
 facet normal  0.000000e+00  0.000000e+00  1.000000e+00
   outer loop
     vertex  3.591296e+01 -2.005000e+01  5.450000e-01
     vertex  3.592623e+01 -2.009950e+01  5.450000e-01
     vertex  3.594196e+01 -2.012000e+01  5.450000e-01
   endloop
 endfacet
 facet normal  0.000000e+00  0.000000e+00  1.000000e+00
   outer loop
     vertex  3.591296e+01 -2.005000e+01  5.450000e-01
     vertex  3.591634e+01 -2.007562e+01  5.450000e-01
     vertex  3.592623e+01 -2.009950e+01  5.450000e-01
   endloop
 endfacet
 facet normal  0.000000e+00  0.000000e+00  1.000000e+00
   outer loop
     vertex  3.592623e+01 -2.000050e+01  5.450000e-01
     vertex  3.591634e+01 -2.002438e+01  5.450000e-01
     vertex  3.591296e+01 -2.005000e+01  5.450000e-01
   endloop
 endfacet
 facet normal  0.000000e+00  0.000000e+00  1.000000e+00
   outer loop
     vertex  3.592623e+01 -2.000050e+01  5.450000e-01
     vertex  3.591296e+01 -2.005000e+01  5.450000e-01
     vertex  3.594196e+01 -2.012000e+01  5.450000e-01
   endloop
 endfacet
 facet normal  0.000000e+00  0.000000e+00  1.000000e+00
   outer loop
     vertex  3.594196e+01 -1.998000e+01  5.450000e-01
     vertex  3.592623e+01 -2.000050e+01  5.450000e-01
     vertex  3.594196e+01 -2.012000e+01  5.450000e-01
   endloop
 endfacet
 facet normal  0.000000e+00  0.000000e+00  1.000000e+00
   outer loop
     vertex  4.616845e+01 -2.947970e+01  5.450000e-01
     vertex  4.612550e+01 -2.948950e+01  5.450000e-01
     vertex  4.614753e+01 -2.948702e+01  5.450000e-01
   endloop
 endfacet
 facet normal  0.000000e+00  0.000000e+00  1.000000e+00
   outer loop
     vertex  4.622202e+01 -2.941253e+01  5.450000e-01
     vertex  4.620290e+01 -2.945223e+01  5.450000e-01
     vertex  4.621470e+01 -2.943345e+01  5.450000e-01
   endloop
 endfacet
 facet normal  0.000000e+00  0.000000e+00  1.000000e+00
   outer loop
     vertex  4.622202e+01 -2.941253e+01  5.450000e-01
     vertex  4.618723e+01 -2.946790e+01  5.450000e-01
     vertex  4.620290e+01 -2.945223e+01  5.450000e-01
   endloop
 endfacet
 facet normal  0.000000e+00  0.000000e+00  1.000000e+00
   outer loop
     vertex  4.622450e+01 -2.939050e+01  5.450000e-01
     vertex  4.535246e+01 -2.948950e+01  5.450000e-01
     vertex  4.612550e+01 -2.948950e+01  5.450000e-01
   endloop
 endfacet
 facet normal  0.000000e+00  0.000000e+00  1.000000e+00
   outer loop
     vertex  4.622450e+01 -2.939050e+01  5.450000e-01
     vertex  4.616845e+01 -2.947970e+01  5.450000e-01
     vertex  4.618723e+01 -2.946790e+01  5.450000e-01
   endloop
 endfacet
 facet normal  0.000000e+00  0.000000e+00  1.000000e+00
   outer loop
     vertex  4.622450e+01 -2.939050e+01  5.450000e-01
     vertex  4.612550e+01 -2.948950e+01  5.450000e-01
     vertex  4.616845e+01 -2.947970e+01  5.450000e-01
   endloop
 endfacet
 facet normal  0.000000e+00  0.000000e+00  1.000000e+00
   outer loop
     vertex  4.622450e+01 -2.939050e+01  5.450000e-01
     vertex  4.618723e+01 -2.946790e+01  5.450000e-01
     vertex  4.622202e+01 -2.941253e+01  5.450000e-01
   endloop
 endfacet
 facet normal  0.000000e+00  0.000000e+00  1.000000e+00
   outer loop
     vertex  4.622735e+01 -2.849030e+01  5.450000e-01
     vertex  4.535246e+01 -2.948950e+01  5.450000e-01
     vertex  4.622450e+01 -2.939050e+01  5.450000e-01
   endloop
 endfacet
 facet normal  0.000000e+00  0.000000e+00  1.000000e+00
   outer loop
     vertex  4.622735e+01 -2.849030e+01  5.450000e-01
     vertex  4.529427e+01 -2.947059e+01  5.450000e-01
     vertex  4.535246e+01 -2.948950e+01  5.450000e-01
   endloop
 endfacet
 facet normal  0.000000e+00  0.000000e+00  1.000000e+00
   outer loop
     vertex  4.626019e+01 -2.838659e+01  5.450000e-01
     vertex  4.529427e+01 -2.947059e+01  5.450000e-01
     vertex  4.622735e+01 -2.849030e+01  5.450000e-01
   endloop
 endfacet
 facet normal  0.000000e+00  0.000000e+00  1.000000e+00
   outer loop
     vertex  4.631669e+01 -2.829362e+01  5.450000e-01
     vertex  3.594196e+01 -2.012000e+01  5.450000e-01
     vertex  4.529427e+01 -2.947059e+01  5.450000e-01
   endloop
 endfacet
 facet normal  0.000000e+00  0.000000e+00  1.000000e+00
   outer loop
     vertex  4.631669e+01 -2.829362e+01  5.450000e-01
     vertex  4.529427e+01 -2.947059e+01  5.450000e-01
     vertex  4.626019e+01 -2.838659e+01  5.450000e-01
   endloop
 endfacet
 facet normal  0.000000e+00  0.000000e+00  1.000000e+00
   outer loop
     vertex  4.639361e+01 -2.821669e+01  5.450000e-01
     vertex  3.594196e+01 -2.012000e+01  5.450000e-01
     vertex  4.631669e+01 -2.829362e+01  5.450000e-01
   endloop
 endfacet
 facet normal  0.000000e+00  0.000000e+00  1.000000e+00
   outer loop
     vertex  4.648658e+01 -2.816020e+01  5.450000e-01
     vertex  3.594196e+01 -2.012000e+01  5.450000e-01
     vertex  4.639361e+01 -2.821669e+01  5.450000e-01
   endloop
 endfacet
 facet normal  0.000000e+00  0.000000e+00  1.000000e+00
   outer loop
     vertex  4.659030e+01 -2.812736e+01  5.450000e-01
     vertex  3.594196e+01 -1.998000e+01  5.450000e-01
     vertex  3.594196e+01 -2.012000e+01  5.450000e-01
   endloop
 endfacet
 facet normal  0.000000e+00  0.000000e+00  1.000000e+00
   outer loop
     vertex  4.659030e+01 -2.812736e+01  5.450000e-01
     vertex  3.594196e+01 -2.012000e+01  5.450000e-01
     vertex  4.648658e+01 -2.816020e+01  5.450000e-01
   endloop
 endfacet
 facet normal  0.000000e+00  0.000000e+00  1.000000e+00
   outer loop
     vertex  5.224169e+01 -3.170638e+01  5.450000e-01
     vertex  4.775831e+01 -3.170638e+01  5.450000e-01
     vertex  4.768138e+01 -3.178331e+01  5.450000e-01
   endloop
 endfacet
 facet normal  0.000000e+00  0.000000e+00  1.000000e+00
   outer loop
     vertex  5.231862e+01 -3.178331e+01  5.450000e-01
     vertex  4.768138e+01 -3.178331e+01  5.450000e-01
     vertex  4.758841e+01 -3.183980e+01  5.450000e-01
   endloop
 endfacet
 facet normal  0.000000e+00  0.000000e+00  1.000000e+00
   outer loop
     vertex  5.231862e+01 -3.178331e+01  5.450000e-01
     vertex  5.224169e+01 -3.170638e+01  5.450000e-01
     vertex  4.768138e+01 -3.178331e+01  5.450000e-01
   endloop
 endfacet
 facet normal  0.000000e+00  0.000000e+00  1.000000e+00
   outer loop
     vertex  5.218520e+01 -3.161342e+01  5.450000e-01
     vertex  4.781480e+01 -3.161341e+01  5.450000e-01
     vertex  4.775831e+01 -3.170638e+01  5.450000e-01
   endloop
 endfacet
 facet normal  0.000000e+00  0.000000e+00  1.000000e+00
   outer loop
     vertex  5.218520e+01 -3.161342e+01  5.450000e-01
     vertex  4.775831e+01 -3.170638e+01  5.450000e-01
     vertex  5.224169e+01 -3.170638e+01  5.450000e-01
   endloop
 endfacet
 facet normal  0.000000e+00  0.000000e+00  1.000000e+00
   outer loop
     vertex  5.241159e+01 -3.183980e+01  5.450000e-01
     vertex  4.758841e+01 -3.183980e+01  5.450000e-01
     vertex  4.748470e+01 -3.187265e+01  5.450000e-01
   endloop
 endfacet
 facet normal  0.000000e+00  0.000000e+00  1.000000e+00
   outer loop
     vertex  5.241159e+01 -3.183980e+01  5.450000e-01
     vertex  5.231862e+01 -3.178331e+01  5.450000e-01
     vertex  4.758841e+01 -3.183980e+01  5.450000e-01
   endloop
 endfacet
 facet normal  0.000000e+00  0.000000e+00  1.000000e+00
   outer loop
     vertex  5.215236e+01 -3.150970e+01  5.450000e-01
     vertex  4.781480e+01 -3.161341e+01  5.450000e-01
     vertex  5.218520e+01 -3.161342e+01  5.450000e-01
   endloop
 endfacet
 facet normal  0.000000e+00  0.000000e+00  1.000000e+00
   outer loop
     vertex  5.215236e+01 -3.150970e+01  5.450000e-01
     vertex  4.784765e+01 -3.150970e+01  5.450000e-01
     vertex  4.781480e+01 -3.161341e+01  5.450000e-01
   endloop
 endfacet
 facet normal  0.000000e+00  0.000000e+00  1.000000e+00
   outer loop
     vertex  5.251530e+01 -3.187265e+01  5.450000e-01
     vertex  5.241159e+01 -3.183980e+01  5.450000e-01
     vertex  4.748470e+01 -3.187265e+01  5.450000e-01
   endloop
 endfacet
 facet normal  0.000000e+00  0.000000e+00  1.000000e+00
   outer loop
     vertex  5.381277e+01 -3.053210e+01  5.450000e-01
     vertex  5.377798e+01 -3.058747e+01  5.450000e-01
     vertex  5.377550e+01 -3.060950e+01  5.450000e-01
   endloop
 endfacet
 facet normal  0.000000e+00  0.000000e+00  1.000000e+00
   outer loop
     vertex  5.381277e+01 -3.053210e+01  5.450000e-01
     vertex  5.378530e+01 -3.056655e+01  5.450000e-01
     vertex  5.377798e+01 -3.058747e+01  5.450000e-01
   endloop
 endfacet
 facet normal  0.000000e+00  0.000000e+00  1.000000e+00
   outer loop
     vertex  5.381277e+01 -3.053210e+01  5.450000e-01
     vertex  5.379710e+01 -3.054777e+01  5.450000e-01
     vertex  5.378530e+01 -3.056655e+01  5.450000e-01
   endloop
 endfacet
 facet normal  0.000000e+00  0.000000e+00  1.000000e+00
   outer loop
     vertex  5.383155e+01 -3.052030e+01  5.450000e-01
     vertex  5.381277e+01 -3.053210e+01  5.450000e-01
     vertex  5.377550e+01 -3.060950e+01  5.450000e-01
   endloop
 endfacet
 facet normal  0.000000e+00  0.000000e+00  1.000000e+00
   outer loop
     vertex  5.385247e+01 -3.051298e+01  5.450000e-01
     vertex  5.383155e+01 -3.052030e+01  5.450000e-01
     vertex  5.377550e+01 -3.060950e+01  5.450000e-01
   endloop
 endfacet
 facet normal  0.000000e+00  0.000000e+00  1.000000e+00
   outer loop
     vertex  5.387450e+01 -3.051050e+01  5.450000e-01
     vertex  5.377550e+01 -3.060950e+01  5.450000e-01
     vertex  5.377265e+01 -3.150970e+01  5.450000e-01
   endloop
 endfacet
 facet normal  0.000000e+00  0.000000e+00  1.000000e+00
   outer loop
     vertex  5.387450e+01 -3.051050e+01  5.450000e-01
     vertex  5.385247e+01 -3.051298e+01  5.450000e-01
     vertex  5.377550e+01 -3.060950e+01  5.450000e-01
   endloop
 endfacet
 facet normal  0.000000e+00  0.000000e+00  1.000000e+00
   outer loop
     vertex  5.215235e+01 -2.849030e+01  5.450000e-01
     vertex  4.784765e+01 -3.150970e+01  5.450000e-01
     vertex  5.215236e+01 -3.150970e+01  5.450000e-01
   endloop
 endfacet
 facet normal  0.000000e+00  0.000000e+00  1.000000e+00
   outer loop
     vertex  5.215235e+01 -2.849030e+01  5.450000e-01
     vertex  4.784765e+01 -2.849030e+01  5.450000e-01
     vertex  4.784765e+01 -3.150970e+01  5.450000e-01
   endloop
 endfacet
 facet normal  0.000000e+00  0.000000e+00  1.000000e+00
   outer loop
     vertex  5.218519e+01 -2.838659e+01  5.450000e-01
     vertex  4.784765e+01 -2.849030e+01  5.450000e-01
     vertex  5.215235e+01 -2.849030e+01  5.450000e-01
   endloop
 endfacet
 facet normal  0.000000e+00  0.000000e+00  1.000000e+00
   outer loop
     vertex  5.218519e+01 -2.838659e+01  5.450000e-01
     vertex  4.781480e+01 -2.838659e+01  5.450000e-01
     vertex  4.784765e+01 -2.849030e+01  5.450000e-01
   endloop
 endfacet
 facet normal  0.000000e+00  0.000000e+00  1.000000e+00
   outer loop
     vertex  5.224169e+01 -2.829362e+01  5.450000e-01
     vertex  4.781480e+01 -2.838659e+01  5.450000e-01
     vertex  5.218519e+01 -2.838659e+01  5.450000e-01
   endloop
 endfacet
 facet normal  0.000000e+00  0.000000e+00  1.000000e+00
   outer loop
     vertex  5.224169e+01 -2.829362e+01  5.450000e-01
     vertex  4.775831e+01 -2.829362e+01  5.450000e-01
     vertex  4.781480e+01 -2.838659e+01  5.450000e-01
   endloop
 endfacet
 facet normal  0.000000e+00  0.000000e+00  1.000000e+00
   outer loop
     vertex  5.231861e+01 -2.821669e+01  5.450000e-01
     vertex  4.768138e+01 -2.821669e+01  5.450000e-01
     vertex  4.775831e+01 -2.829362e+01  5.450000e-01
   endloop
 endfacet
 facet normal  0.000000e+00  0.000000e+00  1.000000e+00
   outer loop
     vertex  5.231861e+01 -2.821669e+01  5.450000e-01
     vertex  4.775831e+01 -2.829362e+01  5.450000e-01
     vertex  5.224169e+01 -2.829362e+01  5.450000e-01
   endloop
 endfacet
 facet normal  0.000000e+00  0.000000e+00  1.000000e+00
   outer loop
     vertex  5.241158e+01 -2.816020e+01  5.450000e-01
     vertex  4.768138e+01 -2.821669e+01  5.450000e-01
     vertex  5.231861e+01 -2.821669e+01  5.450000e-01
   endloop
 endfacet
 facet normal  0.000000e+00  0.000000e+00  1.000000e+00
   outer loop
     vertex  5.241158e+01 -2.816020e+01  5.450000e-01
     vertex  4.758841e+01 -2.816019e+01  5.450000e-01
     vertex  4.768138e+01 -2.821669e+01  5.450000e-01
   endloop
 endfacet
 facet normal  0.000000e+00  0.000000e+00  1.000000e+00
   outer loop
     vertex  5.378530e+01 -2.943345e+01  5.450000e-01
     vertex  5.381277e+01 -2.946790e+01  5.450000e-01
     vertex  5.383155e+01 -2.947970e+01  5.450000e-01
   endloop
 endfacet
 facet normal  0.000000e+00  0.000000e+00  1.000000e+00
   outer loop
     vertex  5.378530e+01 -2.943345e+01  5.450000e-01
     vertex  5.379710e+01 -2.945223e+01  5.450000e-01
     vertex  5.381277e+01 -2.946790e+01  5.450000e-01
   endloop
 endfacet
 facet normal  0.000000e+00  0.000000e+00  1.000000e+00
   outer loop
     vertex  5.387450e+01 -2.948950e+01  5.450000e-01
     vertex  5.383155e+01 -2.947970e+01  5.450000e-01
     vertex  5.385247e+01 -2.948702e+01  5.450000e-01
   endloop
 endfacet
 facet normal  0.000000e+00  0.000000e+00  1.000000e+00
   outer loop
     vertex  5.387450e+01 -2.948950e+01  5.450000e-01
     vertex  5.377798e+01 -2.941253e+01  5.450000e-01
     vertex  5.378530e+01 -2.943345e+01  5.450000e-01
   endloop
 endfacet
 facet normal  0.000000e+00  0.000000e+00  1.000000e+00
   outer loop
     vertex  5.387450e+01 -2.948950e+01  5.450000e-01
     vertex  5.377550e+01 -2.939050e+01  5.450000e-01
     vertex  5.377798e+01 -2.941253e+01  5.450000e-01
   endloop
 endfacet
 facet normal  0.000000e+00  0.000000e+00  1.000000e+00
   outer loop
     vertex  5.387450e+01 -2.948950e+01  5.450000e-01
     vertex  5.378530e+01 -2.943345e+01  5.450000e-01
     vertex  5.383155e+01 -2.947970e+01  5.450000e-01
   endloop
 endfacet
 facet normal  0.000000e+00  0.000000e+00  1.000000e+00
   outer loop
     vertex  5.251530e+01 -2.812736e+01  5.450000e-01
     vertex  4.758841e+01 -2.816019e+01  5.450000e-01
     vertex  5.241158e+01 -2.816020e+01  5.450000e-01
   endloop
 endfacet
 facet normal  0.000000e+00  0.000000e+00  1.000000e+00
   outer loop
     vertex  5.251530e+01 -2.812736e+01  5.450000e-01
     vertex  4.748469e+01 -2.812735e+01  5.450000e-01
     vertex  4.758841e+01 -2.816019e+01  5.450000e-01
   endloop
 endfacet
 facet normal  0.000000e+00  0.000000e+00  1.000000e+00
   outer loop
     vertex  5.377265e+01 -2.849030e+01  5.450000e-01
     vertex  5.377550e+01 -2.939050e+01  5.450000e-01
     vertex  5.387450e+01 -2.948950e+01  5.450000e-01
   endloop
 endfacet
 facet normal  0.000000e+00  0.000000e+00  1.000000e+00
   outer loop
     vertex  4.639362e+01 -1.178331e+01  5.450000e-01
     vertex  4.631669e+01 -1.170638e+01  5.450000e-01
     vertex  3.594196e+01 -1.998000e+01  5.450000e-01
   endloop
 endfacet
 facet normal  0.000000e+00  0.000000e+00  1.000000e+00
   outer loop
     vertex  4.648659e+01 -1.183980e+01  5.450000e-01
     vertex  4.639362e+01 -1.178331e+01  5.450000e-01
     vertex  3.594196e+01 -1.998000e+01  5.450000e-01
   endloop
 endfacet
 facet normal  0.000000e+00  0.000000e+00  1.000000e+00
   outer loop
     vertex  4.659030e+01 -1.187265e+01  5.450000e-01
     vertex  4.659030e+01 -2.812736e+01  5.450000e-01
     vertex  4.748469e+01 -2.812735e+01  5.450000e-01
   endloop
 endfacet
 facet normal  0.000000e+00  0.000000e+00  1.000000e+00
   outer loop
     vertex  4.659030e+01 -1.187265e+01  5.450000e-01
     vertex  3.594196e+01 -1.998000e+01  5.450000e-01
     vertex  4.659030e+01 -2.812736e+01  5.450000e-01
   endloop
 endfacet
 facet normal  0.000000e+00  0.000000e+00  1.000000e+00
   outer loop
     vertex  4.659030e+01 -1.187265e+01  5.450000e-01
     vertex  4.648659e+01 -1.183980e+01  5.450000e-01
     vertex  3.594196e+01 -1.998000e+01  5.450000e-01
   endloop
 endfacet
 facet normal  0.000000e+00  0.000000e+00  1.000000e+00
   outer loop
     vertex  4.538246e+01 -1.053950e+01  5.450000e-01
     vertex  4.626020e+01 -1.161342e+01  5.450000e-01
     vertex  4.622736e+01 -1.150970e+01  5.450000e-01
   endloop
 endfacet
 facet normal  0.000000e+00  0.000000e+00  1.000000e+00
   outer loop
     vertex  4.538246e+01 -1.053950e+01  5.450000e-01
     vertex  4.631669e+01 -1.170638e+01  5.450000e-01
     vertex  4.626020e+01 -1.161342e+01  5.450000e-01
   endloop
 endfacet
 facet normal  0.000000e+00  0.000000e+00  1.000000e+00
   outer loop
     vertex  4.538246e+01 -1.053950e+01  5.450000e-01
     vertex  3.594196e+01 -1.998000e+01  5.450000e-01
     vertex  4.631669e+01 -1.170638e+01  5.450000e-01
   endloop
 endfacet
 facet normal  0.000000e+00  0.000000e+00  1.000000e+00
   outer loop
     vertex  7.440050e+01 -3.949950e+01  5.450000e-01
     vertex  4.748470e+01 -3.187265e+01  5.450000e-01
     vertex  4.659030e+01 -3.187265e+01  5.450000e-01
   endloop
 endfacet
 facet normal  0.000000e+00  0.000000e+00  1.000000e+00
   outer loop
     vertex  7.440050e+01 -3.949950e+01  5.450000e-01
     vertex  5.251530e+01 -3.187265e+01  5.450000e-01
     vertex  4.748470e+01 -3.187265e+01  5.450000e-01
   endloop
 endfacet
 facet normal  0.000000e+00  0.000000e+00  1.000000e+00
   outer loop
     vertex  7.440050e+01 -3.949950e+01  5.450000e-01
     vertex  4.659030e+01 -3.187265e+01  5.450000e-01
     vertex  5.995000e-01 -3.949950e+01  5.450000e-01
   endloop
 endfacet
 facet normal  0.000000e+00  0.000000e+00  1.000000e+00
   outer loop
     vertex  7.440050e+01 -3.949950e+01  5.450000e-01
     vertex  5.351341e+01 -3.183980e+01  5.450000e-01
     vertex  5.340970e+01 -3.187265e+01  5.450000e-01
   endloop
 endfacet
 facet normal  0.000000e+00  0.000000e+00  1.000000e+00
   outer loop
     vertex  7.440050e+01 -3.949950e+01  5.450000e-01
     vertex  5.360638e+01 -3.178331e+01  5.450000e-01
     vertex  5.351341e+01 -3.183980e+01  5.450000e-01
   endloop
 endfacet
 facet normal  0.000000e+00  0.000000e+00  1.000000e+00
   outer loop
     vertex  7.440050e+01 -3.949950e+01  5.450000e-01
     vertex  5.368331e+01 -3.170638e+01  5.450000e-01
     vertex  5.360638e+01 -3.178331e+01  5.450000e-01
   endloop
 endfacet
 facet normal  0.000000e+00  0.000000e+00  1.000000e+00
   outer loop
     vertex  7.440050e+01 -3.949950e+01  5.450000e-01
     vertex  5.373980e+01 -3.161341e+01  5.450000e-01
     vertex  5.368331e+01 -3.170638e+01  5.450000e-01
   endloop
 endfacet
 facet normal  0.000000e+00  0.000000e+00  1.000000e+00
   outer loop
     vertex  7.440050e+01 -3.949950e+01  5.450000e-01
     vertex  5.340970e+01 -3.187265e+01  5.450000e-01
     vertex  5.251530e+01 -3.187265e+01  5.450000e-01
   endloop
 endfacet
 facet normal  0.000000e+00  0.000000e+00  1.000000e+00
   outer loop
     vertex  4.543698e+01 -1.051172e+01  5.450000e-01
     vertex  4.538246e+01 -1.053950e+01  5.450000e-01
     vertex  4.622736e+01 -1.150970e+01  5.450000e-01
   endloop
 endfacet
 facet normal  0.000000e+00  0.000000e+00  1.000000e+00
   outer loop
     vertex  7.447790e+01 -3.946223e+01  5.450000e-01
     vertex  7.444345e+01 -3.948970e+01  5.450000e-01
     vertex  7.446223e+01 -3.947790e+01  5.450000e-01
   endloop
 endfacet
 facet normal  0.000000e+00  0.000000e+00  1.000000e+00
   outer loop
     vertex  7.447790e+01 -3.946223e+01  5.450000e-01
     vertex  7.442253e+01 -3.949702e+01  5.450000e-01
     vertex  7.444345e+01 -3.948970e+01  5.450000e-01
   endloop
 endfacet
 facet normal  0.000000e+00  0.000000e+00  1.000000e+00
   outer loop
     vertex  7.447790e+01 -3.946223e+01  5.450000e-01
     vertex  7.440050e+01 -3.949950e+01  5.450000e-01
     vertex  7.442253e+01 -3.949702e+01  5.450000e-01
   endloop
 endfacet
 facet normal  0.000000e+00  0.000000e+00  1.000000e+00
   outer loop
     vertex  7.448970e+01 -3.944345e+01  5.450000e-01
     vertex  7.440050e+01 -3.949950e+01  5.450000e-01
     vertex  7.447790e+01 -3.946223e+01  5.450000e-01
   endloop
 endfacet
 facet normal  0.000000e+00  0.000000e+00  1.000000e+00
   outer loop
     vertex  7.449950e+01 -3.940050e+01  5.450000e-01
     vertex  7.448970e+01 -3.944345e+01  5.450000e-01
     vertex  7.449702e+01 -3.942253e+01  5.450000e-01
   endloop
 endfacet
 facet normal  0.000000e+00  0.000000e+00  1.000000e+00
   outer loop
     vertex  7.449950e+01 -3.940050e+01  5.450000e-01
     vertex  7.440050e+01 -3.949950e+01  5.450000e-01
     vertex  7.448970e+01 -3.944345e+01  5.450000e-01
   endloop
 endfacet
 facet normal  0.000000e+00  0.000000e+00  1.000000e+00
   outer loop
     vertex  4.488655e+01 -9.591494e+00  5.450000e-01
     vertex  2.556530e+01 -1.812736e+01  5.450000e-01
     vertex  2.645969e+01 -1.812735e+01  5.450000e-01
   endloop
 endfacet
 facet normal  0.000000e+00  0.000000e+00  1.000000e+00
   outer loop
     vertex  4.488655e+01 -9.591494e+00  5.450000e-01
     vertex  2.645969e+01 -1.812735e+01  5.450000e-01
     vertex  2.656341e+01 -1.816019e+01  5.450000e-01
   endloop
 endfacet
 facet normal  0.000000e+00  0.000000e+00  1.000000e+00
   outer loop
     vertex  4.488655e+01 -9.591494e+00  5.450000e-01
     vertex  5.995000e-01 -5.005000e-01  5.450000e-01
     vertex  2.556530e+01 -1.812736e+01  5.450000e-01
   endloop
 endfacet
 facet normal  0.000000e+00  0.000000e+00  1.000000e+00
   outer loop
     vertex  4.488655e+01 -9.591494e+00  5.450000e-01
     vertex  2.656341e+01 -1.816019e+01  5.450000e-01
     vertex  3.501754e+01 -1.946050e+01  5.450000e-01
   endloop
 endfacet
 facet normal  0.000000e+00  0.000000e+00  1.000000e+00
   outer loop
     vertex  4.748470e+01 -1.187265e+01  5.450000e-01
     vertex  4.748469e+01 -2.812735e+01  5.450000e-01
     vertex  5.251530e+01 -2.812736e+01  5.450000e-01
   endloop
 endfacet
 facet normal  0.000000e+00  0.000000e+00  1.000000e+00
   outer loop
     vertex  4.748470e+01 -1.187265e+01  5.450000e-01
     vertex  4.659030e+01 -1.187265e+01  5.450000e-01
     vertex  4.748469e+01 -2.812735e+01  5.450000e-01
   endloop
 endfacet
 facet normal  0.000000e+00  0.000000e+00  1.000000e+00
   outer loop
     vertex  4.622450e+01 -1.060950e+01  5.450000e-01
     vertex  4.543698e+01 -1.051172e+01  5.450000e-01
     vertex  4.622736e+01 -1.150970e+01  5.450000e-01
   endloop
 endfacet
 facet normal  0.000000e+00  0.000000e+00  1.000000e+00
   outer loop
     vertex  4.612550e+01 -1.051050e+01  5.450000e-01
     vertex  4.543698e+01 -1.051172e+01  5.450000e-01
     vertex  4.622450e+01 -1.060950e+01  5.450000e-01
   endloop
 endfacet
 facet normal  0.000000e+00  0.000000e+00  1.000000e+00
   outer loop
     vertex  4.616845e+01 -1.052030e+01  5.450000e-01
     vertex  4.614753e+01 -1.051298e+01  5.450000e-01
     vertex  4.612550e+01 -1.051050e+01  5.450000e-01
   endloop
 endfacet
 facet normal  0.000000e+00  0.000000e+00  1.000000e+00
   outer loop
     vertex  4.620290e+01 -1.054777e+01  5.450000e-01
     vertex  4.616845e+01 -1.052030e+01  5.450000e-01
     vertex  4.612550e+01 -1.051050e+01  5.450000e-01
   endloop
 endfacet
 facet normal  0.000000e+00  0.000000e+00  1.000000e+00
   outer loop
     vertex  4.620290e+01 -1.054777e+01  5.450000e-01
     vertex  4.618723e+01 -1.053210e+01  5.450000e-01
     vertex  4.616845e+01 -1.052030e+01  5.450000e-01
   endloop
 endfacet
 facet normal  0.000000e+00  0.000000e+00  1.000000e+00
   outer loop
     vertex  4.620290e+01 -1.054777e+01  5.450000e-01
     vertex  4.622202e+01 -1.058747e+01  5.450000e-01
     vertex  4.621470e+01 -1.056655e+01  5.450000e-01
   endloop
 endfacet
 facet normal  0.000000e+00  0.000000e+00  1.000000e+00
   outer loop
     vertex  4.620290e+01 -1.054777e+01  5.450000e-01
     vertex  4.622450e+01 -1.060950e+01  5.450000e-01
     vertex  4.622202e+01 -1.058747e+01  5.450000e-01
   endloop
 endfacet
 facet normal  0.000000e+00  0.000000e+00  1.000000e+00
   outer loop
     vertex  4.620290e+01 -1.054777e+01  5.450000e-01
     vertex  4.612550e+01 -1.051050e+01  5.450000e-01
     vertex  4.622450e+01 -1.060950e+01  5.450000e-01
   endloop
 endfacet
 facet normal  0.000000e+00  0.000000e+00  1.000000e+00
   outer loop
     vertex  4.618723e+01 -9.467902e+00  5.450000e-01
     vertex  4.614753e+01 -9.487018e+00  5.450000e-01
     vertex  4.616845e+01 -9.479696e+00  5.450000e-01
   endloop
 endfacet
 facet normal  0.000000e+00  0.000000e+00  1.000000e+00
   outer loop
     vertex  4.620290e+01 -9.452226e+00  5.450000e-01
     vertex  4.612550e+01 -9.489500e+00  5.450000e-01
     vertex  4.614753e+01 -9.487018e+00  5.450000e-01
   endloop
 endfacet
 facet normal  0.000000e+00  0.000000e+00  1.000000e+00
   outer loop
     vertex  4.620290e+01 -9.452226e+00  5.450000e-01
     vertex  4.614753e+01 -9.487018e+00  5.450000e-01
     vertex  4.618723e+01 -9.467902e+00  5.450000e-01
   endloop
 endfacet
 facet normal  0.000000e+00  0.000000e+00  1.000000e+00
   outer loop
     vertex  4.621470e+01 -9.433455e+00  5.450000e-01
     vertex  4.612550e+01 -9.489500e+00  5.450000e-01
     vertex  4.620290e+01 -9.452226e+00  5.450000e-01
   endloop
 endfacet
 facet normal  0.000000e+00  0.000000e+00  1.000000e+00
   outer loop
     vertex  4.622450e+01 -9.390500e+00  5.450000e-01
     vertex  4.621470e+01 -9.433455e+00  5.450000e-01
     vertex  4.622202e+01 -9.412530e+00  5.450000e-01
   endloop
 endfacet
 facet normal  0.000000e+00  0.000000e+00  1.000000e+00
   outer loop
     vertex  4.622450e+01 -9.390500e+00  5.450000e-01
     vertex  4.612550e+01 -9.489500e+00  5.450000e-01
     vertex  4.621470e+01 -9.433455e+00  5.450000e-01
   endloop
 endfacet
 facet normal  0.000000e+00  0.000000e+00  1.000000e+00
   outer loop
     vertex  4.622735e+01 -8.490305e+00  5.450000e-01
     vertex  4.513279e+01 -9.489500e+00  5.450000e-01
     vertex  4.612550e+01 -9.489500e+00  5.450000e-01
   endloop
 endfacet
 facet normal  0.000000e+00  0.000000e+00  1.000000e+00
   outer loop
     vertex  4.622735e+01 -8.490305e+00  5.450000e-01
     vertex  4.612550e+01 -9.489500e+00  5.450000e-01
     vertex  4.622450e+01 -9.390500e+00  5.450000e-01
   endloop
 endfacet
 facet normal  0.000000e+00  0.000000e+00  1.000000e+00
   outer loop
     vertex  4.626019e+01 -8.386591e+00  5.450000e-01
     vertex  4.500295e+01 -9.524290e+00  5.450000e-01
     vertex  4.513279e+01 -9.489500e+00  5.450000e-01
   endloop
 endfacet
 facet normal  0.000000e+00  0.000000e+00  1.000000e+00
   outer loop
     vertex  4.626019e+01 -8.386591e+00  5.450000e-01
     vertex  4.513279e+01 -9.489500e+00  5.450000e-01
     vertex  4.622735e+01 -8.490305e+00  5.450000e-01
   endloop
 endfacet
 facet normal  0.000000e+00  0.000000e+00  1.000000e+00
   outer loop
     vertex  4.631669e+01 -8.293621e+00  5.450000e-01
     vertex  4.488655e+01 -9.591494e+00  5.450000e-01
     vertex  4.500295e+01 -9.524290e+00  5.450000e-01
   endloop
 endfacet
 facet normal  0.000000e+00  0.000000e+00  1.000000e+00
   outer loop
     vertex  4.631669e+01 -8.293621e+00  5.450000e-01
     vertex  4.500295e+01 -9.524290e+00  5.450000e-01
     vertex  4.626019e+01 -8.386591e+00  5.450000e-01
   endloop
 endfacet
 facet normal  0.000000e+00  0.000000e+00  1.000000e+00
   outer loop
     vertex  4.639361e+01 -8.216694e+00  5.450000e-01
     vertex  4.488655e+01 -9.591494e+00  5.450000e-01
     vertex  4.631669e+01 -8.293621e+00  5.450000e-01
   endloop
 endfacet
 facet normal  0.000000e+00  0.000000e+00  1.000000e+00
   outer loop
     vertex  4.639361e+01 -8.216694e+00  5.450000e-01
     vertex  5.995000e-01 -5.005000e-01  5.450000e-01
     vertex  4.488655e+01 -9.591494e+00  5.450000e-01
   endloop
 endfacet
 facet normal  0.000000e+00  0.000000e+00  1.000000e+00
   outer loop
     vertex  4.648658e+01 -8.160199e+00  5.450000e-01
     vertex  5.995000e-01 -5.005000e-01  5.450000e-01
     vertex  4.639361e+01 -8.216694e+00  5.450000e-01
   endloop
 endfacet
 facet normal  0.000000e+00  0.000000e+00  1.000000e+00
   outer loop
     vertex  5.224169e+01 -1.170638e+01  5.450000e-01
     vertex  4.775831e+01 -1.170638e+01  5.450000e-01
     vertex  4.768138e+01 -1.178331e+01  5.450000e-01
   endloop
 endfacet
 facet normal  0.000000e+00  0.000000e+00  1.000000e+00
   outer loop
     vertex  5.231862e+01 -1.178331e+01  5.450000e-01
     vertex  4.768138e+01 -1.178331e+01  5.450000e-01
     vertex  4.758841e+01 -1.183980e+01  5.450000e-01
   endloop
 endfacet
 facet normal  0.000000e+00  0.000000e+00  1.000000e+00
   outer loop
     vertex  5.231862e+01 -1.178331e+01  5.450000e-01
     vertex  5.224169e+01 -1.170638e+01  5.450000e-01
     vertex  4.768138e+01 -1.178331e+01  5.450000e-01
   endloop
 endfacet
 facet normal  0.000000e+00  0.000000e+00  1.000000e+00
   outer loop
     vertex  5.218520e+01 -1.161342e+01  5.450000e-01
     vertex  4.781480e+01 -1.161341e+01  5.450000e-01
     vertex  4.775831e+01 -1.170638e+01  5.450000e-01
   endloop
 endfacet
 facet normal  0.000000e+00  0.000000e+00  1.000000e+00
   outer loop
     vertex  5.218520e+01 -1.161342e+01  5.450000e-01
     vertex  4.775831e+01 -1.170638e+01  5.450000e-01
     vertex  5.224169e+01 -1.170638e+01  5.450000e-01
   endloop
 endfacet
 facet normal  0.000000e+00  0.000000e+00  1.000000e+00
   outer loop
     vertex  5.241159e+01 -1.183980e+01  5.450000e-01
     vertex  4.758841e+01 -1.183980e+01  5.450000e-01
     vertex  4.748470e+01 -1.187265e+01  5.450000e-01
   endloop
 endfacet
 facet normal  0.000000e+00  0.000000e+00  1.000000e+00
   outer loop
     vertex  5.241159e+01 -1.183980e+01  5.450000e-01
     vertex  5.231862e+01 -1.178331e+01  5.450000e-01
     vertex  4.758841e+01 -1.183980e+01  5.450000e-01
   endloop
 endfacet
 facet normal  0.000000e+00  0.000000e+00  1.000000e+00
   outer loop
     vertex  5.215236e+01 -1.150970e+01  5.450000e-01
     vertex  4.784765e+01 -1.150970e+01  5.450000e-01
     vertex  4.781480e+01 -1.161341e+01  5.450000e-01
   endloop
 endfacet
 facet normal  0.000000e+00  0.000000e+00  1.000000e+00
   outer loop
     vertex  5.215236e+01 -1.150970e+01  5.450000e-01
     vertex  4.781480e+01 -1.161341e+01  5.450000e-01
     vertex  5.218520e+01 -1.161342e+01  5.450000e-01
   endloop
 endfacet
 facet normal  0.000000e+00  0.000000e+00  1.000000e+00
   outer loop
     vertex  5.251530e+01 -1.187265e+01  5.450000e-01
     vertex  5.251530e+01 -2.812736e+01  5.450000e-01
     vertex  5.340969e+01 -2.812735e+01  5.450000e-01
   endloop
 endfacet
 facet normal  0.000000e+00  0.000000e+00  1.000000e+00
   outer loop
     vertex  5.251530e+01 -1.187265e+01  5.450000e-01
     vertex  4.748470e+01 -1.187265e+01  5.450000e-01
     vertex  5.251530e+01 -2.812736e+01  5.450000e-01
   endloop
 endfacet
 facet normal  0.000000e+00  0.000000e+00  1.000000e+00
   outer loop
     vertex  5.251530e+01 -1.187265e+01  5.450000e-01
     vertex  5.241159e+01 -1.183980e+01  5.450000e-01
     vertex  4.748470e+01 -1.187265e+01  5.450000e-01
   endloop
 endfacet
 facet normal  0.000000e+00  0.000000e+00  1.000000e+00
   outer loop
     vertex  5.340970e+01 -1.187265e+01  5.450000e-01
     vertex  5.340969e+01 -2.812735e+01  5.450000e-01
     vertex  5.351341e+01 -2.816019e+01  5.450000e-01
   endloop
 endfacet
 facet normal  0.000000e+00  0.000000e+00  1.000000e+00
   outer loop
     vertex  5.340970e+01 -1.187265e+01  5.450000e-01
     vertex  5.251530e+01 -1.187265e+01  5.450000e-01
     vertex  5.340969e+01 -2.812735e+01  5.450000e-01
   endloop
 endfacet
 facet normal  0.000000e+00  0.000000e+00  1.000000e+00
   outer loop
     vertex  5.351341e+01 -1.183980e+01  5.450000e-01
     vertex  5.351341e+01 -2.816019e+01  5.450000e-01
     vertex  5.360638e+01 -2.821669e+01  5.450000e-01
   endloop
 endfacet
 facet normal  0.000000e+00  0.000000e+00  1.000000e+00
   outer loop
     vertex  5.351341e+01 -1.183980e+01  5.450000e-01
     vertex  5.340970e+01 -1.187265e+01  5.450000e-01
     vertex  5.351341e+01 -2.816019e+01  5.450000e-01
   endloop
 endfacet
 facet normal  0.000000e+00  0.000000e+00  1.000000e+00
   outer loop
     vertex  5.360638e+01 -1.178331e+01  5.450000e-01
     vertex  5.360638e+01 -2.821669e+01  5.450000e-01
     vertex  5.368331e+01 -2.829362e+01  5.450000e-01
   endloop
 endfacet
 facet normal  0.000000e+00  0.000000e+00  1.000000e+00
   outer loop
     vertex  5.360638e+01 -1.178331e+01  5.450000e-01
     vertex  5.351341e+01 -1.183980e+01  5.450000e-01
     vertex  5.360638e+01 -2.821669e+01  5.450000e-01
   endloop
 endfacet
 facet normal  0.000000e+00  0.000000e+00  1.000000e+00
   outer loop
     vertex  5.368331e+01 -1.170638e+01  5.450000e-01
     vertex  5.360638e+01 -1.178331e+01  5.450000e-01
     vertex  5.368331e+01 -2.829362e+01  5.450000e-01
   endloop
 endfacet
 facet normal  0.000000e+00  0.000000e+00  1.000000e+00
   outer loop
     vertex  5.381277e+01 -1.053210e+01  5.450000e-01
     vertex  5.377798e+01 -1.058747e+01  5.450000e-01
     vertex  5.377550e+01 -1.060950e+01  5.450000e-01
   endloop
 endfacet
 facet normal  0.000000e+00  0.000000e+00  1.000000e+00
   outer loop
     vertex  5.381277e+01 -1.053210e+01  5.450000e-01
     vertex  5.378530e+01 -1.056655e+01  5.450000e-01
     vertex  5.377798e+01 -1.058747e+01  5.450000e-01
   endloop
 endfacet
 facet normal  0.000000e+00  0.000000e+00  1.000000e+00
   outer loop
     vertex  5.381277e+01 -1.053210e+01  5.450000e-01
     vertex  5.379710e+01 -1.054777e+01  5.450000e-01
     vertex  5.378530e+01 -1.056655e+01  5.450000e-01
   endloop
 endfacet
 facet normal  0.000000e+00  0.000000e+00  1.000000e+00
   outer loop
     vertex  5.383155e+01 -1.052030e+01  5.450000e-01
     vertex  5.381277e+01 -1.053210e+01  5.450000e-01
     vertex  5.377550e+01 -1.060950e+01  5.450000e-01
   endloop
 endfacet
 facet normal  0.000000e+00  0.000000e+00  1.000000e+00
   outer loop
     vertex  5.385247e+01 -1.051298e+01  5.450000e-01
     vertex  5.383155e+01 -1.052030e+01  5.450000e-01
     vertex  5.377550e+01 -1.060950e+01  5.450000e-01
   endloop
 endfacet
 facet normal  0.000000e+00  0.000000e+00  1.000000e+00
   outer loop
     vertex  5.387450e+01 -1.051050e+01  5.450000e-01
     vertex  5.385247e+01 -1.051298e+01  5.450000e-01
     vertex  5.377550e+01 -1.060950e+01  5.450000e-01
   endloop
 endfacet
 facet normal  0.000000e+00  0.000000e+00  1.000000e+00
   outer loop
     vertex  5.387450e+01 -1.051050e+01  5.450000e-01
     vertex  5.377550e+01 -1.060950e+01  5.450000e-01
     vertex  5.377265e+01 -1.150970e+01  5.450000e-01
   endloop
 endfacet
 facet normal  0.000000e+00  0.000000e+00  1.000000e+00
   outer loop
     vertex  5.215235e+01 -8.490305e+00  5.450000e-01
     vertex  4.784765e+01 -1.150970e+01  5.450000e-01
     vertex  5.215236e+01 -1.150970e+01  5.450000e-01
   endloop
 endfacet
 facet normal  0.000000e+00  0.000000e+00  1.000000e+00
   outer loop
     vertex  5.215235e+01 -8.490305e+00  5.450000e-01
     vertex  4.784765e+01 -8.490301e+00  5.450000e-01
     vertex  4.784765e+01 -1.150970e+01  5.450000e-01
   endloop
 endfacet
 facet normal  0.000000e+00  0.000000e+00  1.000000e+00
   outer loop
     vertex  5.218519e+01 -8.386591e+00  5.450000e-01
     vertex  4.781480e+01 -8.386587e+00  5.450000e-01
     vertex  4.784765e+01 -8.490301e+00  5.450000e-01
   endloop
 endfacet
 facet normal  0.000000e+00  0.000000e+00  1.000000e+00
   outer loop
     vertex  5.218519e+01 -8.386591e+00  5.450000e-01
     vertex  4.784765e+01 -8.490301e+00  5.450000e-01
     vertex  5.215235e+01 -8.490305e+00  5.450000e-01
   endloop
 endfacet
 facet normal  0.000000e+00  0.000000e+00  1.000000e+00
   outer loop
     vertex  7.440050e+01 -3.051050e+01  5.450000e-01
     vertex  5.387450e+01 -3.051050e+01  5.450000e-01
     vertex  5.377265e+01 -3.150970e+01  5.450000e-01
   endloop
 endfacet
 facet normal  0.000000e+00  0.000000e+00  1.000000e+00
   outer loop
     vertex  7.440050e+01 -3.051050e+01  5.450000e-01
     vertex  7.449950e+01 -3.940050e+01  5.450000e-01
     vertex  7.449950e+01 -3.060950e+01  5.450000e-01
   endloop
 endfacet
 facet normal  0.000000e+00  0.000000e+00  1.000000e+00
   outer loop
     vertex  7.440050e+01 -3.051050e+01  5.450000e-01
     vertex  5.373980e+01 -3.161341e+01  5.450000e-01
     vertex  7.440050e+01 -3.949950e+01  5.450000e-01
   endloop
 endfacet
 facet normal  0.000000e+00  0.000000e+00  1.000000e+00
   outer loop
     vertex  7.440050e+01 -3.051050e+01  5.450000e-01
     vertex  7.440050e+01 -3.949950e+01  5.450000e-01
     vertex  7.449950e+01 -3.940050e+01  5.450000e-01
   endloop
 endfacet
 facet normal  0.000000e+00  0.000000e+00  1.000000e+00
   outer loop
     vertex  7.440050e+01 -3.051050e+01  5.450000e-01
     vertex  5.377265e+01 -3.150970e+01  5.450000e-01
     vertex  5.373980e+01 -3.161341e+01  5.450000e-01
   endloop
 endfacet
 facet normal  0.000000e+00  0.000000e+00  1.000000e+00
   outer loop
     vertex  7.449702e+01 -3.058747e+01  5.450000e-01
     vertex  7.440050e+01 -3.051050e+01  5.450000e-01
     vertex  7.449950e+01 -3.060950e+01  5.450000e-01
   endloop
 endfacet
 facet normal  0.000000e+00  0.000000e+00  1.000000e+00
   outer loop
     vertex  7.447790e+01 -3.054777e+01  5.450000e-01
     vertex  7.440050e+01 -3.051050e+01  5.450000e-01
     vertex  7.449702e+01 -3.058747e+01  5.450000e-01
   endloop
 endfacet
 facet normal  0.000000e+00  0.000000e+00  1.000000e+00
   outer loop
     vertex  7.447790e+01 -3.054777e+01  5.450000e-01
     vertex  7.442253e+01 -3.051298e+01  5.450000e-01
     vertex  7.440050e+01 -3.051050e+01  5.450000e-01
   endloop
 endfacet
 facet normal  0.000000e+00  0.000000e+00  1.000000e+00
   outer loop
     vertex  7.447790e+01 -3.054777e+01  5.450000e-01
     vertex  7.444345e+01 -3.052030e+01  5.450000e-01
     vertex  7.442253e+01 -3.051298e+01  5.450000e-01
   endloop
 endfacet
 facet normal  0.000000e+00  0.000000e+00  1.000000e+00
   outer loop
     vertex  7.447790e+01 -3.054777e+01  5.450000e-01
     vertex  7.446223e+01 -3.053210e+01  5.450000e-01
     vertex  7.444345e+01 -3.052030e+01  5.450000e-01
   endloop
 endfacet
 facet normal  0.000000e+00  0.000000e+00  1.000000e+00
   outer loop
     vertex  7.447790e+01 -3.054777e+01  5.450000e-01
     vertex  7.449702e+01 -3.058747e+01  5.450000e-01
     vertex  7.448970e+01 -3.056655e+01  5.450000e-01
   endloop
 endfacet
 facet normal  0.000000e+00  0.000000e+00  1.000000e+00
   outer loop
     vertex  5.224169e+01 -8.293621e+00  5.450000e-01
     vertex  4.781480e+01 -8.386587e+00  5.450000e-01
     vertex  5.218519e+01 -8.386591e+00  5.450000e-01
   endloop
 endfacet
 facet normal  0.000000e+00  0.000000e+00  1.000000e+00
   outer loop
     vertex  5.224169e+01 -8.293621e+00  5.450000e-01
     vertex  4.775831e+01 -8.293616e+00  5.450000e-01
     vertex  4.781480e+01 -8.386587e+00  5.450000e-01
   endloop
 endfacet
 facet normal  0.000000e+00  0.000000e+00  1.000000e+00
   outer loop
     vertex  5.231861e+01 -8.216694e+00  5.450000e-01
     vertex  4.768138e+01 -8.216690e+00  5.450000e-01
     vertex  4.775831e+01 -8.293616e+00  5.450000e-01
   endloop
 endfacet
 facet normal  0.000000e+00  0.000000e+00  1.000000e+00
   outer loop
     vertex  5.231861e+01 -8.216694e+00  5.450000e-01
     vertex  4.775831e+01 -8.293616e+00  5.450000e-01
     vertex  5.224169e+01 -8.293621e+00  5.450000e-01
   endloop
 endfacet
 facet normal  0.000000e+00  0.000000e+00  1.000000e+00
   outer loop
     vertex  5.241158e+01 -8.160199e+00  5.450000e-01
     vertex  4.768138e+01 -8.216690e+00  5.450000e-01
     vertex  5.231861e+01 -8.216694e+00  5.450000e-01
   endloop
 endfacet
 facet normal  0.000000e+00  0.000000e+00  1.000000e+00
   outer loop
     vertex  5.241158e+01 -8.160199e+00  5.450000e-01
     vertex  4.758841e+01 -8.160195e+00  5.450000e-01
     vertex  4.768138e+01 -8.216690e+00  5.450000e-01
   endloop
 endfacet
 facet normal  0.000000e+00  0.000000e+00  1.000000e+00
   outer loop
     vertex  5.383155e+01 -9.479696e+00  5.450000e-01
     vertex  5.379710e+01 -9.452226e+00  5.450000e-01
     vertex  5.381277e+01 -9.467902e+00  5.450000e-01
   endloop
 endfacet
 facet normal  0.000000e+00  0.000000e+00  1.000000e+00
   outer loop
     vertex  5.385247e+01 -9.487018e+00  5.450000e-01
     vertex  5.379710e+01 -9.452226e+00  5.450000e-01
     vertex  5.383155e+01 -9.479696e+00  5.450000e-01
   endloop
 endfacet
 facet normal  0.000000e+00  0.000000e+00  1.000000e+00
   outer loop
     vertex  5.377550e+01 -9.390500e+00  5.450000e-01
     vertex  5.379710e+01 -9.452226e+00  5.450000e-01
     vertex  5.385247e+01 -9.487018e+00  5.450000e-01
   endloop
 endfacet
 facet normal  0.000000e+00  0.000000e+00  1.000000e+00
   outer loop
     vertex  5.377550e+01 -9.390500e+00  5.450000e-01
     vertex  5.385247e+01 -9.487018e+00  5.450000e-01
     vertex  5.387450e+01 -9.489500e+00  5.450000e-01
   endloop
 endfacet
 facet normal  0.000000e+00  0.000000e+00  1.000000e+00
   outer loop
     vertex  5.377550e+01 -9.390500e+00  5.450000e-01
     vertex  5.378530e+01 -9.433455e+00  5.450000e-01
     vertex  5.379710e+01 -9.452226e+00  5.450000e-01
   endloop
 endfacet
 facet normal  0.000000e+00  0.000000e+00  1.000000e+00
   outer loop
     vertex  5.377550e+01 -9.390500e+00  5.450000e-01
     vertex  5.377798e+01 -9.412530e+00  5.450000e-01
     vertex  5.378530e+01 -9.433455e+00  5.450000e-01
   endloop
 endfacet
 facet normal  0.000000e+00  0.000000e+00  1.000000e+00
   outer loop
     vertex  5.251530e+01 -8.127355e+00  5.450000e-01
     vertex  4.748469e+01 -8.127353e+00  5.450000e-01
     vertex  4.758841e+01 -8.160195e+00  5.450000e-01
   endloop
 endfacet
 facet normal  0.000000e+00  0.000000e+00  1.000000e+00
   outer loop
     vertex  5.251530e+01 -8.127355e+00  5.450000e-01
     vertex  4.758841e+01 -8.160195e+00  5.450000e-01
     vertex  5.241158e+01 -8.160199e+00  5.450000e-01
   endloop
 endfacet
 facet normal  0.000000e+00  0.000000e+00  1.000000e+00
   outer loop
     vertex  7.440050e+01 -2.948950e+01  5.450000e-01
     vertex  5.373980e+01 -2.838659e+01  5.450000e-01
     vertex  5.377265e+01 -2.849030e+01  5.450000e-01
   endloop
 endfacet
 facet normal  0.000000e+00  0.000000e+00  1.000000e+00
   outer loop
     vertex  7.440050e+01 -2.948950e+01  5.450000e-01
     vertex  5.368331e+01 -2.829362e+01  5.450000e-01
     vertex  5.373980e+01 -2.838659e+01  5.450000e-01
   endloop
 endfacet
 facet normal  0.000000e+00  0.000000e+00  1.000000e+00
   outer loop
     vertex  7.440050e+01 -2.948950e+01  5.450000e-01
     vertex  5.377265e+01 -2.849030e+01  5.450000e-01
     vertex  5.387450e+01 -2.948950e+01  5.450000e-01
   endloop
 endfacet
 facet normal  0.000000e+00  0.000000e+00  1.000000e+00
   outer loop
     vertex  7.440050e+01 -2.948950e+01  5.450000e-01
     vertex  5.368331e+01 -1.170638e+01  5.450000e-01
     vertex  5.368331e+01 -2.829362e+01  5.450000e-01
   endloop
 endfacet
 facet normal  0.000000e+00  0.000000e+00  1.000000e+00
   outer loop
     vertex  7.444345e+01 -2.947970e+01  5.450000e-01
     vertex  7.440050e+01 -2.948950e+01  5.450000e-01
     vertex  7.442253e+01 -2.948702e+01  5.450000e-01
   endloop
 endfacet
 facet normal  0.000000e+00  0.000000e+00  1.000000e+00
   outer loop
     vertex  7.447790e+01 -2.945223e+01  5.450000e-01
     vertex  7.444345e+01 -2.947970e+01  5.450000e-01
     vertex  7.446223e+01 -2.946790e+01  5.450000e-01
   endloop
 endfacet
 facet normal  0.000000e+00  0.000000e+00  1.000000e+00
   outer loop
     vertex  7.447790e+01 -2.945223e+01  5.450000e-01
     vertex  7.440050e+01 -2.948950e+01  5.450000e-01
     vertex  7.444345e+01 -2.947970e+01  5.450000e-01
   endloop
 endfacet
 facet normal  0.000000e+00  0.000000e+00  1.000000e+00
   outer loop
     vertex  7.448970e+01 -2.943345e+01  5.450000e-01
     vertex  7.440050e+01 -2.948950e+01  5.450000e-01
     vertex  7.447790e+01 -2.945223e+01  5.450000e-01
   endloop
 endfacet
 facet normal  0.000000e+00  0.000000e+00  1.000000e+00
   outer loop
     vertex  7.449702e+01 -2.941253e+01  5.450000e-01
     vertex  7.440050e+01 -2.948950e+01  5.450000e-01
     vertex  7.448970e+01 -2.943345e+01  5.450000e-01
   endloop
 endfacet
 facet normal  0.000000e+00  0.000000e+00  1.000000e+00
   outer loop
     vertex  7.449950e+01 -2.939050e+01  5.450000e-01
     vertex  7.440050e+01 -2.948950e+01  5.450000e-01
     vertex  7.449702e+01 -2.941253e+01  5.450000e-01
   endloop
 endfacet
 facet normal  0.000000e+00  0.000000e+00  1.000000e+00
   outer loop
     vertex  5.377265e+01 -8.490301e+00  5.450000e-01
     vertex  5.377550e+01 -9.390500e+00  5.450000e-01
     vertex  5.387450e+01 -9.489500e+00  5.450000e-01
   endloop
 endfacet
 facet normal  0.000000e+00  0.000000e+00  1.000000e+00
   outer loop
     vertex  7.440050e+01 -1.051050e+01  5.450000e-01
     vertex  5.368331e+01 -1.170638e+01  5.450000e-01
     vertex  7.440050e+01 -2.948950e+01  5.450000e-01
   endloop
 endfacet
 facet normal  0.000000e+00  0.000000e+00  1.000000e+00
   outer loop
     vertex  7.440050e+01 -1.051050e+01  5.450000e-01
     vertex  7.449950e+01 -2.939050e+01  5.450000e-01
     vertex  7.449950e+01 -1.060950e+01  5.450000e-01
   endloop
 endfacet
 facet normal  0.000000e+00  0.000000e+00  1.000000e+00
   outer loop
     vertex  7.440050e+01 -1.051050e+01  5.450000e-01
     vertex  5.373980e+01 -1.161341e+01  5.450000e-01
     vertex  5.368331e+01 -1.170638e+01  5.450000e-01
   endloop
 endfacet
 facet normal  0.000000e+00  0.000000e+00  1.000000e+00
   outer loop
     vertex  7.440050e+01 -1.051050e+01  5.450000e-01
     vertex  5.377265e+01 -1.150970e+01  5.450000e-01
     vertex  5.373980e+01 -1.161341e+01  5.450000e-01
   endloop
 endfacet
 facet normal  0.000000e+00  0.000000e+00  1.000000e+00
   outer loop
     vertex  7.440050e+01 -1.051050e+01  5.450000e-01
     vertex  7.440050e+01 -2.948950e+01  5.450000e-01
     vertex  7.449950e+01 -2.939050e+01  5.450000e-01
   endloop
 endfacet
 facet normal  0.000000e+00  0.000000e+00  1.000000e+00
   outer loop
     vertex  7.440050e+01 -1.051050e+01  5.450000e-01
     vertex  5.387450e+01 -1.051050e+01  5.450000e-01
     vertex  5.377265e+01 -1.150970e+01  5.450000e-01
   endloop
 endfacet
 facet normal  0.000000e+00  0.000000e+00  1.000000e+00
   outer loop
     vertex  7.448970e+01 -1.056655e+01  5.450000e-01
     vertex  7.449950e+01 -1.060950e+01  5.450000e-01
     vertex  7.449702e+01 -1.058747e+01  5.450000e-01
   endloop
 endfacet
 facet normal  0.000000e+00  0.000000e+00  1.000000e+00
   outer loop
     vertex  7.448970e+01 -1.056655e+01  5.450000e-01
     vertex  7.440050e+01 -1.051050e+01  5.450000e-01
     vertex  7.449950e+01 -1.060950e+01  5.450000e-01
   endloop
 endfacet
 facet normal  0.000000e+00  0.000000e+00  1.000000e+00
   outer loop
     vertex  7.446223e+01 -1.053210e+01  5.450000e-01
     vertex  7.444345e+01 -1.052030e+01  5.450000e-01
     vertex  7.442253e+01 -1.051298e+01  5.450000e-01
   endloop
 endfacet
 facet normal  0.000000e+00  0.000000e+00  1.000000e+00
   outer loop
     vertex  7.447790e+01 -1.054777e+01  5.450000e-01
     vertex  7.442253e+01 -1.051298e+01  5.450000e-01
     vertex  7.440050e+01 -1.051050e+01  5.450000e-01
   endloop
 endfacet
 facet normal  0.000000e+00  0.000000e+00  1.000000e+00
   outer loop
     vertex  7.447790e+01 -1.054777e+01  5.450000e-01
     vertex  7.446223e+01 -1.053210e+01  5.450000e-01
     vertex  7.442253e+01 -1.051298e+01  5.450000e-01
   endloop
 endfacet
 facet normal  0.000000e+00  0.000000e+00  1.000000e+00
   outer loop
     vertex  7.447790e+01 -1.054777e+01  5.450000e-01
     vertex  7.440050e+01 -1.051050e+01  5.450000e-01
     vertex  7.448970e+01 -1.056655e+01  5.450000e-01
   endloop
 endfacet
 facet normal  0.000000e+00  0.000000e+00  1.000000e+00
   outer loop
     vertex  7.440050e+01 -9.489500e+00  5.450000e-01
     vertex  5.377265e+01 -8.490301e+00  5.450000e-01
     vertex  5.387450e+01 -9.489500e+00  5.450000e-01
   endloop
 endfacet
 facet normal  0.000000e+00  0.000000e+00  1.000000e+00
   outer loop
     vertex  7.440050e+01 -9.489500e+00  5.450000e-01
     vertex  5.373980e+01 -8.386587e+00  5.450000e-01
     vertex  5.377265e+01 -8.490301e+00  5.450000e-01
   endloop
 endfacet
 facet normal  0.000000e+00  0.000000e+00  1.000000e+00
   outer loop
     vertex  7.446223e+01 -9.467902e+00  5.450000e-01
     vertex  7.442253e+01 -9.487018e+00  5.450000e-01
     vertex  7.444345e+01 -9.479696e+00  5.450000e-01
   endloop
 endfacet
 facet normal  0.000000e+00  0.000000e+00  1.000000e+00
   outer loop
     vertex  7.447790e+01 -9.452226e+00  5.450000e-01
     vertex  7.440050e+01 -9.489500e+00  5.450000e-01
     vertex  7.442253e+01 -9.487018e+00  5.450000e-01
   endloop
 endfacet
 facet normal  0.000000e+00  0.000000e+00  1.000000e+00
   outer loop
     vertex  7.447790e+01 -9.452226e+00  5.450000e-01
     vertex  7.442253e+01 -9.487018e+00  5.450000e-01
     vertex  7.446223e+01 -9.467902e+00  5.450000e-01
   endloop
 endfacet
 facet normal  0.000000e+00  0.000000e+00  1.000000e+00
   outer loop
     vertex  7.449950e+01 -9.390500e+00  5.450000e-01
     vertex  7.448970e+01 -9.433455e+00  5.450000e-01
     vertex  7.449702e+01 -9.412530e+00  5.450000e-01
   endloop
 endfacet
 facet normal  0.000000e+00  0.000000e+00  1.000000e+00
   outer loop
     vertex  7.449950e+01 -9.390500e+00  5.450000e-01
     vertex  7.447790e+01 -9.452226e+00  5.450000e-01
     vertex  7.448970e+01 -9.433455e+00  5.450000e-01
   endloop
 endfacet
 facet normal  0.000000e+00  0.000000e+00  1.000000e+00
   outer loop
     vertex  7.449950e+01 -9.390500e+00  5.450000e-01
     vertex  7.440050e+01 -9.489500e+00  5.450000e-01
     vertex  7.447790e+01 -9.452226e+00  5.450000e-01
   endloop
 endfacet
 facet normal  0.000000e+00  0.000000e+00  1.000000e+00
   outer loop
     vertex  7.440050e+01 -5.005000e-01  5.450000e-01
     vertex  5.373980e+01 -8.386587e+00  5.450000e-01
     vertex  7.440050e+01 -9.489500e+00  5.450000e-01
   endloop
 endfacet
 facet normal  0.000000e+00  0.000000e+00  1.000000e+00
   outer loop
     vertex  7.440050e+01 -5.005000e-01  5.450000e-01
     vertex  5.251530e+01 -8.127355e+00  5.450000e-01
     vertex  5.340969e+01 -8.127353e+00  5.450000e-01
   endloop
 endfacet
 facet normal  0.000000e+00  0.000000e+00  1.000000e+00
   outer loop
     vertex  7.440050e+01 -5.005000e-01  5.450000e-01
     vertex  5.368331e+01 -8.293616e+00  5.450000e-01
     vertex  5.373980e+01 -8.386587e+00  5.450000e-01
   endloop
 endfacet
 facet normal  0.000000e+00  0.000000e+00  1.000000e+00
   outer loop
     vertex  7.440050e+01 -5.005000e-01  5.450000e-01
     vertex  5.360638e+01 -8.216690e+00  5.450000e-01
     vertex  5.368331e+01 -8.293616e+00  5.450000e-01
   endloop
 endfacet
 facet normal  0.000000e+00  0.000000e+00  1.000000e+00
   outer loop
     vertex  7.440050e+01 -5.005000e-01  5.450000e-01
     vertex  5.351341e+01 -8.160195e+00  5.450000e-01
     vertex  5.360638e+01 -8.216690e+00  5.450000e-01
   endloop
 endfacet
 facet normal  0.000000e+00  0.000000e+00  1.000000e+00
   outer loop
     vertex  7.440050e+01 -5.005000e-01  5.450000e-01
     vertex  5.340969e+01 -8.127353e+00  5.450000e-01
     vertex  5.351341e+01 -8.160195e+00  5.450000e-01
   endloop
 endfacet
 facet normal  0.000000e+00  0.000000e+00  1.000000e+00
   outer loop
     vertex  7.440050e+01 -5.005000e-01  5.450000e-01
     vertex  7.449950e+01 -9.390500e+00  5.450000e-01
     vertex  7.449950e+01 -5.995000e-01  5.450000e-01
   endloop
 endfacet
 facet normal  0.000000e+00  0.000000e+00  1.000000e+00
   outer loop
     vertex  7.440050e+01 -5.005000e-01  5.450000e-01
     vertex  7.440050e+01 -9.489500e+00  5.450000e-01
     vertex  7.449950e+01 -9.390500e+00  5.450000e-01
   endloop
 endfacet
 facet normal  0.000000e+00  0.000000e+00  1.000000e+00
   outer loop
     vertex  7.444345e+01 -5.103038e-01  5.450000e-01
     vertex  7.440050e+01 -5.005000e-01  5.450000e-01
     vertex  7.449950e+01 -5.995000e-01  5.450000e-01
   endloop
 endfacet
 facet normal  0.000000e+00  0.000000e+00  1.000000e+00
   outer loop
     vertex  7.444345e+01 -5.103038e-01  5.450000e-01
     vertex  7.442253e+01 -5.029819e-01  5.450000e-01
     vertex  7.440050e+01 -5.005000e-01  5.450000e-01
   endloop
 endfacet
 facet normal  0.000000e+00  0.000000e+00  1.000000e+00
   outer loop
     vertex  7.447790e+01 -5.377742e-01  5.450000e-01
     vertex  7.444345e+01 -5.103038e-01  5.450000e-01
     vertex  7.449950e+01 -5.995000e-01  5.450000e-01
   endloop
 endfacet
 facet normal  0.000000e+00  0.000000e+00  1.000000e+00
   outer loop
     vertex  7.447790e+01 -5.377742e-01  5.450000e-01
     vertex  7.446223e+01 -5.220984e-01  5.450000e-01
     vertex  7.444345e+01 -5.103038e-01  5.450000e-01
   endloop
 endfacet
 facet normal  0.000000e+00  0.000000e+00  1.000000e+00
   outer loop
     vertex  7.447790e+01 -5.377742e-01  5.450000e-01
     vertex  7.449702e+01 -5.774703e-01  5.450000e-01
     vertex  7.448970e+01 -5.565453e-01  5.450000e-01
   endloop
 endfacet
 facet normal  0.000000e+00  0.000000e+00  1.000000e+00
   outer loop
     vertex  7.447790e+01 -5.377742e-01  5.450000e-01
     vertex  7.449950e+01 -5.995000e-01  5.450000e-01
     vertex  7.449702e+01 -5.774703e-01  5.450000e-01
   endloop
 endfacet
 facet normal  0.000000e+00  0.000000e+00  1.000000e+00
   outer loop
     vertex  7.440050e+01 -5.005000e-01  5.450000e-01
     vertex  5.995000e-01 -5.005000e-01  5.450000e-01
     vertex  4.748469e+01 -8.127353e+00  5.450000e-01
   endloop
 endfacet
 facet normal  0.000000e+00  0.000000e+00  1.000000e+00
   outer loop
     vertex  4.748469e+01 -8.127353e+00  5.450000e-01
     vertex  5.995000e-01 -5.005000e-01  5.450000e-01
     vertex  4.659030e+01 -8.127355e+00  5.450000e-01
   endloop
 endfacet
 facet normal  0.000000e+00  0.000000e+00  1.000000e+00
   outer loop
     vertex  4.659030e+01 -8.127355e+00  5.450000e-01
     vertex  5.995000e-01 -5.005000e-01  5.450000e-01
     vertex  4.648658e+01 -8.160199e+00  5.450000e-01
   endloop
 endfacet
 facet normal  0.000000e+00  0.000000e+00  1.000000e+00
   outer loop
     vertex  7.440050e+01 -5.005000e-01  5.450000e-01
     vertex  4.748469e+01 -8.127353e+00  5.450000e-01
     vertex  5.251530e+01 -8.127355e+00  5.450000e-01
   endloop
 endfacet
endsolid
